Workbook

Sheet IFCポータル_概算見積（内部用）
A1: IFC生産委託ポータル 下請法対応概算見積 | Y1: 人日 | AE1: 人月 | AK1: 工程別作業工数合算
I2: 人日 | Q2: 人月 | Y2: 開発 | Z2: 50000 | AA2: 管理 | AB2: 70000 | AE2: 開発 | AF2: 1000000 | AG2: 管理 | AH2: 1400000 | AK2: 人日 | AS2: 人月
A3: No. | B3: 案件名 | C3: 完成希望日 | D3: 内容 | E3: 改修内容 | F3: 概算工数 開発工数内訳（人日） | G3: 概算工数 開発工数（人日） | H3: 管理工数込み（人日） | I3: 調査・設計 | J3: PG | K3: IT | L3: ST | M3: UAT | N3: リリース | O3: 合計 | Q3: 調査・設計 | R3: PG | S3: IT | T3: ST | U3: UAT | V3: リリース | W3: 合計 | X3: 備考 | Y3: 人日 | Z3: 金額 | AA3: 人日 | AB3: 金額 | AC3: 合計金額 | AE3: 人月 | AF3: 金額 | AG3: 人月 | AH3: 金額 | AI3: 合計金額 | AK3: 調査・設計 | AL3: PG | AM3: IT | AN3: ST | AO3: UAT | AP3: リリース | AQ3: 合計 | AS3: 調査・設計 | AT3: PG | AU3: IT | AV3: ST | AW3: UAT | AX3: リリース | AY3: 合計
A4: 1 | B4: 下請法対応概算見積 | C4: 45808 | D4: 下請法対応機能を追加する。 （自動連携） | E4: 【生産状況確認表】 項目追加 ・子画面表示ボタン項目を追加する 表示制御 ・所属、権限により表示制御する 【下請法項目表示子画面】 ・下請法項目表示用子画面作成。要Excel出力ボタン 【下請法項目出力帳票】 ・下請法項目出力用帳票作成。Excelフォーマット 【下請法連携】 バッチ ・KIS四カ月見込システム間のCSV連携バッチを追加 自動連携 ・下請法連携バッチを定期実行するジョブを設定 【操作マニュアル】 ・下請法対応についてマニュアル記載（IFC・委託先） ※Excelレイアウト決定・・・4月中期限 ※連携NAS・・・開発完了までに情報決定 | F4: =O4 -> 25.5 | G4: 20 | H4: =Y4+AA4 -> 30.6 | I4: 6 | J4: 8 | K4: 4.5 | L4: 3 | M4: 2 | N4: 2 | O4: =SUM(I4:N4) -> 25.5 | Q4: =ROUNDUP(I4/20,3) -> 0.3 | R4: =ROUNDUP(J4/20,3) -> 0.4 | S4: =ROUNDUP(L4/20,3) -> 0.15 | T4: =ROUNDUP(L4/20,3) -> 0.15 | U4: =ROUNDUP(M4/20,3) -> 0.1 | V4: =ROUNDUP(N4/20,3) -> 0.1 | W4: =ROUNDUP(O4/20,3) -> 1.275 | Y4: =O4 -> 25.5 | Z4: =Y4*$Z$2 -> 1275000 | AA4: =ROUNDUP(Y4*0.2,2) -> 5.1 | AB4: =ROUNDUP(AA4*$AB$2,-3) -> 357000 | AC4: =SUM(Z4,AB4) -> 1632000 | AE4: =W4 -> 1.275 | AF4: =AE4*$AF$2 -> 1275000 | AG4: =ROUNDUP(AE4*0.2,3) -> 0.255 | AH4: =AG4*$AH$2 -> 357000 | AI4: =ROUNDUP(SUM(AF4,AH4),-3) -> 1632000 | AK4: =SUM(I4:I5) -> 11.5 | AL4: =SUM(J4:J5) -> 13 | AM4: =SUM(K4:K5) -> 8.5 | AN4: =SUM(L4:L5) -> 5 | AO4: =SUM(M4:M5) -> 4 | AP4: =SUM(N4:N5) -> 4 | AQ4: =SUM(O4:O5) -> 46 | AS4: =SUM(Q4:Q5) -> 0.575 | AT4: =SUM(R4:R5) -> 0.65 | AU4: =SUM(S4:S5) -> 0.25 | AV4: =SUM(T4:T5) -> 0.25 | AW4: =SUM(U4:U5) -> 0.2 | AX4: =SUM(V4:V5) -> 0.2 | AY4: =SUM(W4:W5) -> 2.3
A5: 2 | B5: 下請法対応概算見積 | C5: 45808 | D5: 下請法対応機能を追加する。 （手動連携） | E5: 【生産状況確認表】 項目追加 ・子画面表示ボタン項目を追加する 表示制御 ・所属、権限により表示制御する 【下請法項目表示子画面】 ・下請法項目表示用子画面作成。要Excel出力ボタン 【下請法項目出力帳票】 ・下請法項目出力用帳票作成。Excelフォーマット 【下請法連携】 アップロードボタン ・自動連携を実装しない場合、ファイルを選択し連携する バッチ ・KIS四カ月見込システム間のCSV連携バッチを追加 【操作マニュアル】 ・下請法対応についてマニュアル記載（IFC・委託先） ※Excelレイアウト決定・・・4月中期限 ※連携NAS・・・開発完了までに情報決定 | F5: =O5 -> 20.5 | G5: 17 | H5: =Y5+AA5 -> 24.6 | I5: 5.5 | J5: 5 | K5: 4 | L5: 2 | M5: 2 | N5: 2 | O5: =SUM(I5:N5) -> 20.5 | Q5: =ROUNDUP(I5/20,3) -> 0.275 | R5: =ROUNDUP(J5/20,3) -> 0.25 | S5: =ROUNDUP(L5/20,3) -> 0.1 | T5: =ROUNDUP(L5/20,3) -> 0.1 | U5: =ROUNDUP(M5/20,3) -> 0.1 | V5: =ROUNDUP(N5/20,3) -> 0.1 | W5: =ROUNDUP(O5/20,3) -> 1.025 | Y5: =O5 -> 20.5 | Z5: =Y5*$Z$2 -> 1025000 | AA5: =ROUNDUP(Y5*0.2,2) -> 4.1 | AB5: =ROUNDUP(AA5*$AB$2,-3) -> 287000 | AC5: =SUM(Z5,AB5) -> 1312000 | AE5: =W5 -> 1.025 | AF5: =AE5*$AF$2 -> 1025000 | AG5: =ROUNDUP(AE5*0.2,3) -> 0.205 | AH5: =AG5*$AH$2 -> 287000 | AI5: =ROUNDUP(SUM(AF5,AH5),-3) -> 1312000
A6: 見積の前提条件
B8: 改修案件について、初期流動工数は含まれておりません。なお、問い合わせ対応は保守工数で処理する想定です。
B9: 費用は開発業務と管理業務別々に算出しております。
B10: 作業は弊社千葉事業所（在宅勤務を含む）で行うことを前提としています。
B11: 遠隔地での作業が発生した場合、工数を変更する可能性があります。
B12: 遠隔地での作業が発生した場合は、交通費や宿泊費等の必要経費を別途請求させていただきます。
B13: 見積もりの工数にはハードウェアやミドルウェア等にかかる費用は含まれておりません。
B14: リリース作業は2名で対応いたします。なお、連携NASの準備は見積もりに含まれません。
B15: プロジェクト期間は1.5か月から2か月を想定しています。<例>5月開始の場合は、6月後半にリリースを予定しております。
B16: 5月開始をご希望される場合は、契約を4月23日までに締結できるようご協力をお願いいたします。
B17: 上記の対応が難しい場合、5月以降に現在の担当者の空きが発生し、別案件対応をお願いする可能性がございます。この場合、ご希望のタイミングでの案件開始が難しくなる場合がありますので、ご了承ください。

Sheet IFCポータル_概算見積（顧客提出用）
A1: IFC生産委託ポータル 下請法対応概算見積
A2: No. | B2: 案件名 | C2: 内容 | D2: 改修内容 | E2: 合計金額
A3: ='IFCポータル_概算見積（内部用）'!A4 -> 1 | B3: ='IFCポータル_概算見積（内部用）'!B4 -> 下請法対応概算見積 | C3: ='IFCポータル_概算見積（内部用）'!D4 -> 下請法対応機能を追加する。 （自動連携） | D3: 【生産状況確認表】 項目追加 ・子画面表示ボタン項目を追加する 表示制御 ・所属、権限により表示制御する 【下請法項目表示子画面】 ・下請法項目表示用子画面作成。要Excel出力ボタン 【下請法項目出力帳票】 ・下請法項目出力用帳票作成。Excelフォーマット 【下請法連携】 バッチ ・KIS四カ月見込システム間のCSV連携バッチを追加 自動連携 ・下請法連携バッチを定期実行するジョブを設定 【操作マニュアル】 ・下請法対応についてマニュアル記載（IFC・委託先） ※Excelレイアウト決定・・・4月中期限 ※連携NAS・・・開発完了までに情報決定 | E3: ='IFCポータル_概算見積（内部用）'!AC4 -> 1632000
A4: ='IFCポータル_概算見積（内部用）'!A5 -> 2 | B4: ='IFCポータル_概算見積（内部用）'!B5 -> 下請法対応概算見積 | C4: ='IFCポータル_概算見積（内部用）'!D5 -> 下請法対応機能を追加する。 （手動連携） | D4: 【生産状況確認表】 項目追加 ・子画面表示ボタン項目を追加する 表示制御 ・所属、権限により表示制御する 【下請法項目表示子画面】 ・下請法項目表示用子画面作成。要Excel出力ボタン 【下請法項目出力帳票】 ・下請法項目出力用帳票作成。Excelフォーマット 【下請法連携】 アップロードボタン ・自動連携を実装しない場合、ファイルを選択し連携する バッチ ・KIS四カ月見込システム間のCSV連携バッチを追加 【操作マニュアル】 ・下請法対応についてマニュアル記載（IFC・委託先） ※Excelレイアウト決定・・・4月中期限 ※連携NAS・・・開発完了までに情報決定 | E4: ='IFCポータル_概算見積（内部用）'!AC5 -> 1312000
A7: 見積の前提条件
B9: リリース工数、初期流動工数を含んでおります。
B10: 費用は開発業務と管理業務で算出しております。
B11: 弊社千葉事業所（在宅勤務を含む）での作業を前提としております。現地等遠隔地での作業が発生する場合は、工数を変更する場合があります。
B12: 現地等遠隔地での作業が発生した場合は、交通費・宿泊費等の必要経費を別途ご請求させて頂きます。
B13: 見積の工数には、ハードウェア・ミドルウェア等にかかる費用は含まれておりません。
B14: リリース作業は2人対応といたします。
B15: 連携NASの準備は見積に含まれません。
B16: 5月中のリリースをご希望される場合、ご契約：4/9、プロジェクト開始：4/14が必須条件となります。
B17: ※上記が対応できない場合、5月の体制が構築できない可能性がございまずのでご了承ください。

Sheet スケジュール概算
N1: (人日) | S1: 2025
A2: No. | B2: 案件名 | C2: 内容 | D2: 完成希望日 | E2: 調査・設計 | F2: PG | G2: IT | H2: ST | I2: UAT | J2: リリース | K2: 小計 | L2: 合計 | M2: 管理工数込み | O2: 着手 | P2: リリース | S2: 45748 | T2: 45749 | U2: 45750 | V2: 45751 | W2: 45752 | X2: 45753 | Y2: 45754 | Z2: 45755 | AA2: 45756 | AB2: 45757 | AC2: 45758 | AD2: 45759 | AE2: 45760 | AF2: 45761 | AG2: 45762 | AH2: 45763 | AI2: 45764 | AJ2: 45765 | AK2: 45766 | AL2: 45767 | AM2: 45768 | AN2: 45769 | AO2: 45770 | AP2: 45771 | AQ2: 45772 | AR2: 45773 | AS2: 45774 | AT2: 45775 | AU2: 45776 | AV2: 45777 | AW2: 45778 | AX2: 45779 | AY2: 45780 | AZ2: 45781 | BA2: 45782 | BB2: 45783 | BC2: 45784 | BD2: 45785 | BE2: 45786 | BF2: 45787 | BG2: 45788 | BH2: 45789 | BI2: 45790 | BJ2: 45791 | BK2: 45792 | BL2: 45793 | BM2: 45794 | BN2: 45795 | BO2: 45796 | BP2: 45797 | BQ2: 45798 | BR2: 45799 | BS2: 45800 | BT2: 45801 | BU2: 45802 | BV2: 45803 | BW2: 45804 | BX2: 45805 | BY2: 45806 | BZ2: 45807 | CA2: 45808 | CB2: 45809 | CC2: 45810 | CD2: 45811 | CE2: 45812 | CF2: 45813
A3: ='IFCポータル_概算見積（内部用）'!A4 -> 1 | B3: ='IFCポータル_概算見積（内部用）'!B4 -> 下請法対応概算見積 | C3: ='IFCポータル_概算見積（内部用）'!D4 -> 下請法対応機能を追加する。 （自動連携） | D3: 45808 | E3: ='IFCポータル_概算見積（内部用）'!I4 -> 6 | F3: ='IFCポータル_概算見積（内部用）'!J4 -> 8 | G3: ='IFCポータル_概算見積（内部用）'!K4 -> 4.5 | H3: ='IFCポータル_概算見積（内部用）'!L4 -> 3 | I3: ='IFCポータル_概算見積（内部用）'!M4 -> 2 | J3: ='IFCポータル_概算見積（内部用）'!N4 -> 2 | K3: ='IFCポータル_概算見積（内部用）'!F4 -> 25.5 | L3: =K3 -> 25.5 | M3: ='IFCポータル_概算見積（内部用）'!H4 -> 30.6 | O3: 45761 | P3: 45807 | Q3: 調査・設計 | R3: =E3 -> 6
Q4: PG | R4: =F3 -> 8
Q5: IT | R5: =G3 -> 4.5
A6: 体制 | Q6: ST | R6: =H3 -> 3
B7: PM | C7: 髙橋裕輔 | Q7: UAT | R7: =I3 -> 2
B8: SE | Q8: リリース | R8: =J3 -> 2
O9: 4月は0.5人月換算、5月は1人月換算 | AA9: 契約 | AF9: PJ開始
