Workbook

Sheet MES_概算御見積（内部用）
A1: 2025年度 MESシステム改修 御見積 | AA1: 人日 | AG1: 人月 | AM1: 工程別作業工数合算
A2: ※リリース作業は2人対応とする | K2: 人日 | S2: 人月 | AA2: 開発 | AB2: 50000 | AC2: 管理 | AD2: 70000 | AG2: 開発 | AH2: 1000000 | AI2: 管理 | AJ2: 1400000 | AM2: 人日 | AU2: 人月
A3: No. | B3: 工場 | C3: 案件名 | D3: 完成希望日 | E3: 開発目的 | F3: 内容 | G3: 改修内容 | H3: 概算工数 開発工数内訳（人日） | I3: 概算工数 開発工数（人日） | J3: 管理工数込み（人日） | K3: 調査・設計 | L3: PG | M3: IT | N3: ST | O3: OT | P3: リリース | Q3: 合計 | S3: 調査・設計 | T3: PGPT | U3: IT | V3: ST | W3: OT | X3: リリース | Y3: 合計 | Z3: 備考 | AA3: 人日 | AB3: 金額 | AC3: 人日 | AD3: 金額 | AE3: 合計金額 | AG3: 人月 | AH3: 金額 | AI3: 人月 | AJ3: 金額 | AK3: 合計金額 | AM3: 調査・設計 | AN3: PGPT | AO3: IT | AP3: ST | AQ3: OT | AR3: リリース | AS3: 合計 | AU3: 調査・設計 | AV3: PGPT | AW3: IT | AX3: ST | AY3: OT | AZ3: リリース | BA3: 合計
A4: 1 | B4: 千葉工場 製造二課 | C4: 品質記録表のMES入力化 | D4: 46022 | E4: 品質記録表記載事項を直接PCからMESへ入力し、製造記録と紐づけをして管理を行いたい | F4: 品質記録記載事項をMESへ入力したい | G4: ■PG改修 ・インフレ品質記録画面作成（製造実績一覧画面にボタンを配置し遷移可能とする） ・検索項目を設ける。製造実績一覧画面の検索条件と同様。 ・CSV出力機能を設ける。 | H4: =Q4 -> 29 | I4: =SUM(H4:H10) -> 279 | J4: =AA4+AC4 -> 33.35 | K4: 4 | L4: 13 | M4: 4 | N4: 4 | O4: 2 | P4: 2 | Q4: =SUM(K4:P4) -> 29 | S4: =ROUNDUP(K4/20,3) -> 0.2 | T4: =ROUNDUP(L4/20,3) -> 0.65 | U4: =ROUNDUP(N4/20,3) -> 0.2 | V4: =ROUNDUP(N4/20,3) -> 0.2 | W4: =ROUNDUP(O4/20,3) -> 0.1 | X4: =ROUNDUP(P4/20,3) -> 0.1 | Y4: =ROUNDUP(Q4/20,3) -> 1.45 | AA4: =SUM(Q4) -> 29 | AB4: =AA4*$AB$2 -> 1450000 | AC4: =ROUNDUP(AA4*0.15,2) -> 4.35 | AD4: =AC4*$AD$2 -> 304500 | AE4: =ROUNDUP(SUM(AB4,AD4),-3) -> 1755000 | AG4: =SUM(Y4) -> 1.45 | AH4: =AG4*$AH$2 -> 1450000 | AI4: =ROUNDUP(AG4*0.15,3) -> 0.218 | AJ4: =AI4*$AJ$2 -> 305200 | AK4: =ROUNDUP(SUM(AH4,AJ4),-3) -> 1756000 | AM4: =SUM(K4:K10) -> 35 | AN4: =SUM(L4:L10) -> 156 | AO4: =SUM(M4:M10) -> 24 | AP4: =SUM(N4:N10) -> 23 | AQ4: =SUM(O4:O10) -> 20 | AR4: =SUM(P4:P10) -> 21 | AS4: =SUM(Q4:Q10) -> 279 | AU4: =SUM(S4:S10) -> 1.75 | AV4: =SUM(T4:T10) -> 7.8 | AW4: =SUM(U4:U10) -> 1.2 | AX4: =SUM(V4:V10) -> 1.15 | AY4: =SUM(W4:W10) -> 1 | AZ4: =SUM(X4:X10) -> 1.05 | BA4: =SUM(Y4:Y10) -> 13.95
A5: 2 | C5: 製造指示書改修 | D5: 46022 | E5: 製造指示書の特記事項欄文字入力数を増やして手書き対応をやめる | F5: 製造指示書の特記事項欄を大きくするもしくは、文字サイズ調整や入力数を変更 | G5: ■PG改修 ・特記事項欄の入力可能文字数を増やす。（項目拡大もしくは、文字サイズ縮小可） | H5: =Q5 -> 12 | J5: =AA5+AC5 -> 13.8 | K5: 2 | L5: 3 | M5: 2 | N5: 1 | O5: 2 | P5: 2 | Q5: =SUM(K5:P5) -> 12 | S5: =ROUNDUP(K5/20,3) -> 0.1 | T5: =ROUNDUP(L5/20,3) -> 0.15 | U5: =ROUNDUP(M5/20,3) -> 0.1 | V5: =ROUNDUP(N5/20,3) -> 0.05 | W5: =ROUNDUP(O5/20,3) -> 0.1 | X5: =ROUNDUP(P5/20,3) -> 0.1 | Y5: =ROUNDUP(Q5/20,3) -> 0.6 | AA5: =SUM(Q5) -> 12 | AB5: =AA5*$AB$2 -> 600000 | AC5: =ROUNDUP(AA5*0.15,2) -> 1.8 | AD5: =AC5*$AD$2 -> 126000 | AE5: =ROUNDUP(SUM(AB5,AD5),-3) -> 726000 | AG5: =SUM(Y5) -> 0.6 | AH5: =AG5*$AH$2 -> 600000 | AI5: =ROUNDUP(AG5*0.15,3) -> 0.09 | AJ5: =AI5*$AJ$2 -> 126000 | AK5: =ROUNDUP(SUM(AH5,AJ5),-3) -> 726000
A6: 3 | C6: 製品重量をMESへ自動取り込み | D6: 46112 | E6: 製品重量を製造記録表へ記載し、その情報をMESへ入力している | F6: 兵庫工場と同様に製品リフターで計測した重量を自動でMESへ取り込みたい | G6: ■前提条件 ・計測PCおよび、それに接続する重量計等の設備の準備をいただく。 ・現地動作確認PCは1台を想定。 ■PG改修 ・三重MESの台秤アプリを流用する。 ・重量計で測定した値を計測PC経由でMESデータベースに登録する。 | H6: =Q6 -> 28 | K6: 4 | L6: 10 | M6: 4 | N6: 4 | O6: 2 | P6: 4 | Q6: =SUM(K6:P6) -> 28 | S6: =ROUNDUP(K6/20,3) -> 0.2 | T6: =ROUNDUP(L6/20,3) -> 0.5 | U6: =ROUNDUP(M6/20,3) -> 0.2 | V6: =ROUNDUP(N6/20,3) -> 0.2 | W6: =ROUNDUP(O6/20,3) -> 0.1 | X6: =ROUNDUP(P6/20,3) -> 0.2 | Y6: =ROUNDUP(Q6/20,3) -> 1.4 | AA6: =SUM(Q6) -> 28 | AB6: =AA6*$AB$2 -> 1400000 | AC6: =ROUNDUP(AA6*0.15,2) -> 4.2 | AD6: =AC6*$AD$2 -> 294000 | AE6: =ROUNDUP(SUM(AB6,AD6),-3) -> 1694000 | AG6: =SUM(Y6) -> 1.4 | AH6: =AG6*$AH$2 -> 1400000 | AI6: =ROUNDUP(AG6*0.15,3) -> 0.21 | AJ6: =AI6*$AJ$2 -> 294000 | AK6: =ROUNDUP(SUM(AH6,AJ6),-3) -> 1694000
A7: 4 | C7: 運転記録表の電子化 | D7: 46112 | E7: 運転記録表をiPadまたはPC入力としMESで製造記録表と紐づけを行う | F7: 運転記録表をPC等で入力しMESで製造記録表と紐づけを行う | G7: ■PG改修 ・インフレ運転記録画面作成（製造実績一覧画面にボタンを配置し遷移可能とする） ・対象は次の7画面（号機で項目が異なる）：IS-1、IS-2、IS-5（ナチュラル）、IS-5（色物）、IS-7（単層）、IS-7（多層）、IS-8 ・検索項目を設ける。製造実績一覧画面の検索条件と同様。 ・CSV出力機能を設ける。 | H7: =Q7 -> 140 | K7: 15 | L7: 105 | M7: 5 | N7: 5 | O7: 5 | P7: 5 | Q7: =SUM(K7:P7) -> 140 | S7: =ROUNDUP(K7/20,3) -> 0.75 | T7: =ROUNDUP(L7/20,3) -> 5.25 | U7: =ROUNDUP(M7/20,3) -> 0.25 | V7: =ROUNDUP(N7/20,3) -> 0.25 | W7: =ROUNDUP(O7/20,3) -> 0.25 | X7: =ROUNDUP(P7/20,3) -> 0.25 | Y7: =ROUNDUP(Q7/20,3) -> 7 | AA7: =SUM(Q7) -> 140 | AB7: =AA7*$AB$2 -> 7000000 | AC7: =ROUNDUP(AA7*0.15,2) -> 21 | AD7: =AC7*$AD$2 -> 1470000 | AE7: =ROUNDUP(SUM(AB7,AD7),-3) -> 8470000 | AG7: =SUM(Y7) -> 7 | AH7: =AG7*$AH$2 -> 7000000 | AI7: =ROUNDUP(AG7*0.15,3) -> 1.05 | AJ7: =AI7*$AJ$2 -> 1470000 | AK7: =ROUNDUP(SUM(AH7,AJ7),-3) -> 8470000
A8: 5 | C8: 二次加工一覧における指示書の一括および個別印刷 | D8: 2026/3/31 未定 | E8: 作業時間の短縮 | F8: 二次加工一覧において、各品転指示番号を選択し、選択された指示番号が印刷できるようにしたい。 | G8: ■PG改修 ・加工依頼一覧画面で選択した加工依頼書をまとめて印刷できるようにする。 （現行のシステムでは、加工依頼書作成画面に遷移し、一見ずつ印刷する。） ・印刷済みフラグは不要。複数回印刷可能。 ・全選択ボタンは不要。 | H8: =Q8 -> 20 | K8: 4 | L8: 8 | M8: 2 | N8: 2 | O8: 2 | P8: 2 | Q8: =SUM(K8:P8) -> 20 | S8: =ROUNDUP(K8/20,3) -> 0.2 | T8: =ROUNDUP(L8/20,3) -> 0.4 | U8: =ROUNDUP(M8/20,3) -> 0.1 | V8: =ROUNDUP(N8/20,3) -> 0.1 | W8: =ROUNDUP(O8/20,3) -> 0.1 | X8: =ROUNDUP(P8/20,3) -> 0.1 | Y8: =ROUNDUP(Q8/20,3) -> 1 | AA8: =SUM(Q8) -> 20 | AB8: =AA8*$AB$2 -> 1000000 | AC8: =ROUNDUP(AA8*0.15,2) -> 3 | AD8: =AC8*$AD$2 -> 210000 | AE8: =ROUNDUP(SUM(AB8,AD8),-3) -> 1210000 | AG8: =SUM(Y8) -> 1 | AH8: =AG8*$AH$2 -> 1000000 | AI8: =ROUNDUP(AG8*0.15,3) -> 0.15 | AJ8: =AI8*$AJ$2 -> 210000 | AK8: =ROUNDUP(SUM(AH8,AJ8),-3) -> 1210000
A9: 6 | C9: 納入先一覧の50音表示 | D9: 2026/3/31 未定 | E9: 納入先マスタが増え、指示書で選択する際に時間を要すため | F9: 納入先一覧を、登録番号順のほかに、50音順表示も追加してほしい。 | G9: ■PG改修 ・検索（納入先）画面のソート番号を追加する。 ・ソート番号はマスタ管理画面から登録、変更可能。 ・ソート番号は検索（納入先）画面には表示しない。 | H9: =Q9 -> 12 | K9: 2 | L9: 2 | M9: 2 | N9: 2 | O9: 2 | P9: 2 | Q9: =SUM(K9:P9) -> 12 | S9: =ROUNDUP(K9/20,3) -> 0.1 | T9: =ROUNDUP(L9/20,3) -> 0.1 | U9: =ROUNDUP(M9/20,3) -> 0.1 | V9: =ROUNDUP(N9/20,3) -> 0.1 | W9: =ROUNDUP(O9/20,3) -> 0.1 | X9: =ROUNDUP(P9/20,3) -> 0.1 | Y9: =ROUNDUP(Q9/20,3) -> 0.6 | AA9: =SUM(Q9) -> 12 | AB9: =AA9*$AB$2 -> 600000 | AC9: =ROUNDUP(AA9*0.15,2) -> 1.8 | AD9: =AC9*$AD$2 -> 126000 | AE9: =ROUNDUP(SUM(AB9,AD9),-3) -> 726000 | AG9: =SUM(Y9) -> 0.6 | AH9: =AG9*$AH$2 -> 600000 | AI9: =ROUNDUP(AG9*0.15,3) -> 0.09 | AJ9: =AI9*$AJ$2 -> 126000 | AK9: =ROUNDUP(SUM(AH9,AJ9),-3) -> 726000
A10: 7 | C10: 同一品転指示内容の複写 | D10: 2026/3/31 未定 | E10: 作業時間の短縮 | F10: クレストでは、パレット積載本数による品転指示が基本となっているため、同一内容の品転指示を一度に複数回入力しているが、この同一内容の品転指示を、別の新規の品転指示No.にコピーできるようにしたい | G10: ■PG改修 ・加工依頼書作成画面にコピー（複写）ボタンを追加する。 ・コピー（複写）ボタン押下すると、値はそのままに新指示Noに複写可能となる。 ・加工指示タブ、加工/検品タブ、梱包仕様タブが対象。 | H10: =Q10 -> 38 | J10: =AA10+AC10 -> 43.7 | K10: 4 | L10: 15 | M10: 5 | N10: 5 | O10: 5 | P10: 4 | Q10: =SUM(K10:P10) -> 38 | S10: =ROUNDUP(K10/20,3) -> 0.2 | T10: =ROUNDUP(L10/20,3) -> 0.75 | U10: =ROUNDUP(M10/20,3) -> 0.25 | V10: =ROUNDUP(N10/20,3) -> 0.25 | W10: =ROUNDUP(O10/20,3) -> 0.25 | X10: =ROUNDUP(P10/20,3) -> 0.2 | Y10: =ROUNDUP(Q10/20,3) -> 1.9 | AA10: =SUM(Q10) -> 38 | AB10: =AA10*$AB$2 -> 1900000 | AC10: =ROUNDUP(AA10*0.15,2) -> 5.7 | AD10: =AC10*$AD$2 -> 399000 | AE10: =ROUNDUP(SUM(AB10,AD10),-3) -> 2299000 | AG10: =SUM(Y10) -> 1.9 | AH10: =AG10*$AH$2 -> 1900000 | AI10: =ROUNDUP(AG10*0.15,3) -> 0.285 | AJ10: =AI10*$AJ$2 -> 399000 | AK10: =ROUNDUP(SUM(AH10,AJ10),-3) -> 2299000
S11: =SUM(S4:S10) -> 1.75 | T11: =SUM(T4:T10) -> 7.8 | U11: =SUM(U4:U10) -> 1.2 | V11: =SUM(V4:V10) -> 1.15 | W11: =SUM(W4:W10) -> 1 | X11: =SUM(X4:X10) -> 1.05
A13: 御見積の前提条件
B15: リリース工数、初期流動工数を含んでおります。
B16: 費用は開発業務と管理業務で算出しております。
B17: 弊社千葉事業所（在宅勤務を含む）での作業を前提としております。現地等遠隔地での作業が発生する場合は、工数を変更する場合があります。
B18: 現地等遠隔地での作業が発生した場合は、交通費・宿泊費等の必要経費を別途ご請求させて頂きます。
B19: 御見積の工数には、ハードウェア・ミドルウェア等にかかる費用は含まれておりません。
B20: 納品物：設計書、結合テスト仕様書兼結果報告書、ソースコード、システムテスト仕様書兼結果報告書
B21: （納品物が追加となる場合、工数が変動する場合がございます。）

Sheet MES_概算御見積（顧客提出用）
A1: 2025年度 MESシステム改修 御見積
A2: ※リリース作業は2人対応とする
A3: No. | B3: 工場 | C3: 案件名 | D3: 開発目的 | E3: 内容 | F3: 改修内容 | G3: 開発概算工数内訳 （人日） | H3: 管理工数込み （人日） | I3: 合計金額
A4: 1 | B4: ='MES_概算御見積（内部用）'!B4 -> 千葉工場 製造二課 | C4: ='MES_概算御見積（内部用）'!C4 -> 品質記録表のMES入力化 | D4: ='MES_概算御見積（内部用）'!E4 -> 品質記録表記載事項を直接PCからMESへ入力し、製造記録と紐づけをして管理を行いたい | E4: ='MES_概算御見積（内部用）'!F4 -> 品質記録記載事項をMESへ入力したい | F4: ='MES_概算御見積（内部用）'!G4 -> ■PG改修 ・インフレ品質記録画面作成（製造実績一覧画面にボタンを配置し遷移可能とする） ・検索項目を設ける。製造実績一覧画面の検索条件と同様。 ・CSV出力機能を設ける。 | G4: ='MES_概算御見積（内部用）'!H4 -> 29 | H4: ='MES_概算御見積（内部用）'!AA4+'MES_概算御見積（内部用）'!AC4 -> 33.35 | I4: ='MES_概算御見積（内部用）'!AE4 -> 1755000
A5: 2 | C5: ='MES_概算御見積（内部用）'!C5 -> 製造指示書改修 | D5: ='MES_概算御見積（内部用）'!E5 -> 製造指示書の特記事項欄文字入力数を増やして手書き対応をやめる | E5: ='MES_概算御見積（内部用）'!F5 -> 製造指示書の特記事項欄を大きくするもしくは、文字サイズ調整や入力数を変更 | F5: ='MES_概算御見積（内部用）'!G5 -> ■PG改修 ・特記事項欄の入力可能文字数を増やす。（項目拡大もしくは、文字サイズ縮小可） | G5: ='MES_概算御見積（内部用）'!H5 -> 12 | H5: ='MES_概算御見積（内部用）'!AA5+'MES_概算御見積（内部用）'!AC5 -> 13.8 | I5: ='MES_概算御見積（内部用）'!AE5 -> 726000
A6: 3 | C6: ='MES_概算御見積（内部用）'!C6 -> 製品重量をMESへ自動取り込み | D6: ='MES_概算御見積（内部用）'!E6 -> 製品重量を製造記録表へ記載し、その情報をMESへ入力している | E6: ='MES_概算御見積（内部用）'!F6 -> 兵庫工場と同様に製品リフターで計測した重量を自動でMESへ取り込みたい | F6: ='MES_概算御見積（内部用）'!G6 -> ■前提条件 ・計測PCおよび、それに接続する重量計等の設備の準備をいただく。 ・現地動作確認PCは1台を想定。 ■PG改修 ・三重MESの台秤アプリを流用する。 ・重量計で測定した値を計測PC経由でMESデータベースに登録する。 | G6: ='MES_概算御見積（内部用）'!H6 -> 28 | H6: ='MES_概算御見積（内部用）'!AA6+'MES_概算御見積（内部用）'!AC6 -> 32.2 | I6: ='MES_概算御見積（内部用）'!AE6 -> 1694000
A7: 4 | C7: ='MES_概算御見積（内部用）'!C7 -> 運転記録表の電子化 | D7: ='MES_概算御見積（内部用）'!E7 -> 運転記録表をiPadまたはPC入力としMESで製造記録表と紐づけを行う | E7: ='MES_概算御見積（内部用）'!F7 -> 運転記録表をPC等で入力しMESで製造記録表と紐づけを行う | F7: ='MES_概算御見積（内部用）'!G7 -> ■PG改修 ・インフレ運転記録画面作成（製造実績一覧画面にボタンを配置し遷移可能とする） ・対象は次の7画面（号機で項目が異なる）：IS-1、IS-2、IS-5（ナチュラル）、IS-5（色物）、IS-7（単層）、IS-7（多層）、IS-8 ・検索項目を設ける。製造実績一覧画面の検索条件と同様。 ・CSV出力機能を設ける。 | G7: ='MES_概算御見積（内部用）'!H7 -> 140 | H7: ='MES_概算御見積（内部用）'!AA7+'MES_概算御見積（内部用）'!AC7 -> 161 | I7: ='MES_概算御見積（内部用）'!AE7 -> 8470000
A8: 5 | C8: ='MES_概算御見積（内部用）'!C8 -> 二次加工一覧における指示書の一括および個別印刷 | D8: ='MES_概算御見積（内部用）'!E8 -> 作業時間の短縮 | E8: ='MES_概算御見積（内部用）'!F8 -> 二次加工一覧において、各品転指示番号を選択し、選択された指示番号が印刷できるようにしたい。 | F8: ='MES_概算御見積（内部用）'!G8 -> ■PG改修 ・加工依頼一覧画面で選択した加工依頼書をまとめて印刷できるようにする。 （現行のシステムでは、加工依頼書作成画面に遷移し、一見ずつ印刷する。） ・印刷済みフラグは不要。複数回印刷可能。 ・全選択ボタンは不要。 | G8: ='MES_概算御見積（内部用）'!H8 -> 20 | H8: ='MES_概算御見積（内部用）'!AA8+'MES_概算御見積（内部用）'!AC8 -> 23 | I8: ='MES_概算御見積（内部用）'!AE8 -> 1210000
A9: 6 | C9: ='MES_概算御見積（内部用）'!C9 -> 納入先一覧の50音表示 | D9: ='MES_概算御見積（内部用）'!E9 -> 納入先マスタが増え、指示書で選択する際に時間を要すため | E9: ='MES_概算御見積（内部用）'!F9 -> 納入先一覧を、登録番号順のほかに、50音順表示も追加してほしい。 | F9: ='MES_概算御見積（内部用）'!G9 -> ■PG改修 ・検索（納入先）画面のソート番号を追加する。 ・ソート番号はマスタ管理画面から登録、変更可能。 ・ソート番号は検索（納入先）画面には表示しない。 | G9: ='MES_概算御見積（内部用）'!H9 -> 12 | H9: ='MES_概算御見積（内部用）'!AA9+'MES_概算御見積（内部用）'!AC9 -> 13.8 | I9: ='MES_概算御見積（内部用）'!AE9 -> 726000
A10: 7 | C10: ='MES_概算御見積（内部用）'!C10 -> 同一品転指示内容の複写 | D10: ='MES_概算御見積（内部用）'!E10 -> 作業時間の短縮 | E10: ='MES_概算御見積（内部用）'!F10 -> クレストでは、パレット積載本数による品転指示が基本となっているため、同一内容の品転指示を一度に複数回入力しているが、この同一内容の品転指示を、別の新規の品転指示No.にコピーできるようにしたい | F10: ='MES_概算御見積（内部用）'!G10 -> ■PG改修 ・加工依頼書作成画面にコピー（複写）ボタンを追加する。 ・コピー（複写）ボタン押下すると、値はそのままに新指示Noに複写可能となる。 ・加工指示タブ、加工/検品タブ、梱包仕様タブが対象。 | G10: ='MES_概算御見積（内部用）'!H10 -> 38 | H10: ='MES_概算御見積（内部用）'!AA10+'MES_概算御見積（内部用）'!AC10 -> 43.7 | I10: ='MES_概算御見積（内部用）'!AE10 -> 2299000
A14: 御見積の前提条件
B16: リリース工数、初期流動工数を含んでおります。
B17: 費用は開発業務と管理業務で算出しております。
B18: 弊社千葉事業所（在宅勤務を含む）での作業を前提としております。現地等遠隔地での作業が発生する場合は、工数を変更する場合があります。
B19: 現地等遠隔地での作業が発生した場合は、交通費・宿泊費等の必要経費を別途ご請求させて頂きます。
B20: 御見積の工数には、ハードウェア・ミドルウェア等にかかる費用は含まれておりません。
B21: 納品物：設計書、結合テスト仕様書兼結果報告書、ソースコード、システムテスト仕様書兼結果報告書
B22: （納品物が追加となる場合、工数が変動する場合がございます。）

Sheet スケジュール概算
N1: (人日) | R1: 2025
A2: No. | B2: 工場 | C2: 案件名 | D2: 内容 | E2: 完成希望日 | F2: 調査 設計 | G2: PG | H2: IT | I2: ST | J2: OT | K2: リリ ース | L2: 小計 | M2: 合計 | N2: 管理工数込み | P2: 着手 | Q2: リリース | R2: =DATE(R1,4,7) -> 45754 | S2: =R2+7 -> 45761 | T2: =S2+7 -> 45768 | U2: =T2+7 -> 45775 | V2: =U2+7 -> 45782 | W2: =V2+7 -> 45789 | X2: =W2+7 -> 45796 | Y2: =X2+7 -> 45803 | Z2: =Y2+7 -> 45810 | ... BQ2: =BP2+7 -> 46111
A3: 1 | B3: ='MES_概算御見積（内部用）'!B4 -> 千葉工場 製造二課 | C3: ='MES_概算御見積（内部用）'!C4 -> 品質記録表のMES入力化 | D3: ='MES_概算御見積（内部用）'!F4 -> 品質記録記載事項をMESへ入力したい | E3: ='MES_概算御見積（内部用）'!D4 -> 46022 | F3: ='MES_概算御見積（内部用）'!K4 -> 4 | G3: ='MES_概算御見積（内部用）'!L4 -> 13 | H3: ='MES_概算御見積（内部用）'!M4 -> 4 | I3: ='MES_概算御見積（内部用）'!N4 -> 4 | J3: ='MES_概算御見積（内部用）'!O4 -> 2 | K3: ='MES_概算御見積（内部用）'!P4 -> 2 | L3: ='MES_概算御見積（内部用）'!Q4 -> 29 | M3: =L3 -> 29 | N3: =M3+'MES_概算御見積（内部用）'!AC4 -> 33.35 | P3: =R2 -> 45754 | Q3: =X2 -> 45796
A4: 2 | C4: ='MES_概算御見積（内部用）'!C5 -> 製造指示書改修 | D4: ='MES_概算御見積（内部用）'!F5 -> 製造指示書の特記事項欄を大きくするもしくは、文字サイズ調整や入力数を変更 | E4: ='MES_概算御見積（内部用）'!D5 -> 46022 | F4: ='MES_概算御見積（内部用）'!K5 -> 2 | G4: ='MES_概算御見積（内部用）'!L5 -> 3 | H4: ='MES_概算御見積（内部用）'!M5 -> 2 | I4: ='MES_概算御見積（内部用）'!N5 -> 1 | J4: ='MES_概算御見積（内部用）'!O5 -> 2 | K4: ='MES_概算御見積（内部用）'!P5 -> 2 | L4: ='MES_概算御見積（内部用）'!Q5 -> 12 | M4: =L4 -> 12 | N4: =M4+'MES_概算御見積（内部用）'!AC5 -> 13.8 | P4: =Y2 -> 45803 | Q4: =AC2 -> 45831
A5: 3 | C5: ='MES_概算御見積（内部用）'!C6 -> 製品重量をMESへ自動取り込み | D5: ='MES_概算御見積（内部用）'!F6 -> 兵庫工場と同様に製品リフターで計測した重量を自動でMESへ取り込みたい | E5: ='MES_概算御見積（内部用）'!D6 -> 46112 | F5: ='MES_概算御見積（内部用）'!K6 -> 4 | G5: ='MES_概算御見積（内部用）'!L6 -> 10 | H5: ='MES_概算御見積（内部用）'!M6 -> 4 | I5: ='MES_概算御見積（内部用）'!N6 -> 4 | J5: ='MES_概算御見積（内部用）'!O6 -> 2 | K5: ='MES_概算御見積（内部用）'!P6 -> 4 | L5: ='MES_概算御見積（内部用）'!Q6 -> 28 | M5: =L5 -> 28 | N5: =M5+'MES_概算御見積（内部用）'!AC6 -> 32.2 | P5: =AD2 -> 45838 | Q5: =AJ2 -> 45880
A6: 4 | C6: ='MES_概算御見積（内部用）'!C7 -> 運転記録表の電子化 | D6: ='MES_概算御見積（内部用）'!F7 -> 運転記録表をPC等で入力しMESで製造記録表と紐づけを行う | E6: ='MES_概算御見積（内部用）'!D7 -> 46112 | F6: ='MES_概算御見積（内部用）'!K7 -> 15 | G6: ='MES_概算御見積（内部用）'!L7 -> 105 | H6: ='MES_概算御見積（内部用）'!M7 -> 5 | I6: ='MES_概算御見積（内部用）'!N7 -> 5 | J6: ='MES_概算御見積（内部用）'!O7 -> 5 | K6: ='MES_概算御見積（内部用）'!P7 -> 5 | L6: ='MES_概算御見積（内部用）'!Q7 -> 140 | M6: =L6 -> 140 | N6: =M6+'MES_概算御見積（内部用）'!AC7 -> 161 | P6: =AB2 -> 45824 | Q6: =BQ2 -> 46111
A7: 5 | C7: ='MES_概算御見積（内部用）'!C8 -> 二次加工一覧における指示書の一括および個別印刷 | D7: ='MES_概算御見積（内部用）'!F8 -> 二次加工一覧において、各品転指示番号を選択し、選択された指示番号が印刷できるようにしたい。 | E7: ='MES_概算御見積（内部用）'!D8 -> 2026/3/31 未定 | F7: ='MES_概算御見積（内部用）'!K8 -> 4 | G7: ='MES_概算御見積（内部用）'!L8 -> 8 | H7: ='MES_概算御見積（内部用）'!M8 -> 2 | I7: ='MES_概算御見積（内部用）'!N8 -> 2 | J7: ='MES_概算御見積（内部用）'!O8 -> 2 | K7: ='MES_概算御見積（内部用）'!P8 -> 2 | L7: ='MES_概算御見積（内部用）'!Q8 -> 20 | M7: =L7 -> 20 | N7: =M7+'MES_概算御見積（内部用）'!AC8 -> 23 | P7: =AK2 -> 45887 | Q7: =AP2 -> 45922
A8: 6 | C8: ='MES_概算御見積（内部用）'!C9 -> 納入先一覧の50音表示 | D8: ='MES_概算御見積（内部用）'!F9 -> 納入先一覧を、登録番号順のほかに、50音順表示も追加してほしい。 | E8: ='MES_概算御見積（内部用）'!D9 -> 2026/3/31 未定 | F8: ='MES_概算御見積（内部用）'!K9 -> 2 | G8: ='MES_概算御見積（内部用）'!L9 -> 2 | H8: ='MES_概算御見積（内部用）'!M9 -> 2 | I8: ='MES_概算御見積（内部用）'!N9 -> 2 | J8: ='MES_概算御見積（内部用）'!O9 -> 2 | K8: ='MES_概算御見積（内部用）'!P9 -> 2 | L8: ='MES_概算御見積（内部用）'!Q9 -> 12 | M8: =L8 -> 12 | N8: =M8+'MES_概算御見積（内部用）'!AC9 -> 13.8 | P8: =AQ2 -> 45929 | Q8: =AT2 -> 45950
A9: 7 | C9: ='MES_概算御見積（内部用）'!C10 -> 同一品転指示内容の複写 | D9: ='MES_概算御見積（内部用）'!F10 -> クレストでは、パレット積載本数による品転指示が基本となっているため、同一内容の品転指示を一度に複数回入力しているが、この同一内容の品転指示を、別の新規の品転指示No.にコピーできるようにしたい | E9: ='MES_概算御見積（内部用）'!D10 -> 2026/3/31 未定 | F9: ='MES_概算御見積（内部用）'!K10 -> 4 | G9: ='MES_概算御見積（内部用）'!L10 -> 15 | H9: ='MES_概算御見積（内部用）'!M10 -> 5 | I9: ='MES_概算御見積（内部用）'!N10 -> 5 | J9: ='MES_概算御見積（内部用）'!O10 -> 5 | K9: ='MES_概算御見積（内部用）'!P10 -> 4 | L9: ='MES_概算御見積（内部用）'!Q10 -> 38 | M9: =L9 -> 38 | N9: =M9+'MES_概算御見積（内部用）'!AC10 -> 43.7 | P9: =AU2 -> 45957 | Q9: =BD2 -> 46020
A11: 体制
B12: PM | C12: 髙橋裕輔
B13: PL | C13: 関谷亮
B14: SE | C14: 森田泰博
C15: 作業者1名
