Workbook

Sheet MES_概算御見積（内部用）
A1: 2025年度 MESシステム改修 御見積 | AA1: 人日 | AG1: 人月 | AM1: 工程別作業工数合算
A2: ※リリース作業は2人対応とする | K2: 人日 | S2: 人月 | AA2: 開発 | AB2: 50000 | AC2: 管理 | AD2: 70000 | AG2: 開発 | AH2: 1000000 | AI2: 管理 | AJ2: 1400000 | AM2: 人日 | AU2: 人月
A3: No. | B3: 工場 | C3: 案件名 | D3: 完成希望日 | E3: 開発目的 | F3: 内容 | G3: 改修内容 | H3: 概算工数 開発工数内訳（人日） | I3: 概算工数 開発工数（人日） | J3: 管理工数込み（人日） | K3: 調査・設計 | L3: PG | M3: IT | N3: ST | O3: OT | P3: リリース | Q3: 合計 | S3: 調査・設計 | T3: PGPT | U3: IT | V3: ST | W3: OT | X3: リリース | Y3: 合計 | Z3: 備考 | AA3: 人日 | AB3: 金額 | AC3: 人日 | AD3: 金額 | AE3: 合計金額 | AG3: 人月 | AH3: 金額 | AI3: 人月 | AJ3: 金額 | AK3: 合計金額 | AM3: 調査・設計 | AN3: PGPT | AO3: IT | AP3: ST | AQ3: OT | AR3: リリース | AS3: 合計 | AU3: 調査・設計 | AV3: PGPT | AW3: IT | AX3: ST | AY3: OT | AZ3: リリース | BA3: 合計
A4: 1 | B4: 千葉工場 製造一課 | C4: カルテ、製造指示書、生産実績における原料品目数拡大 | D4: 45838 | E4: 現状の原料品目数（11品目）では原料品目数が足りず、試作品開発が出来ない。 試作品開発を行えるよう原料品目数を増やす改修を行う。 | F4: 原料品目数を6品目追加し、合計17品目として多種多様な原料配合に対応できるようにする。 | G4: ■PG改修 ・原料項目合計17品目表示対応。 | H4: =Q4 -> 20 | I4: =SUM(H4:H6) -> 70 | J4: =AA4+AC4 -> 23 | K4: 2 | L4: 8 | M4: 3 | N4: 3 | O4: 2 | P4: 2 | Q4: =SUM(K4:P4) -> 20 | S4: =ROUNDUP(K4/20,3) -> 0.1 | T4: =ROUNDUP(L4/20,3) -> 0.4 | U4: =ROUNDUP(N4/20,3) -> 0.15 | V4: =ROUNDUP(N4/20,3) -> 0.15 | W4: =ROUNDUP(O4/20,3) -> 0.1 | X4: =ROUNDUP(P4/20,3) -> 0.1 | Y4: =ROUNDUP(Q4/20,3) -> 1 | AA4: =SUM(Q4) -> 20 | AB4: =AA4*$AB$2 -> 1000000 | AC4: =ROUNDUP(AA4*0.15,2) -> 3 | AD4: =AC4*$AD$2 -> 210000 | AE4: =ROUNDUP(SUM(AB4,AD4),-3) -> 1210000 | AG4: =SUM(Y4) -> 1 | AH4: =AG4*$AH$2 -> 1000000 | AI4: =ROUNDUP(AG4*0.15,3) -> 0.15 | AJ4: =AI4*$AJ$2 -> 210000 | AK4: =ROUNDUP(SUM(AH4,AJ4),-3) -> 1210000 | AM4: =SUM(K4:K6) -> 8 | AN4: =SUM(L4:L6) -> 28 | AO4: =SUM(M4:M6) -> 11 | AP4: =SUM(N4:N6) -> 11 | AQ4: =SUM(O4:O6) -> 6 | AR4: =SUM(P4:P6) -> 6 | AS4: =SUM(Q4:Q6) -> 70 | AU4: =SUM(S4:S6) -> 0.4 | AV4: =SUM(T4:T6) -> 1.4 | AW4: =SUM(U4:U6) -> 0.55 | AX4: =SUM(V4:V6) -> 0.55 | AY4: =SUM(W4:W6) -> 0.3 | AZ4: =SUM(X4:X6) -> 0.3 | BA4: =SUM(Y4:Y6) -> 3.5
A5: 2 | C5: 製造指示書の印刷フォーマット改修と入力項目追加 | D5: 45838 | E5: 製造指示書のフォーマットを原料品目数増加に伴い、改修をする。 一部の手書き箇所も入力、マスタ化にする。 | F5: ・原料品目数増加により、他項目の印刷位置等を見直す。 ・備考欄が1項目のみで文字数制限がある。欄をを3～4項目に増やして、手書きをなくす。 ・工程№の上に課内で使用しているFAの工程№を自動反映で印字させる。 | G5: ■フォーマット改修 ・工程Noの上にFAの行程Noを自動表示する。（工程Noが32411060の場合→FA工程No3411-06） ・原料項目を追加し、合計17品目表示可能とする。 ・フォーマット中段の課長押印欄削除。 ・改訂理由項目の幅を狭める。 ・注意事項項目の幅を広げる。 ・注意事項項目の入力項目を3項目に増やす。 ■PG改修 ・FA工程No出力対応。 ・原料項目合計17品目表示対応。 ・注意事項項目の入力項目を3項目に増やす。（マスタからの選択項目を増やす。） | H5: =Q5 -> 25 | J5: =AA5+AC5 -> 28.75 | K5: 3 | L5: 10 | M5: 4 | N5: 4 | O5: 2 | P5: 2 | Q5: =SUM(K5:P5) -> 25 | S5: =ROUNDUP(K5/20,3) -> 0.15 | T5: =ROUNDUP(L5/20,3) -> 0.5 | U5: =ROUNDUP(M5/20,3) -> 0.2 | V5: =ROUNDUP(N5/20,3) -> 0.2 | W5: =ROUNDUP(O5/20,3) -> 0.1 | X5: =ROUNDUP(P5/20,3) -> 0.1 | Y5: =ROUNDUP(Q5/20,3) -> 1.25 | AA5: =SUM(Q5) -> 25 | AB5: =AA5*$AB$2 -> 1250000 | AC5: =ROUNDUP(AA5*0.15,2) -> 3.75 | AD5: =AC5*$AD$2 -> 262500 | AE5: =ROUNDUP(SUM(AB5,AD5),-3) -> 1513000 | AG5: =SUM(Y5) -> 1.25 | AH5: =AG5*$AH$2 -> 1250000 | AI5: =ROUNDUP(AG5*0.15,3) -> 0.188 | AJ5: =AI5*$AJ$2 -> 263200 | AK5: =ROUNDUP(SUM(AH5,AJ5),-3) -> 1514000
A6: 3 | C6: 一次指示書の印刷フォーマット改修と入力項目追加 | D6: 45838 | E6: 一次スリット指示書のフォーマットを改修をする。 一部の手書き箇所も入力、マスタ化にする。 | F6: ・備考欄が1項目のみで文字数制限がある。欄をを8項目に増やして、手書きをなくす。 ・工程№の上に課内で使用しているFAの工程№を自動反映で印字させる。 | G6: ■フォーマット改修 ・工程Noの右にFAの行程Noを自動表示する。（工程Noが32411060の場合→FA工程No3411-06） ・備考項目の入力項目を10項目に増やす。 ・サイズ項目の罫線を1行目移行削除する。 ■PG改修 ・FA工程No出力対応。 ・注意事項項目の入力項目を10項目に増やす。（マスタからの選択項目を増やす。） | H6: =Q6 -> 25 | J6: =AA6+AC6 -> 28.75 | K6: 3 | L6: 10 | M6: 4 | N6: 4 | O6: 2 | P6: 2 | Q6: =SUM(K6:P6) -> 25 | S6: =ROUNDUP(K6/20,3) -> 0.15 | T6: =ROUNDUP(L6/20,3) -> 0.5 | U6: =ROUNDUP(M6/20,3) -> 0.2 | V6: =ROUNDUP(N6/20,3) -> 0.2 | W6: =ROUNDUP(O6/20,3) -> 0.1 | X6: =ROUNDUP(P6/20,3) -> 0.1 | Y6: =ROUNDUP(Q6/20,3) -> 1.25 | AA6: =SUM(Q6) -> 25 | AB6: =AA6*$AB$2 -> 1250000 | AC6: =ROUNDUP(AA6*0.15,2) -> 3.75 | AD6: =AC6*$AD$2 -> 262500 | AE6: =ROUNDUP(SUM(AB6,AD6),-3) -> 1513000 | AG6: =SUM(Y6) -> 1.25 | AH6: =AG6*$AH$2 -> 1250000 | AI6: =ROUNDUP(AG6*0.15,3) -> 0.188 | AJ6: =AI6*$AJ$2 -> 263200 | AK6: =ROUNDUP(SUM(AH6,AJ6),-3) -> 1514000
A9: 御見積の前提条件
B11: リリース工数、初期流動工数を含んでおります。
B12: 費用は開発業務と管理業務で算出しております。
B13: 弊社千葉事業所（在宅勤務を含む）での作業を前提としております。現地等遠隔地での作業が発生する場合は、工数を変更する場合があります。
B14: 現地等遠隔地での作業が発生した場合は、交通費・宿泊費等の必要経費を別途ご請求させて頂きます。
B15: 御見積の工数には、ハードウェア・ミドルウェア等にかかる費用は含まれておりません。
B16: 納品物：設計書、結合テスト仕様書兼結果報告書、ソースコード、システムテスト仕様書兼結果報告書
B17: （納品物が追加となる場合、工数が変動する場合がございます。）

Sheet MES_概算御見積（顧客提出用）
A1: 2025年度 MESシステム改修 御見積
A2: ※リリース作業は2人対応とする
A3: No. | B3: 工場 | C3: 案件名 | D3: 開発目的 | E3: 内容 | F3: 改修内容 | G3: 開発概算工数 （人日） | H3: 管理工数込み （人日） | I3: 合計金額
A4: 1 | B4: ='MES_概算御見積（内部用）'!B4 -> 千葉工場 製造一課 | C4: ='MES_概算御見積（内部用）'!C4 -> カルテ、製造指示書、生産実績における原料品目数拡大 | D4: ='MES_概算御見積（内部用）'!E4 -> 現状の原料品目数（11品目）では原料品目数が足りず、試作品開発が出来ない。 試作品開発を行えるよう原料品目数を増やす改修を行う。 | E4: ='MES_概算御見積（内部用）'!F4 -> 原料品目数を6品目追加し、合計17品目として多種多様な原料配合に対応できるようにする。 | F4: ='MES_概算御見積（内部用）'!G4 -> ■PG改修 ・原料項目合計17品目表示対応。 | G4: ='MES_概算御見積（内部用）'!AA4 -> 20 | H4: ='MES_概算御見積（内部用）'!AA4+'MES_概算御見積（内部用）'!AC4 -> 23 | I4: ='MES_概算御見積（内部用）'!AE4 -> 1210000
A5: 2 | C5: ='MES_概算御見積（内部用）'!C5 -> 製造指示書の印刷フォーマット改修と入力項目追加 | D5: ='MES_概算御見積（内部用）'!E5 -> 製造指示書のフォーマットを原料品目数増加に伴い、改修をする。 一部の手書き箇所も入力、マスタ化にする。 | E5: ='MES_概算御見積（内部用）'!F5 -> ・原料品目数増加により、他項目の印刷位置等を見直す。 ・備考欄が1項目のみで文字数制限がある。欄をを3～4項目に増やして、手書きをなくす。 ・工程№の上に課内で使用しているFAの工程№を自動反映で印字させる。 | F5: ='MES_概算御見積（内部用）'!G5 -> ■フォーマット改修 ・工程Noの上にFAの行程Noを自動表示する。（工程Noが32411060の場合→FA工程No3411-06） ・原料項目を追加し、合計17品目表示可能とする。 ・フォーマット中段の課長押印欄削除。 ・改訂理由項目の幅を狭める。 ・注意事項項目の幅を広げる。 ・注意事項項目の入力項目を3項目に増やす。 ■PG改修 ・FA工程No出力対応。 ・原料項目合計17品目表示対応。 ・注意事項項目の入力項目を3項目に増やす。（マスタからの選択項目を増やす。） | G5: ='MES_概算御見積（内部用）'!AA5 -> 25 | H5: ='MES_概算御見積（内部用）'!AA5+'MES_概算御見積（内部用）'!AC5 -> 28.75 | I5: ='MES_概算御見積（内部用）'!AE5 -> 1513000
A6: 3 | C6: ='MES_概算御見積（内部用）'!C6 -> 一次指示書の印刷フォーマット改修と入力項目追加 | D6: ='MES_概算御見積（内部用）'!E6 -> 一次スリット指示書のフォーマットを改修をする。 一部の手書き箇所も入力、マスタ化にする。 | E6: ='MES_概算御見積（内部用）'!F6 -> ・備考欄が1項目のみで文字数制限がある。欄をを8項目に増やして、手書きをなくす。 ・工程№の上に課内で使用しているFAの工程№を自動反映で印字させる。 | F6: ='MES_概算御見積（内部用）'!G6 -> ■フォーマット改修 ・工程Noの右にFAの行程Noを自動表示する。（工程Noが32411060の場合→FA工程No3411-06） ・備考項目の入力項目を10項目に増やす。 ・サイズ項目の罫線を1行目移行削除する。 ■PG改修 ・FA工程No出力対応。 ・注意事項項目の入力項目を10項目に増やす。（マスタからの選択項目を増やす。） | G6: ='MES_概算御見積（内部用）'!AA6 -> 25 | H6: ='MES_概算御見積（内部用）'!AA6+'MES_概算御見積（内部用）'!AC6 -> 28.75 | I6: ='MES_概算御見積（内部用）'!AE6 -> 1513000
A10: 御見積の前提条件
B12: リリース工数、初期流動工数を含んでおります。
B13: 費用は開発業務と管理業務で算出しております。
B14: 弊社千葉事業所（在宅勤務を含む）での作業を前提としております。現地等遠隔地での作業が発生する場合は、工数を変更する場合があります。
B15: 現地等遠隔地での作業が発生した場合は、交通費・宿泊費等の必要経費を別途ご請求させて頂きます。
B16: 御見積の工数には、ハードウェア・ミドルウェア等にかかる費用は含まれておりません。
B17: 納品物：設計書、結合テスト仕様書兼結果報告書、ソースコード、システムテスト仕様書兼結果報告書
B18: （納品物が追加となる場合、工数が変動する場合がございます。）

Sheet スケジュール概算
N1: (人日) | R1: 2025
A2: No. | B2: 工場 | C2: 案件名 | D2: 内容 | E2: 完成希望日 | F2: 調査 設計 | G2: PG | H2: IT | I2: ST | J2: OT | K2: リリ ース | L2: 小計 | M2: 合計 | N2: 管理工数込み | P2: 着手 | Q2: リリース | R2: =DATE(R1,4,7) -> 45754 | S2: =R2+7 -> 45761 | T2: =S2+7 -> 45768 | U2: =T2+7 -> 45775 | V2: =U2+7 -> 45782 | W2: =V2+7 -> 45789 | X2: =W2+7 -> 45796 | Y2: =X2+7 -> 45803 | Z2: =Y2+7 -> 45810 | ... BE2: =BD2+7 -> 46027
A3: 1 | B3: ='MES_概算御見積（内部用）'!B4 -> 千葉工場 製造一課 | C3: ='MES_概算御見積（内部用）'!C4 -> カルテ、製造指示書、生産実績における原料品目数拡大 | D3: ='MES_概算御見積（内部用）'!F4 -> 原料品目数を6品目追加し、合計17品目として多種多様な原料配合に対応できるようにする。 | E3: ='MES_概算御見積（内部用）'!D4 -> 45838 | F3: ='MES_概算御見積（内部用）'!K4 -> 2 | G3: ='MES_概算御見積（内部用）'!L4 -> 8 | H3: ='MES_概算御見積（内部用）'!M4 -> 3 | I3: ='MES_概算御見積（内部用）'!N4 -> 3 | J3: ='MES_概算御見積（内部用）'!O4 -> 2 | K3: ='MES_概算御見積（内部用）'!P4 -> 2 | L3: ='MES_概算御見積（内部用）'!Q4 -> 20 | M3: =L3 -> 20 | N3: =M3+'MES_概算御見積（内部用）'!AC4 -> 23 | P3: =R2 -> 45754 | Q3: =W2 -> 45789
A4: 2 | C4: ='MES_概算御見積（内部用）'!C5 -> 製造指示書の印刷フォーマット改修と入力項目追加 | D4: ='MES_概算御見積（内部用）'!F5 -> ・原料品目数増加により、他項目の印刷位置等を見直す。 ・備考欄が1項目のみで文字数制限がある。欄をを3～4項目に増やして、手書きをなくす。 ・工程№の上に課内で使用しているFAの工程№を自動反映で印字させる。 | E4: ='MES_概算御見積（内部用）'!D5 -> 45838 | F4: ='MES_概算御見積（内部用）'!K5 -> 3 | G4: ='MES_概算御見積（内部用）'!L5 -> 10 | H4: ='MES_概算御見積（内部用）'!M5 -> 4 | I4: ='MES_概算御見積（内部用）'!N5 -> 4 | J4: ='MES_概算御見積（内部用）'!O5 -> 2 | K4: ='MES_概算御見積（内部用）'!P5 -> 2 | L4: ='MES_概算御見積（内部用）'!Q5 -> 25 | M4: =L4 -> 25 | N4: =M4+'MES_概算御見積（内部用）'!AC5 -> 28.75 | P4: =U2 -> 45775 | Q4: =AA2 -> 45817
A5: 3 | C5: ='MES_概算御見積（内部用）'!C6 -> 一次指示書の印刷フォーマット改修と入力項目追加 | D5: ='MES_概算御見積（内部用）'!F6 -> ・備考欄が1項目のみで文字数制限がある。欄をを8項目に増やして、手書きをなくす。 ・工程№の上に課内で使用しているFAの工程№を自動反映で印字させる。 | E5: ='MES_概算御見積（内部用）'!D6 -> 45838 | F5: ='MES_概算御見積（内部用）'!K6 -> 3 | G5: ='MES_概算御見積（内部用）'!L6 -> 10 | H5: ='MES_概算御見積（内部用）'!M6 -> 4 | I5: ='MES_概算御見積（内部用）'!N6 -> 4 | J5: ='MES_概算御見積（内部用）'!O6 -> 2 | K5: ='MES_概算御見積（内部用）'!P6 -> 2 | L5: ='MES_概算御見積（内部用）'!Q6 -> 25 | M5: =L5 -> 25 | N5: =M5+'MES_概算御見積（内部用）'!AC6 -> 28.75 | P5: =X2 -> 45796 | Q5: =AD2 -> 45838
A7: 体制
B8: PM | C8: 髙橋裕輔
B9: PL | C9: 関谷亮
B10: SE | C10: 森田泰博
