Workbook
Name その他係数: [1]積算基準!$L$35
Name その他係数: 積算基準!$L$35
Name バッチ係数: [1]積算基準!$F$29
Name バッチ係数: 積算基準!$F$29
Name 移行切替係数: [1]積算基準!$K$35
Name 移行切替係数: 積算基準!$K$35
Name 画面係数: [1]積算基準!$D$29
Name 画面係数: 積算基準!$D$29
Name 基本設計係数: [1]積算基準!$E$35
Name 基本設計係数: 積算基準!$E$35
Name 結合テスト係数: [1]積算基準!$H$35
Name 結合テスト係数: 積算基準!$H$35
Name 高係数: [1]積算基準!$E$41
Name 高係数: 積算基準!$E$41
Name 参照上限高: [1]積算基準!$E$17
Name 参照上限高: 積算基準!$E$17
Name 参照上限中: [1]積算基準!$F$17
Name 参照上限中: 積算基準!$F$17
Name 参照上限低: [1]積算基準!$G$17
Name 参照上限低: 積算基準!$G$17
Name 参照上限特高: 積算基準!$D$17
Name 参照上限特低: [1]積算基準!$H$17
Name 参照上限特低: 積算基準!$H$17
Name 受入支援係数: [1]積算基準!$J$35
Name 受入支援係数: 積算基準!$J$35
Name 詳細設計係数: [1]積算基準!$F$35
Name 詳細設計係数: 積算基準!$F$35
Name 製作係数: [1]積算基準!$G$35
Name 製作係数: 積算基準!$G$35
Name 総合テスト係数: [1]積算基準!$I$35
Name 総合テスト係数: 積算基準!$I$35
Name 中係数: [1]積算基準!$F$41
Name 中係数: 積算基準!$F$41
Name 帳票係数: [1]積算基準!$E$29
Name 帳票係数: 積算基準!$E$29
Name 低係数: [1]積算基準!$G$41
Name 低係数: 積算基準!$G$41
Name 登録上限高: [1]積算基準!$E$16
Name 登録上限高: 積算基準!$E$16
Name 登録上限中: [1]積算基準!$F$16
Name 登録上限中: 積算基準!$F$16
Name 登録上限低: [1]積算基準!$G$16
Name 登録上限低: 積算基準!$G$16
Name 登録上限特高: 積算基準!$D$16
Name 登録上限特低: [1]積算基準!$H$16
Name 登録上限特低: 積算基準!$H$16
Name 特高係数: [1]積算基準!$D$41
Name 特高係数: 積算基準!$D$41
Name 特低係数: [1]積算基準!$H$41
Name 特低係数: 積算基準!$H$41
Name 要件定義係数: [1]積算基準!$D$35
Name 要件定義係数: 積算基準!$D$35

Sheet サマリ
B1: 新IRIS操業品質Azure移行
B3: ■最適工期 | E3: ■御見積金額(全工程の場合) | L3: ■御見積金額(全工程の場合) ：工数丸め
B5: 全体工期 | C5: =(工数算出!U4^(1/3))*2.69 -> 9.3527375 | E5: 見積金額合計 | F5: =SUM(I9:I19) -> 44226000 | L5: 見積金額合計 | M5: =SUM(P9:P19) -> 44800000
B8: 工程 | C8: 工期 | E8: 工程 | F8: 工数 | H8: 単価 | I8: 金額 | L8: 工程 | M8: 工数 | O8: 単価 | P8: 金額 | U8: 契約ごとのPJ工数
B9: 要件定義（SA） | C9: =C5*積算基準!P35 -> 1.0391931 | E9: 要件定義（SA） | F9: 1 | G9: =工数算出!$J4 -> 4.72 | H9: 1000000 | I9: =G9*H9 -> 4720000 | L9: 要件定義（SA） | M9: 1 | N9: =ROUNDDOWN(G9,1) -> 4.7 | O9: 1000000 | P9: =N9*O9 -> 4700000 | R9: =N9/SUM($N$9:$N$16) -> 0.12912088 | S9: =$N$19*R9 -> 0.77472527
B10: 基本設計（UI） | C10: =C5*積算基準!Q35 -> 1.4340864 | E10: 基本設計（UI） | F10: 1 | G10: =工数算出!$K4 -> 5.05 | H10: 1000000 | I10: =G10*H10 -> 5050000 | L10: 基本設計（UI） | M10: 1 | N10: =ROUNDDOWN(G10,1) -> 5 | O10: 1000000 | P10: =N10*O10 -> 5000000 | R10: =N10/SUM($N$9:$N$16) -> 0.13736264 | S10: =$N$19*R10 -> 0.82417582 | T10: =S9+S10 -> 1.5989011 | U10: 1.5 | V10: =U10*O19 -> 2100000
B11: 詳細設計（SS） | C11: =C5*積算基準!R35 -> 1.2123919 | E11: 詳細設計（SS） | F11: 1 | G11: =工数算出!$L4 -> 3.43 | H11: 1000000 | I11: =G11*H11 -> 3430000 | L11: 詳細設計（SS） | M11: 1 | N11: =ROUNDDOWN(G11,1) -> 3.4 | O11: 1000000 | P11: =N11*O11 -> 3400000 | R11: =N11/SUM($N$9:$N$16) -> 0.093406593 | S11: =$N$19*R11 -> 0.56043956
B12: 開発（PS/PG/PT） | C12: =C5*積算基準!S35 -> 1.7250605 | E12: 開発（PS/PG/PT） | F12: 1 | G12: =工数算出!$M4 -> 6.15 | H12: 1000000 | I12: =G12*H12 -> 6150000 | L12: 開発（PS/PG/PT） | M12: 1 | N12: =ROUNDDOWN(G12,0) -> 6 | O12: 1000000 | P12: =N12*O12 -> 6000000 | R12: =N12/SUM($N$9:$N$16) -> 0.16483516 | S12: =$N$19*R12 -> 0.98901099
B13: 結合テスト（IT） | C13: =C5*積算基準!T35 -> 1.3370951 | E13: 結合テスト（IT） | F13: 1 | G13: =工数算出!$N4 -> 5.84 | H13: 1000000 | I13: =G13*H13 -> 5840000 | L13: 結合テスト（IT） | M13: 1 | N13: =ROUNDUP(G13,0) -> 6 | O13: 1000000 | P13: =N13*O13 -> 6000000 | R13: =N13/SUM($N$9:$N$16) -> 0.16483516 | S13: =$N$19*R13 -> 0.98901099 | T13: =S11+S12+S13 -> 2.5384615 | U13: 2.5 | V13: =U13*O19 -> 3500000
B14: システムテスト（ST） | C14: =C5*積算基準!U35 -> 1.2193198 | E14: システムテスト（ST） | F14: 1 | G14: =工数算出!$O4 -> 5.8 | H14: 1000000 | I14: =G14*H14 -> 5800000 | L14: システムテスト（ST） | M14: 1 | N14: =ROUNDDOWN(G14,1) -> 5.8 | O14: 1000000 | P14: =N14*O14 -> 5800000 | R14: =N14/SUM($N$9:$N$16) -> 0.15934066 | S14: =$N$19*R14 -> 0.95604396
B15: 運用テスト（OT） | C15: =C5*積算基準!V35 -> 0.34639768 | E15: 運用テスト（OT） | F15: 1 | G15: =工数算出!$P4 -> 1.45 | H15: 1000000 | I15: =G15*H15 -> 1450000 | L15: 運用テスト（OT） | M15: 1 | N15: =ROUNDUP(G15,1) -> 1.5 | O15: 1000000 | P15: =N15*O15 -> 1500000 | R15: =N15/SUM($N$9:$N$16) -> 0.041208791 | S15: =$N$19*R15 -> 0.24725275
B16: 本番移行・初期流動（RL） | C16: =サマリ!C5*積算基準!W35 -> 1.0391931 | E16: 本番移行・初期流動（RL） | F16: 1 | G16: =工数算出!$Q4 -> 4.1 | H16: 1000000 | I16: =G16*H16 -> 4100000 | L16: 本番移行・初期流動（RL） | M16: 1 | N16: =ROUNDDOWN(G16,0) -> 4 | O16: 1000000 | P16: =N16*O16 -> 4000000 | R16: =N16/SUM($N$9:$N$16) -> 0.10989011 | S16: =$N$19*R16 -> 0.65934066 | T16: =S14+S15+S16 -> 1.8626374 | U16: 2 | V16: =U16*O19 -> 2800000
B17: その他 | C17: - | E17: その他 | F17: 1 | G17: =工数算出!R4 -> 0 | H17: 1000000 | I17: =G17*H17 -> 0 | L17: その他 | M17: 1 | N17: =工数算出!AD4 -> 0 | O17: 1000000 | P17: =N17*O17 -> 0 | R17: =SUM(R9:R16) -> 1 | S17: =SUM(S9:S16) -> 6
B18: 調整 | C18: - | E18: 調整 | F18: - | H18: 1000000 | I18: =G18*H18 -> 0 | L18: 調整 | M18: - | O18: 1000000 | P18: =N18*O18 -> 0
B19: プロジェクト管理（PM） | C19: - | E19: プロジェクト管理（PM） | F19: 0.15 | G19: =工数算出!T4 -> 5.49 | H19: 1400000 | I19: =G19*H19 -> 7686000 | L19: プロジェクト管理（PM） | M19: 0.15 | N19: =ROUNDUP(SUM($G9:$G18)*0.15,0) -> 6 | O19: 1400000 | P19: =N19*O19 -> 8400000
B23: 参考：STEP数からの見積工数
B25: 工数＝ステップ数÷開発生産性
B26: STEP数 | C26: 557000
B27: 開発生産性（STEP数/月） | C27: 1000
B28: 工数 | C28: =C26/C27 -> 557

Sheet 積算基準
A1: 積算基準
B3: １．難易度を「特高」～「特低」までの５段階に分類する。
C5: 難易度
C6: 特高
C7: 高
C8: 中
C9: 低
C10: 特低
B12: ２．難易度の判断基準は、項目数により、区別する。
C14: 難易度判定：基準項目数
C15: 難易度 | D15: 特高 | E15: 高 | F15: 中 | G15: 低 | H15: 特低
C16: 登録 | D16: 50 | E16: 40 | F16: 30 | G16: 20 | H16: 0
C17: 参照 | D17: 60 | E17: 48 | F17: 36 | G17: 24 | H17: 12
B19: ３．IPA発行「ソフトウェア開発データ白書」に基づく、各工程の工数比率を使用する。
C21: 工数比率（IPA ソフトウェア開発データ白書 2018-2019より） | O21: 工期比率（IPA ソフトウェア開発データ白書 2018-2019より）
C22: 工程 | D22: 基本設計 | E22: 詳細設計 | F22: 製作 | G22: 結合テスト | H22: 総合テスト | I22: 計 | O22: 工程 | P22: 基本設計 | Q22: 詳細設計 | R22: 製作 | S22: 結合テスト | T22: 総合テスト | U22: 計
C23: 工数比率 | D23: 0.169 | E23: 0.175 | F23: 0.326 | G23: 0.2 | H23: 0.13 | I23: =SUM(D23:H23) -> 1 | O23: 工期比率 | P23: 0.207 | Q23: 0.175 | R23: 0.249 | S23: 0.193 | T23: 0.176 | U23: =SUM(P23:T23) -> 1
B25: ４．難易度「中」の基本設計～システムテストまでの標準工数を以下とする。
C27: 標準工数（JUASソフトウェアメトリックス調査より）
C28: 種別 | D28: 画面 | E28: 帳票 | F28: バッチ
C29: 登録 | D29: =0.97*20 -> 19.4 | E29: =0.97*0.7*20 -> 13.58 | F29: =0.26*20 -> 5.2 | H29: =SUM(D29:E29) -> 32.98
B31: ５．他の工程の工数を下記の基準により算出する。
C33: 工程 | D33: 要件定義 | E33: 基本設計 | F33: 詳細設計 | G33: 製作 | H33: 結合テスト | I33: 総合テスト | J33: 運用テスト | K33: 移行切替 | L33: その他 | M33: 計 | O33: 工程 | P33: 要件定義 | Q33: 基本設計 | R33: 詳細設計 | S33: 製作 | T33: 結合テスト | U33: 総合テスト | V33: 運用テスト | W33: 移行切替 | X33: その他 | Y33: 計
C34: 5工程基準 | D34: =SUM(E34:I34)*0.15 -> 0.15 | E34: =D23 -> 0.169 | F34: =E23 -> 0.175 | G34: =F23 -> 0.326 | H34: =G23 -> 0.2 | I34: =H23 -> 0.13 | J34: =SUM(E34:I34)*0.05 -> 0.05 | K34: 0.15 | L34: 0 | M34: =SUM(D34:L34) -> 1.35 | O34: 5工程基準 | P34: =SUM(Q34:U34)*0.15 -> 0.15 | Q34: =P23 -> 0.207 | R34: =Q23 -> 0.175 | S34: =R23 -> 0.249 | T34: =S23 -> 0.193 | U34: =T23 -> 0.176 | V34: =SUM(Q34:U34)*0.05 -> 0.05 | W34: 0.15 | X34: 0 | Y34: =SUM(P34:X34) -> 1.35
C35: 全体比率 | D35: =D34/$M34 -> 0.11111111 | E35: =E34/$M34 -> 0.12518519 | F35: =F34/$M34 -> 0.12962963 | G35: =G34/$M34 -> 0.24148148 | H35: =H34/$M34 -> 0.14814815 | I35: =I34/$M34 -> 0.096296296 | J35: =J34/$M34 -> 0.037037037 | K35: =K34/$M34 -> 0.11111111 | L35: =L34/$M34 -> 0 | M35: =SUM(D35:L35) -> 1 | O35: 全体比率 | P35: =P34/$Y34 -> 0.11111111 | Q35: =Q34/$Y34 -> 0.15333333 | R35: =R34/$Y34 -> 0.12962963 | S35: =S34/$Y34 -> 0.18444444 | T35: =T34/$Y34 -> 0.14296296 | U35: =U34/$Y34 -> 0.13037037 | V35: =V34/$Y34 -> 0.037037037 | W35: =W34/$Y34 -> 0.11111111 | X35: =X34/$Y34 -> 0 | Y35: =SUM(P35:X35) -> 1
B37: ６．他の難易度の工数は、下記の係数に基づき、積算する。
C39: 難易度別の工数係数
C40: 難易度 | D40: 特高 | E40: 高 | F40: 中 | G40: 低 | H40: 特低
C41: 工数比率 | D41: 3 | E41: 1.4 | F41: 1 | G41: 0.6 | H41: 0.2

Sheet 機能一覧
A1: =サマリ!B1 -> 新IRIS操業品質Azure移行
A2: No | B2: 分類 | C2: 名称 | D2: プログラム | E2: 形式 As-Is | F2: 形式 To-Be | G2: 種別 | H2: 対応方針 | I2: 備考
A3: =ROW()-2 -> 1 | B3: PG | C3: メインメニュー | G3: 画面 | H3: 新規
A4: =ROW()-2 -> 2 | B4: PG | C4: AD認証 | G4: 画面 | H4: 新規
A5: =ROW()-2 -> 3 | B5: PG | C5: サブメニュー | G5: 画面 | H5: 新規
A6: =ROW()-2 -> 4 | B6: PG | C6: 各拠点メニュー（北海道） | G6: 画面 | H6: 新規
A7: =ROW()-2 -> 5 | B7: PG | C7: 各拠点メニュー（千葉） | G7: 画面 | H7: 新規
A8: =ROW()-2 -> 6 | B8: PG | C8: 各拠点メニュー（愛知） | G8: 画面 | H8: 新規
A9: =ROW()-2 -> 7 | B9: PG | C9: 各拠点メニュー（徳山） | G9: 画面 | H9: 新規
A10: =ROW()-2 -> 8 | B10: PG | C10: 装置稼動実績データ作成 | D10: D:\skhoksei\App\Sougyou\bin\BINAS_SOUTI.exe | E10: バッチ | G10: 画面 | H10: 再構築
A11: =ROW()-1 -> 10 | B11: PG | C11: 装置稼動実績データ作成 | D11: D:\skchisei\App\Sougyou\bin\BINAS_SOUTI.exe | E11: バッチ
A12: =ROW()-1 -> 11 | B12: PG | C12: 装置稼動実績データ作成 | D12: D:\skaicsei\App\Sougyou\bin\BINAS_SOUTI.exe | E12: バッチ
A13: =ROW()-1 -> 12 | B13: PG | C13: 装置稼動実績データ作成 | D13: D:\sktoksei\App\Sougyou\bin\BINAS_SOUTI.exe | E13: バッチ
A14: =ROW()-1 -> 13 | B14: PG | C14: 二次加工DB | D14: D:\skaicsei\App\Common\DBCOLECT\COL_SERVER.exe | E14: バッチ | G14: 画面 | H14: 廃止 | I14: ※YJPのPGのため、対応不可
A15: =ROW()-1 -> 14 | B15: PG | C15: 製油所データ作成 | D15: D:\skaicsei\App\Sougyou\bin\BINAS_SEIYU.exe | E15: バッチ | G15: 画面 | H15: 再構築
A16: =ROW()-1 -> 15 | B16: PG | C16: DB削除 | D16: D:\skaicsei\App\Sougyou\bin\DELETE_DB.exe | E16: バッチ | G16: 画面 | H16: 再構築
A17: =ROW()-1 -> 16 | B17: PG | C17: 潤滑油タンク在庫編集 | D17: D:\skaicsei\App\Sougyou\bin\EDT_JNKTZAIK.exe | E17: バッチ | G17: 画面 | H17: 再構築
A18: =ROW()-1 -> 17 | B18: PG | C18: 自家燃使用量作成 | D18: D:\skaicsei\App\Sougyou\bin\JIKANEN.exe | E18: バッチ | G18: 画面 | H18: 廃止 | I18: ※廃止。Xenapp側で吸収
A19: =ROW()-1 -> 18 | B19: PG | C19: 自家燃使用量履歴DB格納処理 | D19: D:\skaicsei\App\Sougyou\bin\JIKANEN_HIST.exe | E19: バッチ | G19: 画面 | H19: 廃止 | I19: ※廃止。Xenapp側で吸収
A20: =ROW()-1 -> 19 | B20: PG | C20: PGキック用 | D20: D:\Common\Kick\Kick.exe | E20: バッチ | G20: 共通 | H20: 廃止
A21: =ROW()-1 -> 20 | B21: PG | C21: 潤滑油ファイルからテーブル書込み | D21: D:\skaicsei\App\Sougyou\bin\JUNKATUY_RCV.exe | E21: バッチ | G21: 画面 | H21: 再構築
A22: =ROW()-1 -> 21 | B22: PG | C22: 「潤滑油タンク在庫データ」の作成 | D22: D:\skaicsei\App\Sougyou\bin\JYUNKATU_TRANS.exe | E22: バッチ | G22: 画面 | H22: 再構築
A23: =ROW()-1 -> 22 | B23: PG | C23: 基材加工DB | D23: D:\skaicsei\App\Sougyou\bin\kakouDB.exe | E23: バッチ | G23: 画面 | H23: 再構築
A24: =ROW()-1 -> 23 | B24: PG | C24: 自家燃タンク在庫作成 | D24: D:\skaicsei\App\Sougyou\bin\TANKZAIKO.exe | E24: バッチ | G24: 画面 | H24: 再構築
A25: =ROW()-1 -> 24 | B25: PG | C25: タンク受払実績月報 | D25: D:\skaicsei\App\Sougyou\bin\UKEHARAI.exe | E25: バッチ | G25: 画面 | H25: 再構築
A26: =ROW()-1 -> 25 | B26: PG | C26: 装置運転状況加工DB | D26: D:\skaicsei\App\Sougyou\bin\UNTEN_JYOKYO.exe | E26: バッチ | G26: 画面 | H26: 再構築
A27: =ROW()-1 -> 26 | B27: PG | C27: 用役省エネ単価比較加工ＤＢ | D27: D:\skaicsei\App\Sougyou\bin\YSYOUENE_YOKO.exe | E27: バッチ | G27: 画面 | H27: 再構築
A28: =ROW()-1 -> 27 | B28: PG | C28: タンク増減日報通油量算出 | D28: D:\skaicsei\App\Sougyou\bin\zogen.exe | E28: バッチ | G28: 画面 | H28: 再構築
A29: =ROW()-1 -> 28 | B29: PG | C29: オフサイト実績受信 | D29: G:\EAI\skhoksei\INI\IRIS_OFFSITE.ini | E29: バッチ | G29: ファイル | H29: 継続利用可能
A30: =ROW()-1 -> 29 | B30: PG | C30: オフサイト実績受信 | D30: G:\EAI\skchisei\INI\IRIS_OFFSITE.ini | E30: バッチ | G30: ファイル | H30: 継続利用可能
A31: =ROW()-1 -> 30 | B31: PG | C31: オフサイト実績受信 | D31: G:\EAI\skaicsei\INI\IRIS_OFFSITE.ini | E31: バッチ | G31: ファイル | H31: 継続利用可能
... A50: =ROW()-1 -> 49 | B50: PG | C50: 海上・パイプライン出荷予定実績（子JOB）DB設定 | D50: G:\EAI\skhoksei\DEF\P504.csv | E50: バッチ | G50: ファイル | H50: 継続利用可能
A51: =ROW()-1 -> 50 | B51: PG | C51: オフサイト実績DB取り込み | D51: G:\EAI\skchisei\EXE\File2Db.exe | E51: バッチ
A52: =ROW()-1 -> 51 | B52: PG | C52: オフサイト実績DB取り込み | D52: G:\EAI\skaicsei\EXE\File2Db.exe | E52: バッチ
A53: =ROW()-1 -> 52 | B53: PG | C53: オフサイト実績DB取り込み | D53: G:\EAI\sktoksei\EXE\File2Db.exe | E53: バッチ
A54: =ROW()-1 -> 53 | B54: PG | C54: 海上・パイプライン出荷予定実績（子JOB）DB設定 | D54: G:\EAI\skchisei\DEF\P504.csv | E54: バッチ | G54: ファイル | H54: 継続利用可能
A55: =ROW()-1 -> 54 | B55: PG | C55: 新IRIS連携 変換処理 | D55: G:\EAI\skchisei\EXE\IRIS_convert.exe | E55: バッチ
A56: =ROW()-1 -> 55 | B56: PG | C56: 新IRIS連携 変換処理 | D56: G:\EAI\skaicsei\EXE\IRIS_convert.exe | E56: バッチ
A57: =ROW()-1 -> 56 | B57: PG | C57: 新IRIS連携 変換処理 | D57: G:\EAI\sktoksei\EXE\IRIS_convert.exe | E57: バッチ
A58: =ROW()-1 -> 57 | B58: PG | C58: 海上・パイプライン出荷予定実績（子JOB）DB設定 | D58: G:\EAI\skaicsei\DEF\P504.csv | E58: バッチ | G58: ファイル | H58: 継続利用可能
A59: =ROW()-1 -> 58 | B59: PG | C59: XMLファイル読み込み | D59: G:\EAI\skchisei\EXE\ReadXml.dll | E59: バッチ
A60: =ROW()-1 -> 59 | B60: PG | C60: XMLファイル読み込み | D60: G:\EAI\skaicsei\EXE\ReadXml.dll | E60: バッチ
A61: =ROW()-1 -> 60 | B61: PG | C61: XMLファイル読み込み | D61: G:\EAI\sktoksei\EXE\ReadXml.dll | E61: バッチ
A62: =ROW()-1 -> 61 | B62: PG | C62: 海上・パイプライン出荷予定実績（子JOB）DB設定 | D62: G:\EAI\sktoksei\DEF\P504.csv | E62: バッチ | G62: ファイル | H62: 継続利用可能
A63: =ROW()-1 -> 62 | B63: PG | C63: オフサイト実績文字コード変換 | D63: G:\EAI\skchisei\DEF\EUC_SJS.cnv | E63: バッチ
A64: =ROW()-1 -> 63 | B64: PG | C64: オフサイト実績文字コード変換 | D64: G:\EAI\skaicsei\DEF\EUC_SJS.cnv | E64: バッチ
A65: =ROW()-1 -> 64 | B65: PG | C65: オフサイト実績文字コード変換 | D65: G:\EAI\sktoksei\DEF\EUC_SJS.cnv | E65: バッチ
A66: =ROW()-1 -> 65 | B66: PG | C66: 海上・パイプライン出荷予定実績（子JOB）変換処理 | D66: G:\EAI\skhoksei\DEF\P504_convert.csv | E66: バッチ | G66: ファイル | H66: 継続利用可能
A67: =ROW()-1 -> 66 | B67: PG | C67: 海上・パイプライン出荷予定実績（子JOB）変換処理 | D67: G:\EAI\skchisei\DEF\P504_convert.csv | E67: バッチ | G67: ファイル | H67: 継続利用可能
A68: =ROW()-1 -> 67 | B68: PG | C68: 海上・パイプライン出荷予定実績（子JOB）変換処理 | D68: G:\EAI\skaicsei\DEF\P504_convert.csv | E68: バッチ | G68: ファイル | H68: 継続利用可能
A69: =ROW()-1 -> 68 | B69: PG | C69: 海上・パイプライン出荷予定実績（子JOB）変換処理 | D69: G:\EAI\sktoksei\DEF\P504_convert.csv | E69: バッチ | G69: ファイル | H69: 継続利用可能
A70: =ROW()-1 -> 69 | B70: PG | C70: 陸上出荷予定実績（油種別）DB設定 | D70: G:\EAI\skhoksei\DEF\P506.csv | E70: バッチ | G70: ファイル | H70: 継続利用可能
A71: =ROW()-1 -> 70 | B71: PG | C71: 陸上出荷予定実績（油種別）DB設定 | D71: G:\EAI\skchisei\DEF\P506.csv | E71: バッチ | G71: ファイル | H71: 継続利用可能
A72: =ROW()-1 -> 71 | B72: PG | C72: 陸上出荷予定実績（油種別）DB設定 | D72: G:\EAI\skaicsei\DEF\P506.csv | E72: バッチ | G72: ファイル | H72: 継続利用可能
A73: =ROW()-1 -> 72 | B73: PG | C73: 陸上出荷予定実績（油種別）DB設定 | D73: G:\EAI\sktoksei\DEF\P506.csv | E73: バッチ | G73: ファイル | H73: 継続利用可能
A74: =ROW()-1 -> 73 | B74: PG | C74: 陸上出荷予定実績（車番別）DB設定 | D74: G:\EAI\skhoksei\DEF\P507.csv | E74: バッチ | G74: ファイル | H74: 継続利用可能
A75: =ROW()-1 -> 74 | B75: PG | C75: 陸上出荷予定実績（車番別）DB設定 | D75: G:\EAI\skchisei\DEF\P507.csv | E75: バッチ | G75: ファイル | H75: 継続利用可能
A76: =ROW()-1 -> 75 | B76: PG | C76: 陸上出荷予定実績（車番別）DB設定 | D76: G:\EAI\skaicsei\DEF\P507.csv | E76: バッチ | G76: ファイル | H76: 継続利用可能
A77: =ROW()-1 -> 76 | B77: PG | C77: 陸上出荷予定実績（車番別）DB設定 | D77: G:\EAI\sktoksei\DEF\P507.csv | E77: バッチ | G77: ファイル | H77: 継続利用可能
... A164: =ROW()-1 -> 163 | B164: PG | C164: メール送信設定ファイル | D164: D:\skhoksei\App\Sougyou\conf\binas\MAIL_INFO.INI | E164: バッチ | G164: ファイル | H164: 継続利用可能
A165: =ROW()-1 -> 164 | B165: PG | C165: メール送信設定ファイル | D165: D:\skchisei\App\Sougyou\conf\binas\MAIL_INFO.INI | E165: バッチ
A166: =ROW()-1 -> 165 | B166: PG | C166: メール送信設定ファイル | D166: D:\skaicsei\App\Sougyou\conf\binas\MAIL_INFO.INI | E166: バッチ
A167: =ROW()-1 -> 166 | B167: PG | C167: メール送信設定ファイル | D167: D:\sktoksei\App\Sougyou\conf\binas\MAIL_INFO.INI | E167: バッチ
A168: =ROW()-1 -> 167 | B168: PG | C168: EAI共通XMLファイル | D168: D:\skhoksei\App\Sougyou\bin\EAIINFO.xml | E168: バッチ | G168: ファイル | H168: 継続利用可能
A169: =ROW()-1 -> 168 | B169: PG | C169: EAI共通XMLファイル | D169: D:\skchisei\App\Sougyou\bin\EAIINFO.xml | E169: バッチ | G169: ファイル | H169: 継続利用可能
A170: =ROW()-1 -> 169 | B170: PG | C170: EAI共通XMLファイル | D170: D:\skaicsei\App\Sougyou\bin\EAIINFO.xml | E170: バッチ | G170: ファイル | H170: 継続利用可能
A171: =ROW()-1 -> 170 | B171: PG | C171: EAI共通XMLファイル | D171: D:\sktoksei\App\Sougyou\bin\EAIINFO.xml | E171: バッチ | G171: ファイル | H171: 継続利用可能
A172: =ROW()-1 -> 171 | B172: PG | C172: 石油MES共通INIファイル | D172: D:\skhoksei\App\Sougyou\bin\MES.INI | E172: バッチ | G172: ファイル | H172: 継続利用可能
A173: =ROW()-1 -> 172 | B173: PG | C173: 石油MES共通INIファイル | D173: D:\skchisei\App\Sougyou\bin\MES.INI | E173: バッチ | G173: ファイル | H173: 継続利用可能
A174: =ROW()-1 -> 173 | B174: PG | C174: 石油MES共通INIファイル | D174: D:\skaicsei\App\Sougyou\bin\MES.INI | E174: バッチ | G174: ファイル | H174: 継続利用可能
A175: =ROW()-1 -> 174 | B175: PG | C175: 石油MES共通INIファイル | D175: D:\sktoksei\App\Sougyou\bin\MES.INI | E175: バッチ | G175: ファイル | H175: 継続利用可能
A176: =ROW()-1 -> 175 | B176: PG | C176: 装置稼動実績マスタファイル | D176: D:\skhoksei\App\Sougyou\bin\SOUTI_KADOU.ini | E176: バッチ | G176: ファイル | H176: 継続利用可能
A177: =ROW()-1 -> 176 | B177: PG | C177: 装置稼動実績マスタファイル | D177: D:\skchisei\App\Sougyou\bin\SOUTI_KADOU.ini | E177: バッチ | G177: ファイル | H177: 継続利用可能
A178: =ROW()-1 -> 177 | B178: PG | C178: 装置稼動実績マスタファイル | D178: D:\skaicsei\App\Sougyou\bin\SOUTI_KADOU.ini | E178: バッチ | G178: ファイル | H178: 継続利用可能
A179: =ROW()-1 -> 178 | B179: PG | C179: 装置稼動実績マスタファイル | D179: D:\sktoksei\App\Sougyou\bin\SOUTI_KADOU.ini | E179: バッチ | G179: ファイル | H179: 継続利用可能
... A184: =ROW()-1 -> 183 | B184: PG | C184: EAIリモートログ監視メッセージ設定 | D184: D:\skhoksei\App\Sougyou\bin\EAI_LOG_WATCH.INI | E184: バッチ | G184: ファイル | H184: 継続利用可能
A185: =ROW()-1 -> 184 | B185: PG | C185: EAIリモートログ監視メッセージ設定 | D185: D:\skchisei\App\Sougyou\bin\EAI_LOG_WATCH.INI | E185: バッチ
A186: =ROW()-1 -> 185 | B186: PG | C186: EAIリモートログ監視メッセージ設定 | D186: D:\skaicsei\App\Sougyou\bin\EAI_LOG_WATCH.INI | E186: バッチ
A187: =ROW()-1 -> 186 | B187: PG | C187: EAIリモートログ監視メッセージ設定 | D187: D:\sktoksei\App\Sougyou\bin\EAI_LOG_WATCH.INI | E187: バッチ
A188: =ROW()-1 -> 187 | B188: PG | C188: ディス容量チェック(設定ファイル) | D188: D:\Common\ChkDiskFree\ChkDiskFree.txt | E188: バッチ | G188: ファイル | H188: 継続利用可能
A189: =ROW()-1 -> 188 | B189: PG | C189: 二次加工DB(設定ファイル) | D189: D:\skaicsei\App\Common\DBCOLECT\coleng.ini | E189: バッチ | G189: ファイル | H189: 継続利用可能
A190: =ROW()-1 -> 189 | B190: PG | C190: 二次加工DB(設定ファイル) | D190: D:\skaicsei\App\Common\DBCOLECT\tool.ini | E190: バッチ | G190: ファイル | H190: 継続利用可能
A191: =ROW()-1 -> 190 | B191: PG | C191: 潤滑油設定ファイル | D191: D:\skaicsei\App\Sougyou\bin\junkatuyu.ini | E191: バッチ | G191: ファイル | H191: 継続利用可能
A192: =ROW()-1 -> 191 | B192: PG | C192: 二次加工DB(設定ファイル) | D192: D:\skchisei\App\Common\DBCOLECT\coleng.ini | E192: バッチ | G192: ファイル | H192: 継続利用可能
A193: =ROW()-1 -> 192 | B193: PG | C193: 二次加工DB(設定ファイル) | D193: D:\skchisei\App\Common\DBCOLECT\tool.ini | E193: バッチ | G193: ファイル | H193: 継続利用可能
A194: =ROW()-1 -> 193 | B194: PG | C194: 潤滑油設定ファイル | D194: D:\skchisei\App\Sougyou\bin\junkatuyu.ini | E194: バッチ | G194: ファイル | H194: 継続利用可能
A195: =ROW()-1 -> 194 | B195: PG | C195: オペマネ開始ジョブ | D195: D:\skchisei\App\Sougyou\bin\Run.bat | E195: バッチ | G195: ファイル | H195: 継続利用可能
A196: =ROW()-1 -> 195 | B196: PG | C196: 二次加工DB(設定ファイル) | D196: D:\skhoksei\App\Common\DBCOLECT\coleng.ini | E196: バッチ | G196: ファイル | H196: 継続利用可能
A197: =ROW()-1 -> 196 | B197: PG | C197: 二次加工DB(設定ファイル) | D197: D:\skhoksei\App\Common\DBCOLECT\tool.ini | E197: バッチ | G197: ファイル | H197: 継続利用可能
A198: =ROW()-1 -> 197 | B198: PG | C198: 潤滑油設定ファイル | D198: D:\skhoksei\App\Sougyou\bin\junkatuyu.ini | E198: バッチ | G198: ファイル | H198: 継続利用可能
A199: =ROW()-1 -> 198 | B199: PG | C199: 二次加工DB(設定ファイル) | D199: D:\sktoksei\App\Common\DBCOLECT\coleng.ini | E199: バッチ | G199: ファイル | H199: 継続利用可能
... A201: =ROW()-1 -> 200 | B201: PG | C201: 潤滑油設定ファイル | D201: D:\sktoksei\App\Sougyou\bin\junkatuyu.ini | E201: バッチ | G201: ファイル | H201: 継続利用可能
A202: =ROW()-1 -> 201 | B202: PG | C202: OWFT廃止対応（FTP送信用設定ファイル） | E202: バッチ | G202: ファイル | H202: 新規 | I202: ※廃止。Xenapp側で吸収
A203: =ROW()-1 -> 202 | B203: PG | C203: 装置稼動実績 | D203: D:\skhoksei\App\Sougyou\conf\binas\D204.bat | E203: バッチ | G203: バッチ | H203: 再構築 | I203: 機能統合も検討余地あり
A204: =ROW()-1 -> 203 | B204: PG | C204: 装置稼動実績 | D204: D:\skchisei\App\Sougyou\conf\binas\D204.bat | E204: バッチ | G204: バッチ | H204: 廃止 | I204: 機能統合も検討余地あり
A205: =ROW()-1 -> 204 | B205: PG | C205: 装置稼動実績 | D205: D:\skaicsei\App\Sougyou\conf\binas\D204.bat | E205: バッチ | G205: バッチ | H205: 廃止 | I205: 機能統合も検討余地あり
A206: =ROW()-1 -> 205 | B206: PG | C206: 装置稼動実績 | D206: D:\sktoksei\App\Sougyou\conf\binas\D204.bat | E206: バッチ | G206: バッチ | H206: 廃止 | I206: 機能統合も検討余地あり
A207: =ROW()-1 -> 206 | B207: PG | C207: 日別装置稼動実績処理 | D207: D:\skhoksei\App\Sougyou\conf\binas\BINAS_S99.bat | E207: バッチ | G207: バッチ | H207: 再構築 | I207: 機能統合も検討余地あり
A208: =ROW()-1 -> 207 | B208: PG | C208: 日別装置稼動実績処理 | D208: D:\skchisei\App\Sougyou\conf\binas\BINAS_S99.bat | E208: バッチ | G208: バッチ | H208: 廃止 | I208: 機能統合も検討余地あり
A209: =ROW()-1 -> 208 | B209: PG | C209: 日別装置稼動実績処理 | D209: D:\skaicsei\App\Sougyou\conf\binas\BINAS_S99.bat | E209: バッチ | G209: バッチ | H209: 廃止 | I209: 機能統合も検討余地あり
...

Sheet 工数算出
A1: =サマリ!B1 -> 新IRIS操業品質Azure移行 | J1: SA | K1: UI | L1: SS | M1: PS/PG/PT | N1: IT | O1: ST | P1: OT | Q1: RL | R1: その他 | S1: 調整 | T1: PM | U1: 合計
G2: 工数（人日） | J2: =SUM(J10:J519) -> 94.3 | K2: =SUM(K10:K519) -> 100.9 | L2: =SUM(L10:L519) -> 68.5 | M2: =SUM(M10:M519) -> 122.9 | N2: =SUM(N10:N519) -> 116.6 | O2: =SUM(O10:O519) -> 115.9 | P2: =SUM(P10:P519) -> 29 | Q2: =SUM(Q10:Q519) -> 81.9 | ... T2: =SUM(T10:T519) -> 132.6 | U2: =SUM(J2:T2) -> 862.6
G3: 工数（人月） | J3: =J2/20 -> 4.715 | K3: =K2/20 -> 5.045 | L3: =L2/20 -> 3.425 | M3: =M2/20 -> 6.145 | N3: =N2/20 -> 5.83 | O3: =O2/20 -> 5.795 | P3: =P2/20 -> 1.45 | Q3: =Q2/20 -> 4.095 | ... T3: =T2/20 -> 6.63 | U3: =SUM(J3:T3) -> 43.13
A4: 見積金額 | D4: =U5 -> 44226000 | G4: 調整後工数（人月） | J4: =ROUNDUP(J3,2) -> 4.72 | K4: =ROUNDUP(K3,2) -> 5.05 | L4: =ROUNDUP(L3,2) -> 3.43 | M4: =ROUNDUP(M3,2) -> 6.15 | N4: =ROUNDUP(N3,2) -> 5.84 | O4: =ROUNDUP(O3,2) -> 5.8 | P4: =ROUNDUP(P3,2) -> 1.45 | Q4: =ROUNDUP(Q3,2) -> 4.1 | ... S4: =ROUNDUP(S3,2) -> 0 | T4: =ROUNDUP(SUM(J4:S4)*T8,2) -> 5.49 | U4: =SUM(J4:T4) -> 42.03
G5: 金額 | J5: =J4*J9 -> 4720000 | K5: =K4*K9 -> 5050000 | L5: =L4*L9 -> 3430000 | M5: =M4*M9 -> 6150000 | N5: =N4*N9 -> 5840000 | O5: =O4*O9 -> 5800000 | P5: =P4*P9 -> 1450000 | Q5: =Q4*Q9 -> 4100000 | ... T5: =T4*T9 -> 7686000 | U5: =SUM(J5:T5) -> 44226000
A7: No, | B7: 分類 | D7: 項目 | E7: 種別 | F7: 登録 | G7: 項目数 | H7: STEP数 | I7: 難易度 | J7: SA | K7: UI | L7: SS | M7: PS/PG/PT | N7: IT | O7: ST | P7: OT | Q7: RL | R7: その他 | S7: 調整 | T7: PM | U7: 合計（人日） | V7: 合計（人月） | W7: 金額 | X7: 備考
J8: =サマリ!F9 -> 1 | K8: =サマリ!F10 -> 1 | L8: =サマリ!F11 -> 1 | M8: =サマリ!F12 -> 1 | N8: =サマリ!F13 -> 1 | O8: =サマリ!F14 -> 1 | P8: =サマリ!F15 -> 1 | Q8: =サマリ!F16 -> 1 | R8: =サマリ!F17 -> 1 | S8: =サマリ!F18 -> - | T8: =サマリ!F19 -> 0.15
J9: =サマリ!H9 -> 1000000 | K9: =サマリ!H10 -> 1000000 | L9: =サマリ!H11 -> 1000000 | M9: =サマリ!H12 -> 1000000 | N9: =サマリ!H13 -> 1000000 | O9: =サマリ!H14 -> 1000000 | P9: =サマリ!H15 -> 1000000 | Q9: =サマリ!H16 -> 1000000 | R9: =サマリ!H17 -> 1000000 | S9: =サマリ!H18 -> 1000000 | T9: =サマリ!H19 -> 1400000
A10: =ROW()-9 -> 1 | B10: PG | C10: メインメニュー | E10: 画面 | I10: 低 | J10: =ROUNDUP(IF($E10="画面",画面係数,IF($E10="帳票",帳票係数,IF($E10="バッチ",バッチ係数,0))) * IF($I10="特高",特高係数,IF($I10="高",高係数,IF($I10="中",中係数,IF($I10="低",低係数,IF($I10="特低",特低係数,0))))) * IF(J$7="SA",要件定義係数,IF(J$7="UI",基本設計係数,IF(J$7="SS",詳細設計係数,IF(J$7="PS/PG/PT",製作係数,IF(J$7="IT",結合テスト係数,IF(J$7="ST",総合テスト係数,IF(J$7="OT",受入支援係数,IF(J$7="RL",移行切替係数,IF(J$7="その他",その他係数,0))))))))) * J$8,1) -> 1.3 | K10: =ROUNDUP(IF($E10="画面",画面係数,IF($E10="帳票",帳票係数,IF($E10="バッチ",バッチ係数,0))) * IF($I10="特高",特高係数,IF($I10="高",高係数,IF($I10="中",中係数,IF($I10="低",低係数,IF($I10="特低",特低係数,0))))) * IF(K$7="SA",要件定義係数,IF(K$7="UI",基本設計係数,IF(K$7="SS",詳細設計係数,IF(K$7="PS/PG/PT",製作係数,IF(K$7="IT",結合テスト係数,IF(K$7="ST",総合テスト係数,IF(K$7="OT",受入支援係数,IF(K$7="RL",移行切替係数,IF(K$7="その他",その他係数,0))))))))) * K$8,1) -> 1.5 | L10: =ROUNDUP(IF($E10="画面",画面係数,IF($E10="帳票",帳票係数,IF($E10="バッチ",バッチ係数,0))) * IF($I10="特高",特高係数,IF($I10="高",高係数,IF($I10="中",中係数,IF($I10="低",低係数,IF($I10="特低",特低係数,0))))) * IF(L$7="SA",要件定義係数,IF(L$7="UI",基本設計係数,IF(L$7="SS",詳細設計係数,IF(L$7="PS/PG/PT",製作係数,IF(L$7="IT",結合テスト係数,IF(L$7="ST",総合テスト係数,IF(L$7="OT",受入支援係数,IF(L$7="RL",移行切替係数,IF(L$7="その他",その他係数,0))))))))) * L$8,1) -> 1.6 | M10: =ROUNDUP(IF($E10="画面",画面係数,IF($E10="帳票",帳票係数,IF($E10="バッチ",バッチ係数,0))) * IF($I10="特高",特高係数,IF($I10="高",高係数,IF($I10="中",中係数,IF($I10="低",低係数,IF($I10="特低",特低係数,0))))) * IF(M$7="SA",要件定義係数,IF(M$7="UI",基本設計係数,IF(M$7="SS",詳細設計係数,IF(M$7="PS/PG/PT",製作係数,IF(M$7="IT",結合テスト係数,IF(M$7="ST",総合テスト係数,IF(M$7="OT",受入支援係数,IF(M$7="RL",移行切替係数,IF(M$7="その他",その他係数,0))))))))) * M$8,1) -> 2.9 | N10: =ROUNDUP(IF($E10="画面",画面係数,IF($E10="帳票",帳票係数,IF($E10="バッチ",バッチ係数,0))) * IF($I10="特高",特高係数,IF($I10="高",高係数,IF($I10="中",中係数,IF($I10="低",低係数,IF($I10="特低",特低係数,0))))) * IF(N$7="SA",要件定義係数,IF(N$7="UI",基本設計係数,IF(N$7="SS",詳細設計係数,IF(N$7="PS/PG/PT",製作係数,IF(N$7="IT",結合テスト係数,IF(N$7="ST",総合テスト係数,IF(N$7="OT",受入支援係数,IF(N$7="RL",移行切替係数,IF(N$7="その他",その他係数,0))))))))) * N$8,1) -> 1.8 | O10: =ROUNDUP(IF($E10="画面",画面係数,IF($E10="帳票",帳票係数,IF($E10="バッチ",バッチ係数,0))) * IF($I10="特高",特高係数,IF($I10="高",高係数,IF($I10="中",中係数,IF($I10="低",低係数,IF($I10="特低",特低係数,0))))) * IF(O$7="SA",要件定義係数,IF(O$7="UI",基本設計係数,IF(O$7="SS",詳細設計係数,IF(O$7="PS/PG/PT",製作係数,IF(O$7="IT",結合テスト係数,IF(O$7="ST",総合テスト係数,IF(O$7="OT",受入支援係数,IF(O$7="RL",移行切替係数,IF(O$7="その他",その他係数,0))))))))) * O$8,1) -> 1.2 | P10: =ROUNDUP(IF($E10="画面",画面係数,IF($E10="帳票",帳票係数,IF($E10="バッチ",バッチ係数,0))) * IF($I10="特高",特高係数,IF($I10="高",高係数,IF($I10="中",中係数,IF($I10="低",低係数,IF($I10="特低",特低係数,0))))) * IF(P$7="SA",要件定義係数,IF(P$7="UI",基本設計係数,IF(P$7="SS",詳細設計係数,IF(P$7="PS/PG/PT",製作係数,IF(P$7="IT",結合テスト係数,IF(P$7="ST",総合テスト係数,IF(P$7="OT",受入支援係数,IF(P$7="RL",移行切替係数,IF(P$7="その他",その他係数,0))))))))) * P$8,1) -> 0.5 | Q10: =ROUNDUP(IF($E10="画面",画面係数,IF($E10="帳票",帳票係数,IF($E10="バッチ",バッチ係数,0))) * IF($I10="特高",特高係数,IF($I10="高",高係数,IF($I10="中",中係数,IF($I10="低",低係数,IF($I10="特低",特低係数,0))))) * IF(Q$7="SA",要件定義係数,IF(Q$7="UI",基本設計係数,IF(Q$7="SS",詳細設計係数,IF(Q$7="PS/PG/PT",製作係数,IF(Q$7="IT",結合テスト係数,IF(Q$7="ST",総合テスト係数,IF(Q$7="OT",受入支援係数,IF(Q$7="RL",移行切替係数,IF(Q$7="その他",その他係数,0))))))))) * Q$8,1) -> 1.3 | R10: =ROUNDUP(IF($E10="画面",画面係数,IF($E10="帳票",帳票係数,IF($E10="バッチ",バッチ係数,0))) * IF($I10="特高",特高係数,IF($I10="高",高係数,IF($I10="中",中係数,IF($I10="低",低係数,IF($I10="特低",特低係数,0))))) * IF(R$7="SA",要件定義係数,IF(R$7="UI",基本設計係数,IF(R$7="SS",詳細設計係数,IF(R$7="PS/PG/PT",製作係数,IF(R$7="IT",結合テスト係数,IF(R$7="ST",総合テスト係数,IF(R$7="OT",受入支援係数,IF(R$7="RL",移行切替係数,IF(R$7="その他",その他係数,0))))))))) * R$8,1) -> 0 | T10: =ROUNDUP(SUM(J10:S10)*T$8,1) -> 1.9 | U10: =SUM(J10:T10) -> 14 | V10: =U10/20 -> 0.7 | W10: =((J10*J$9) + (K10*K$9) + (L10*L$9) + (M10*M$9) + (N10*N$9) + (O10*O$9) + (P10*P$9) + (Q10*Q$9) + (R10*R$9) + (S10*S$9) + (T10*T$9))/20 -> 738000
A11: =ROW()-9 -> 2 | B11: PG | C11: AD認証 | E11: 画面 | I11: 高 | J11: =ROUNDUP(IF($E11="画面",画面係数,IF($E11="帳票",帳票係数,IF($E11="バッチ",バッチ係数,0))) * IF($I11="特高",特高係数,IF($I11="高",高係数,IF($I11="中",中係数,IF($I11="低",低係数,IF($I11="特低",特低係数,0))))) * IF(J$7="SA",要件定義係数,IF(J$7="UI",基本設計係数,IF(J$7="SS",詳細設計係数,IF(J$7="PS/PG/PT",製作係数,IF(J$7="IT",結合テスト係数,IF(J$7="ST",総合テスト係数,IF(J$7="OT",受入支援係数,IF(J$7="RL",移行切替係数,IF(J$7="その他",その他係数,0))))))))) * J$8,1) -> 3.1 | K11: =ROUNDUP(IF($E11="画面",画面係数,IF($E11="帳票",帳票係数,IF($E11="バッチ",バッチ係数,0))) * IF($I11="特高",特高係数,IF($I11="高",高係数,IF($I11="中",中係数,IF($I11="低",低係数,IF($I11="特低",特低係数,0))))) * IF(K$7="SA",要件定義係数,IF(K$7="UI",基本設計係数,IF(K$7="SS",詳細設計係数,IF(K$7="PS/PG/PT",製作係数,IF(K$7="IT",結合テスト係数,IF(K$7="ST",総合テスト係数,IF(K$7="OT",受入支援係数,IF(K$7="RL",移行切替係数,IF(K$7="その他",その他係数,0))))))))) * K$8,1) -> 3.5 | L11: =ROUNDUP(IF($E11="画面",画面係数,IF($E11="帳票",帳票係数,IF($E11="バッチ",バッチ係数,0))) * IF($I11="特高",特高係数,IF($I11="高",高係数,IF($I11="中",中係数,IF($I11="低",低係数,IF($I11="特低",特低係数,0))))) * IF(L$7="SA",要件定義係数,IF(L$7="UI",基本設計係数,IF(L$7="SS",詳細設計係数,IF(L$7="PS/PG/PT",製作係数,IF(L$7="IT",結合テスト係数,IF(L$7="ST",総合テスト係数,IF(L$7="OT",受入支援係数,IF(L$7="RL",移行切替係数,IF(L$7="その他",その他係数,0))))))))) * L$8,1) -> 3.6 | M11: =ROUNDUP(IF($E11="画面",画面係数,IF($E11="帳票",帳票係数,IF($E11="バッチ",バッチ係数,0))) * IF($I11="特高",特高係数,IF($I11="高",高係数,IF($I11="中",中係数,IF($I11="低",低係数,IF($I11="特低",特低係数,0))))) * IF(M$7="SA",要件定義係数,IF(M$7="UI",基本設計係数,IF(M$7="SS",詳細設計係数,IF(M$7="PS/PG/PT",製作係数,IF(M$7="IT",結合テスト係数,IF(M$7="ST",総合テスト係数,IF(M$7="OT",受入支援係数,IF(M$7="RL",移行切替係数,IF(M$7="その他",その他係数,0))))))))) * M$8,1) -> 6.6 | N11: =ROUNDUP(IF($E11="画面",画面係数,IF($E11="帳票",帳票係数,IF($E11="バッチ",バッチ係数,0))) * IF($I11="特高",特高係数,IF($I11="高",高係数,IF($I11="中",中係数,IF($I11="低",低係数,IF($I11="特低",特低係数,0))))) * IF(N$7="SA",要件定義係数,IF(N$7="UI",基本設計係数,IF(N$7="SS",詳細設計係数,IF(N$7="PS/PG/PT",製作係数,IF(N$7="IT",結合テスト係数,IF(N$7="ST",総合テスト係数,IF(N$7="OT",受入支援係数,IF(N$7="RL",移行切替係数,IF(N$7="その他",その他係数,0))))))))) * N$8,1) -> 4.1 | O11: =ROUNDUP(IF($E11="画面",画面係数,IF($E11="帳票",帳票係数,IF($E11="バッチ",バッチ係数,0))) * IF($I11="特高",特高係数,IF($I11="高",高係数,IF($I11="中",中係数,IF($I11="低",低係数,IF($I11="特低",特低係数,0))))) * IF(O$7="SA",要件定義係数,IF(O$7="UI",基本設計係数,IF(O$7="SS",詳細設計係数,IF(O$7="PS/PG/PT",製作係数,IF(O$7="IT",結合テスト係数,IF(O$7="ST",総合テスト係数,IF(O$7="OT",受入支援係数,IF(O$7="RL",移行切替係数,IF(O$7="その他",その他係数,0))))))))) * O$8,1) -> 2.7 | P11: =ROUNDUP(IF($E11="画面",画面係数,IF($E11="帳票",帳票係数,IF($E11="バッチ",バッチ係数,0))) * IF($I11="特高",特高係数,IF($I11="高",高係数,IF($I11="中",中係数,IF($I11="低",低係数,IF($I11="特低",特低係数,0))))) * IF(P$7="SA",要件定義係数,IF(P$7="UI",基本設計係数,IF(P$7="SS",詳細設計係数,IF(P$7="PS/PG/PT",製作係数,IF(P$7="IT",結合テスト係数,IF(P$7="ST",総合テスト係数,IF(P$7="OT",受入支援係数,IF(P$7="RL",移行切替係数,IF(P$7="その他",その他係数,0))))))))) * P$8,1) -> 1.1 | Q11: =ROUNDUP(IF($E11="画面",画面係数,IF($E11="帳票",帳票係数,IF($E11="バッチ",バッチ係数,0))) * IF($I11="特高",特高係数,IF($I11="高",高係数,IF($I11="中",中係数,IF($I11="低",低係数,IF($I11="特低",特低係数,0))))) * IF(Q$7="SA",要件定義係数,IF(Q$7="UI",基本設計係数,IF(Q$7="SS",詳細設計係数,IF(Q$7="PS/PG/PT",製作係数,IF(Q$7="IT",結合テスト係数,IF(Q$7="ST",総合テスト係数,IF(Q$7="OT",受入支援係数,IF(Q$7="RL",移行切替係数,IF(Q$7="その他",その他係数,0))))))))) * Q$8,1) -> 3.1 | R11: =ROUNDUP(IF($E11="画面",画面係数,IF($E11="帳票",帳票係数,IF($E11="バッチ",バッチ係数,0))) * IF($I11="特高",特高係数,IF($I11="高",高係数,IF($I11="中",中係数,IF($I11="低",低係数,IF($I11="特低",特低係数,0))))) * IF(R$7="SA",要件定義係数,IF(R$7="UI",基本設計係数,IF(R$7="SS",詳細設計係数,IF(R$7="PS/PG/PT",製作係数,IF(R$7="IT",結合テスト係数,IF(R$7="ST",総合テスト係数,IF(R$7="OT",受入支援係数,IF(R$7="RL",移行切替係数,IF(R$7="その他",その他係数,0))))))))) * R$8,1) -> 0 | T11: =ROUNDUP(SUM(J11:S11)*T$8,1) -> 4.2 | U11: =SUM(J11:T11) -> 32 | V11: =U11/20 -> 1.6 | W11: =((J11*J$9) + (K11*K$9) + (L11*L$9) + (M11*M$9) + (N11*N$9) + (O11*O$9) + (P11*P$9) + (Q11*Q$9) + (R11*R$9) + (S11*S$9) + (T11*T$9))/20 -> 1684000
A12: =ROW()-9 -> 3 | B12: PG | C12: サブメニュー | E12: 画面 | I12: 低 | J12: =ROUNDUP(IF($E12="画面",画面係数,IF($E12="帳票",帳票係数,IF($E12="バッチ",バッチ係数,0))) * IF($I12="特高",特高係数,IF($I12="高",高係数,IF($I12="中",中係数,IF($I12="低",低係数,IF($I12="特低",特低係数,0))))) * IF(J$7="SA",要件定義係数,IF(J$7="UI",基本設計係数,IF(J$7="SS",詳細設計係数,IF(J$7="PS/PG/PT",製作係数,IF(J$7="IT",結合テスト係数,IF(J$7="ST",総合テスト係数,IF(J$7="OT",受入支援係数,IF(J$7="RL",移行切替係数,IF(J$7="その他",その他係数,0))))))))) * J$8,1) -> 1.3 | K12: =ROUNDUP(IF($E12="画面",画面係数,IF($E12="帳票",帳票係数,IF($E12="バッチ",バッチ係数,0))) * IF($I12="特高",特高係数,IF($I12="高",高係数,IF($I12="中",中係数,IF($I12="低",低係数,IF($I12="特低",特低係数,0))))) * IF(K$7="SA",要件定義係数,IF(K$7="UI",基本設計係数,IF(K$7="SS",詳細設計係数,IF(K$7="PS/PG/PT",製作係数,IF(K$7="IT",結合テスト係数,IF(K$7="ST",総合テスト係数,IF(K$7="OT",受入支援係数,IF(K$7="RL",移行切替係数,IF(K$7="その他",その他係数,0))))))))) * K$8,1) -> 1.5 | L12: =ROUNDUP(IF($E12="画面",画面係数,IF($E12="帳票",帳票係数,IF($E12="バッチ",バッチ係数,0))) * IF($I12="特高",特高係数,IF($I12="高",高係数,IF($I12="中",中係数,IF($I12="低",低係数,IF($I12="特低",特低係数,0))))) * IF(L$7="SA",要件定義係数,IF(L$7="UI",基本設計係数,IF(L$7="SS",詳細設計係数,IF(L$7="PS/PG/PT",製作係数,IF(L$7="IT",結合テスト係数,IF(L$7="ST",総合テスト係数,IF(L$7="OT",受入支援係数,IF(L$7="RL",移行切替係数,IF(L$7="その他",その他係数,0))))))))) * L$8,1) -> 1.6 | M12: =ROUNDUP(IF($E12="画面",画面係数,IF($E12="帳票",帳票係数,IF($E12="バッチ",バッチ係数,0))) * IF($I12="特高",特高係数,IF($I12="高",高係数,IF($I12="中",中係数,IF($I12="低",低係数,IF($I12="特低",特低係数,0))))) * IF(M$7="SA",要件定義係数,IF(M$7="UI",基本設計係数,IF(M$7="SS",詳細設計係数,IF(M$7="PS/PG/PT",製作係数,IF(M$7="IT",結合テスト係数,IF(M$7="ST",総合テスト係数,IF(M$7="OT",受入支援係数,IF(M$7="RL",移行切替係数,IF(M$7="その他",その他係数,0))))))))) * M$8,1) -> 2.9 | N12: =ROUNDUP(IF($E12="画面",画面係数,IF($E12="帳票",帳票係数,IF($E12="バッチ",バッチ係数,0))) * IF($I12="特高",特高係数,IF($I12="高",高係数,IF($I12="中",中係数,IF($I12="低",低係数,IF($I12="特低",特低係数,0))))) * IF(N$7="SA",要件定義係数,IF(N$7="UI",基本設計係数,IF(N$7="SS",詳細設計係数,IF(N$7="PS/PG/PT",製作係数,IF(N$7="IT",結合テスト係数,IF(N$7="ST",総合テスト係数,IF(N$7="OT",受入支援係数,IF(N$7="RL",移行切替係数,IF(N$7="その他",その他係数,0))))))))) * N$8,1) -> 1.8 | O12: =ROUNDUP(IF($E12="画面",画面係数,IF($E12="帳票",帳票係数,IF($E12="バッチ",バッチ係数,0))) * IF($I12="特高",特高係数,IF($I12="高",高係数,IF($I12="中",中係数,IF($I12="低",低係数,IF($I12="特低",特低係数,0))))) * IF(O$7="SA",要件定義係数,IF(O$7="UI",基本設計係数,IF(O$7="SS",詳細設計係数,IF(O$7="PS/PG/PT",製作係数,IF(O$7="IT",結合テスト係数,IF(O$7="ST",総合テスト係数,IF(O$7="OT",受入支援係数,IF(O$7="RL",移行切替係数,IF(O$7="その他",その他係数,0))))))))) * O$8,1) -> 1.2 | P12: =ROUNDUP(IF($E12="画面",画面係数,IF($E12="帳票",帳票係数,IF($E12="バッチ",バッチ係数,0))) * IF($I12="特高",特高係数,IF($I12="高",高係数,IF($I12="中",中係数,IF($I12="低",低係数,IF($I12="特低",特低係数,0))))) * IF(P$7="SA",要件定義係数,IF(P$7="UI",基本設計係数,IF(P$7="SS",詳細設計係数,IF(P$7="PS/PG/PT",製作係数,IF(P$7="IT",結合テスト係数,IF(P$7="ST",総合テスト係数,IF(P$7="OT",受入支援係数,IF(P$7="RL",移行切替係数,IF(P$7="その他",その他係数,0))))))))) * P$8,1) -> 0.5 | Q12: =ROUNDUP(IF($E12="画面",画面係数,IF($E12="帳票",帳票係数,IF($E12="バッチ",バッチ係数,0))) * IF($I12="特高",特高係数,IF($I12="高",高係数,IF($I12="中",中係数,IF($I12="低",低係数,IF($I12="特低",特低係数,0))))) * IF(Q$7="SA",要件定義係数,IF(Q$7="UI",基本設計係数,IF(Q$7="SS",詳細設計係数,IF(Q$7="PS/PG/PT",製作係数,IF(Q$7="IT",結合テスト係数,IF(Q$7="ST",総合テスト係数,IF(Q$7="OT",受入支援係数,IF(Q$7="RL",移行切替係数,IF(Q$7="その他",その他係数,0))))))))) * Q$8,1) -> 1.3 | R12: =ROUNDUP(IF($E12="画面",画面係数,IF($E12="帳票",帳票係数,IF($E12="バッチ",バッチ係数,0))) * IF($I12="特高",特高係数,IF($I12="高",高係数,IF($I12="中",中係数,IF($I12="低",低係数,IF($I12="特低",特低係数,0))))) * IF(R$7="SA",要件定義係数,IF(R$7="UI",基本設計係数,IF(R$7="SS",詳細設計係数,IF(R$7="PS/PG/PT",製作係数,IF(R$7="IT",結合テスト係数,IF(R$7="ST",総合テスト係数,IF(R$7="OT",受入支援係数,IF(R$7="RL",移行切替係数,IF(R$7="その他",その他係数,0))))))))) * R$8,1) -> 0 | T12: =ROUNDUP(SUM(J12:S12)*T$8,1) -> 1.9 | U12: =SUM(J12:T12) -> 14 | V12: =U12/20 -> 0.7 | W12: =((J12*J$9) + (K12*K$9) + (L12*L$9) + (M12*M$9) + (N12*N$9) + (O12*O$9) + (P12*P$9) + (Q12*Q$9) + (R12*R$9) + (S12*S$9) + (T12*T$9))/20 -> 738000
A13: =ROW()-9 -> 4 | B13: PG | C13: 各拠点メニュー（北海道） | E13: 画面 | I13: 低 | J13: =ROUNDUP(IF($E13="画面",画面係数,IF($E13="帳票",帳票係数,IF($E13="バッチ",バッチ係数,0))) * IF($I13="特高",特高係数,IF($I13="高",高係数,IF($I13="中",中係数,IF($I13="低",低係数,IF($I13="特低",特低係数,0))))) * IF(J$7="SA",要件定義係数,IF(J$7="UI",基本設計係数,IF(J$7="SS",詳細設計係数,IF(J$7="PS/PG/PT",製作係数,IF(J$7="IT",結合テスト係数,IF(J$7="ST",総合テスト係数,IF(J$7="OT",受入支援係数,IF(J$7="RL",移行切替係数,IF(J$7="その他",その他係数,0))))))))) * J$8,1) -> 1.3 | K13: =ROUNDUP(IF($E13="画面",画面係数,IF($E13="帳票",帳票係数,IF($E13="バッチ",バッチ係数,0))) * IF($I13="特高",特高係数,IF($I13="高",高係数,IF($I13="中",中係数,IF($I13="低",低係数,IF($I13="特低",特低係数,0))))) * IF(K$7="SA",要件定義係数,IF(K$7="UI",基本設計係数,IF(K$7="SS",詳細設計係数,IF(K$7="PS/PG/PT",製作係数,IF(K$7="IT",結合テスト係数,IF(K$7="ST",総合テスト係数,IF(K$7="OT",受入支援係数,IF(K$7="RL",移行切替係数,IF(K$7="その他",その他係数,0))))))))) * K$8,1) -> 1.5 | L13: =ROUNDUP(IF($E13="画面",画面係数,IF($E13="帳票",帳票係数,IF($E13="バッチ",バッチ係数,0))) * IF($I13="特高",特高係数,IF($I13="高",高係数,IF($I13="中",中係数,IF($I13="低",低係数,IF($I13="特低",特低係数,0))))) * IF(L$7="SA",要件定義係数,IF(L$7="UI",基本設計係数,IF(L$7="SS",詳細設計係数,IF(L$7="PS/PG/PT",製作係数,IF(L$7="IT",結合テスト係数,IF(L$7="ST",総合テスト係数,IF(L$7="OT",受入支援係数,IF(L$7="RL",移行切替係数,IF(L$7="その他",その他係数,0))))))))) * L$8,1) -> 1.6 | M13: =ROUNDUP(IF($E13="画面",画面係数,IF($E13="帳票",帳票係数,IF($E13="バッチ",バッチ係数,0))) * IF($I13="特高",特高係数,IF($I13="高",高係数,IF($I13="中",中係数,IF($I13="低",低係数,IF($I13="特低",特低係数,0))))) * IF(M$7="SA",要件定義係数,IF(M$7="UI",基本設計係数,IF(M$7="SS",詳細設計係数,IF(M$7="PS/PG/PT",製作係数,IF(M$7="IT",結合テスト係数,IF(M$7="ST",総合テスト係数,IF(M$7="OT",受入支援係数,IF(M$7="RL",移行切替係数,IF(M$7="その他",その他係数,0))))))))) * M$8,1) -> 2.9 | N13: =ROUNDUP(IF($E13="画面",画面係数,IF($E13="帳票",帳票係数,IF($E13="バッチ",バッチ係数,0))) * IF($I13="特高",特高係数,IF($I13="高",高係数,IF($I13="中",中係数,IF($I13="低",低係数,IF($I13="特低",特低係数,0))))) * IF(N$7="SA",要件定義係数,IF(N$7="UI",基本設計係数,IF(N$7="SS",詳細設計係数,IF(N$7="PS/PG/PT",製作係数,IF(N$7="IT",結合テスト係数,IF(N$7="ST",総合テスト係数,IF(N$7="OT",受入支援係数,IF(N$7="RL",移行切替係数,IF(N$7="その他",その他係数,0))))))))) * N$8,1) -> 1.8 | O13: =ROUNDUP(IF($E13="画面",画面係数,IF($E13="帳票",帳票係数,IF($E13="バッチ",バッチ係数,0))) * IF($I13="特高",特高係数,IF($I13="高",高係数,IF($I13="中",中係数,IF($I13="低",低係数,IF($I13="特低",特低係数,0))))) * IF(O$7="SA",要件定義係数,IF(O$7="UI",基本設計係数,IF(O$7="SS",詳細設計係数,IF(O$7="PS/PG/PT",製作係数,IF(O$7="IT",結合テスト係数,IF(O$7="ST",総合テスト係数,IF(O$7="OT",受入支援係数,IF(O$7="RL",移行切替係数,IF(O$7="その他",その他係数,0))))))))) * O$8,1) -> 1.2 | P13: =ROUNDUP(IF($E13="画面",画面係数,IF($E13="帳票",帳票係数,IF($E13="バッチ",バッチ係数,0))) * IF($I13="特高",特高係数,IF($I13="高",高係数,IF($I13="中",中係数,IF($I13="低",低係数,IF($I13="特低",特低係数,0))))) * IF(P$7="SA",要件定義係数,IF(P$7="UI",基本設計係数,IF(P$7="SS",詳細設計係数,IF(P$7="PS/PG/PT",製作係数,IF(P$7="IT",結合テスト係数,IF(P$7="ST",総合テスト係数,IF(P$7="OT",受入支援係数,IF(P$7="RL",移行切替係数,IF(P$7="その他",その他係数,0))))))))) * P$8,1) -> 0.5 | Q13: =ROUNDUP(IF($E13="画面",画面係数,IF($E13="帳票",帳票係数,IF($E13="バッチ",バッチ係数,0))) * IF($I13="特高",特高係数,IF($I13="高",高係数,IF($I13="中",中係数,IF($I13="低",低係数,IF($I13="特低",特低係数,0))))) * IF(Q$7="SA",要件定義係数,IF(Q$7="UI",基本設計係数,IF(Q$7="SS",詳細設計係数,IF(Q$7="PS/PG/PT",製作係数,IF(Q$7="IT",結合テスト係数,IF(Q$7="ST",総合テスト係数,IF(Q$7="OT",受入支援係数,IF(Q$7="RL",移行切替係数,IF(Q$7="その他",その他係数,0))))))))) * Q$8,1) -> 1.3 | R13: =ROUNDUP(IF($E13="画面",画面係数,IF($E13="帳票",帳票係数,IF($E13="バッチ",バッチ係数,0))) * IF($I13="特高",特高係数,IF($I13="高",高係数,IF($I13="中",中係数,IF($I13="低",低係数,IF($I13="特低",特低係数,0))))) * IF(R$7="SA",要件定義係数,IF(R$7="UI",基本設計係数,IF(R$7="SS",詳細設計係数,IF(R$7="PS/PG/PT",製作係数,IF(R$7="IT",結合テスト係数,IF(R$7="ST",総合テスト係数,IF(R$7="OT",受入支援係数,IF(R$7="RL",移行切替係数,IF(R$7="その他",その他係数,0))))))))) * R$8,1) -> 0 | T13: =ROUNDUP(SUM(J13:S13)*T$8,1) -> 1.9 | U13: =SUM(J13:T13) -> 14 | V13: =U13/20 -> 0.7 | W13: =((J13*J$9) + (K13*K$9) + (L13*L$9) + (M13*M$9) + (N13*N$9) + (O13*O$9) + (P13*P$9) + (Q13*Q$9) + (R13*R$9) + (S13*S$9) + (T13*T$9))/20 -> 738000
A14: =ROW()-9 -> 5 | B14: PG | C14: 各拠点メニュー（千葉） | E14: 画面 | I14: 低 | J14: =ROUNDUP(IF($E14="画面",画面係数,IF($E14="帳票",帳票係数,IF($E14="バッチ",バッチ係数,0))) * IF($I14="特高",特高係数,IF($I14="高",高係数,IF($I14="中",中係数,IF($I14="低",低係数,IF($I14="特低",特低係数,0))))) * IF(J$7="SA",要件定義係数,IF(J$7="UI",基本設計係数,IF(J$7="SS",詳細設計係数,IF(J$7="PS/PG/PT",製作係数,IF(J$7="IT",結合テスト係数,IF(J$7="ST",総合テスト係数,IF(J$7="OT",受入支援係数,IF(J$7="RL",移行切替係数,IF(J$7="その他",その他係数,0))))))))) * J$8,1) -> 1.3 | K14: =ROUNDUP(IF($E14="画面",画面係数,IF($E14="帳票",帳票係数,IF($E14="バッチ",バッチ係数,0))) * IF($I14="特高",特高係数,IF($I14="高",高係数,IF($I14="中",中係数,IF($I14="低",低係数,IF($I14="特低",特低係数,0))))) * IF(K$7="SA",要件定義係数,IF(K$7="UI",基本設計係数,IF(K$7="SS",詳細設計係数,IF(K$7="PS/PG/PT",製作係数,IF(K$7="IT",結合テスト係数,IF(K$7="ST",総合テスト係数,IF(K$7="OT",受入支援係数,IF(K$7="RL",移行切替係数,IF(K$7="その他",その他係数,0))))))))) * K$8,1) -> 1.5 | L14: =ROUNDUP(IF($E14="画面",画面係数,IF($E14="帳票",帳票係数,IF($E14="バッチ",バッチ係数,0))) * IF($I14="特高",特高係数,IF($I14="高",高係数,IF($I14="中",中係数,IF($I14="低",低係数,IF($I14="特低",特低係数,0))))) * IF(L$7="SA",要件定義係数,IF(L$7="UI",基本設計係数,IF(L$7="SS",詳細設計係数,IF(L$7="PS/PG/PT",製作係数,IF(L$7="IT",結合テスト係数,IF(L$7="ST",総合テスト係数,IF(L$7="OT",受入支援係数,IF(L$7="RL",移行切替係数,IF(L$7="その他",その他係数,0))))))))) * L$8,1) -> 1.6 | M14: =ROUNDUP(IF($E14="画面",画面係数,IF($E14="帳票",帳票係数,IF($E14="バッチ",バッチ係数,0))) * IF($I14="特高",特高係数,IF($I14="高",高係数,IF($I14="中",中係数,IF($I14="低",低係数,IF($I14="特低",特低係数,0))))) * IF(M$7="SA",要件定義係数,IF(M$7="UI",基本設計係数,IF(M$7="SS",詳細設計係数,IF(M$7="PS/PG/PT",製作係数,IF(M$7="IT",結合テスト係数,IF(M$7="ST",総合テスト係数,IF(M$7="OT",受入支援係数,IF(M$7="RL",移行切替係数,IF(M$7="その他",その他係数,0))))))))) * M$8,1) -> 2.9 | N14: =ROUNDUP(IF($E14="画面",画面係数,IF($E14="帳票",帳票係数,IF($E14="バッチ",バッチ係数,0))) * IF($I14="特高",特高係数,IF($I14="高",高係数,IF($I14="中",中係数,IF($I14="低",低係数,IF($I14="特低",特低係数,0))))) * IF(N$7="SA",要件定義係数,IF(N$7="UI",基本設計係数,IF(N$7="SS",詳細設計係数,IF(N$7="PS/PG/PT",製作係数,IF(N$7="IT",結合テスト係数,IF(N$7="ST",総合テスト係数,IF(N$7="OT",受入支援係数,IF(N$7="RL",移行切替係数,IF(N$7="その他",その他係数,0))))))))) * N$8,1) -> 1.8 | O14: =ROUNDUP(IF($E14="画面",画面係数,IF($E14="帳票",帳票係数,IF($E14="バッチ",バッチ係数,0))) * IF($I14="特高",特高係数,IF($I14="高",高係数,IF($I14="中",中係数,IF($I14="低",低係数,IF($I14="特低",特低係数,0))))) * IF(O$7="SA",要件定義係数,IF(O$7="UI",基本設計係数,IF(O$7="SS",詳細設計係数,IF(O$7="PS/PG/PT",製作係数,IF(O$7="IT",結合テスト係数,IF(O$7="ST",総合テスト係数,IF(O$7="OT",受入支援係数,IF(O$7="RL",移行切替係数,IF(O$7="その他",その他係数,0))))))))) * O$8,1) -> 1.2 | P14: =ROUNDUP(IF($E14="画面",画面係数,IF($E14="帳票",帳票係数,IF($E14="バッチ",バッチ係数,0))) * IF($I14="特高",特高係数,IF($I14="高",高係数,IF($I14="中",中係数,IF($I14="低",低係数,IF($I14="特低",特低係数,0))))) * IF(P$7="SA",要件定義係数,IF(P$7="UI",基本設計係数,IF(P$7="SS",詳細設計係数,IF(P$7="PS/PG/PT",製作係数,IF(P$7="IT",結合テスト係数,IF(P$7="ST",総合テスト係数,IF(P$7="OT",受入支援係数,IF(P$7="RL",移行切替係数,IF(P$7="その他",その他係数,0))))))))) * P$8,1) -> 0.5 | Q14: =ROUNDUP(IF($E14="画面",画面係数,IF($E14="帳票",帳票係数,IF($E14="バッチ",バッチ係数,0))) * IF($I14="特高",特高係数,IF($I14="高",高係数,IF($I14="中",中係数,IF($I14="低",低係数,IF($I14="特低",特低係数,0))))) * IF(Q$7="SA",要件定義係数,IF(Q$7="UI",基本設計係数,IF(Q$7="SS",詳細設計係数,IF(Q$7="PS/PG/PT",製作係数,IF(Q$7="IT",結合テスト係数,IF(Q$7="ST",総合テスト係数,IF(Q$7="OT",受入支援係数,IF(Q$7="RL",移行切替係数,IF(Q$7="その他",その他係数,0))))))))) * Q$8,1) -> 1.3 | R14: =ROUNDUP(IF($E14="画面",画面係数,IF($E14="帳票",帳票係数,IF($E14="バッチ",バッチ係数,0))) * IF($I14="特高",特高係数,IF($I14="高",高係数,IF($I14="中",中係数,IF($I14="低",低係数,IF($I14="特低",特低係数,0))))) * IF(R$7="SA",要件定義係数,IF(R$7="UI",基本設計係数,IF(R$7="SS",詳細設計係数,IF(R$7="PS/PG/PT",製作係数,IF(R$7="IT",結合テスト係数,IF(R$7="ST",総合テスト係数,IF(R$7="OT",受入支援係数,IF(R$7="RL",移行切替係数,IF(R$7="その他",その他係数,0))))))))) * R$8,1) -> 0 | T14: =ROUNDUP(SUM(J14:S14)*T$8,1) -> 1.9 | U14: =SUM(J14:T14) -> 14 | V14: =U14/20 -> 0.7 | W14: =((J14*J$9) + (K14*K$9) + (L14*L$9) + (M14*M$9) + (N14*N$9) + (O14*O$9) + (P14*P$9) + (Q14*Q$9) + (R14*R$9) + (S14*S$9) + (T14*T$9))/20 -> 738000
A15: =ROW()-9 -> 6 | B15: PG | C15: 各拠点メニュー（愛知） | E15: 画面 | I15: 低 | J15: =ROUNDUP(IF($E15="画面",画面係数,IF($E15="帳票",帳票係数,IF($E15="バッチ",バッチ係数,0))) * IF($I15="特高",特高係数,IF($I15="高",高係数,IF($I15="中",中係数,IF($I15="低",低係数,IF($I15="特低",特低係数,0))))) * IF(J$7="SA",要件定義係数,IF(J$7="UI",基本設計係数,IF(J$7="SS",詳細設計係数,IF(J$7="PS/PG/PT",製作係数,IF(J$7="IT",結合テスト係数,IF(J$7="ST",総合テスト係数,IF(J$7="OT",受入支援係数,IF(J$7="RL",移行切替係数,IF(J$7="その他",その他係数,0))))))))) * J$8,1) -> 1.3 | K15: =ROUNDUP(IF($E15="画面",画面係数,IF($E15="帳票",帳票係数,IF($E15="バッチ",バッチ係数,0))) * IF($I15="特高",特高係数,IF($I15="高",高係数,IF($I15="中",中係数,IF($I15="低",低係数,IF($I15="特低",特低係数,0))))) * IF(K$7="SA",要件定義係数,IF(K$7="UI",基本設計係数,IF(K$7="SS",詳細設計係数,IF(K$7="PS/PG/PT",製作係数,IF(K$7="IT",結合テスト係数,IF(K$7="ST",総合テスト係数,IF(K$7="OT",受入支援係数,IF(K$7="RL",移行切替係数,IF(K$7="その他",その他係数,0))))))))) * K$8,1) -> 1.5 | L15: =ROUNDUP(IF($E15="画面",画面係数,IF($E15="帳票",帳票係数,IF($E15="バッチ",バッチ係数,0))) * IF($I15="特高",特高係数,IF($I15="高",高係数,IF($I15="中",中係数,IF($I15="低",低係数,IF($I15="特低",特低係数,0))))) * IF(L$7="SA",要件定義係数,IF(L$7="UI",基本設計係数,IF(L$7="SS",詳細設計係数,IF(L$7="PS/PG/PT",製作係数,IF(L$7="IT",結合テスト係数,IF(L$7="ST",総合テスト係数,IF(L$7="OT",受入支援係数,IF(L$7="RL",移行切替係数,IF(L$7="その他",その他係数,0))))))))) * L$8,1) -> 1.6 | M15: =ROUNDUP(IF($E15="画面",画面係数,IF($E15="帳票",帳票係数,IF($E15="バッチ",バッチ係数,0))) * IF($I15="特高",特高係数,IF($I15="高",高係数,IF($I15="中",中係数,IF($I15="低",低係数,IF($I15="特低",特低係数,0))))) * IF(M$7="SA",要件定義係数,IF(M$7="UI",基本設計係数,IF(M$7="SS",詳細設計係数,IF(M$7="PS/PG/PT",製作係数,IF(M$7="IT",結合テスト係数,IF(M$7="ST",総合テスト係数,IF(M$7="OT",受入支援係数,IF(M$7="RL",移行切替係数,IF(M$7="その他",その他係数,0))))))))) * M$8,1) -> 2.9 | N15: =ROUNDUP(IF($E15="画面",画面係数,IF($E15="帳票",帳票係数,IF($E15="バッチ",バッチ係数,0))) * IF($I15="特高",特高係数,IF($I15="高",高係数,IF($I15="中",中係数,IF($I15="低",低係数,IF($I15="特低",特低係数,0))))) * IF(N$7="SA",要件定義係数,IF(N$7="UI",基本設計係数,IF(N$7="SS",詳細設計係数,IF(N$7="PS/PG/PT",製作係数,IF(N$7="IT",結合テスト係数,IF(N$7="ST",総合テスト係数,IF(N$7="OT",受入支援係数,IF(N$7="RL",移行切替係数,IF(N$7="その他",その他係数,0))))))))) * N$8,1) -> 1.8 | O15: =ROUNDUP(IF($E15="画面",画面係数,IF($E15="帳票",帳票係数,IF($E15="バッチ",バッチ係数,0))) * IF($I15="特高",特高係数,IF($I15="高",高係数,IF($I15="中",中係数,IF($I15="低",低係数,IF($I15="特低",特低係数,0))))) * IF(O$7="SA",要件定義係数,IF(O$7="UI",基本設計係数,IF(O$7="SS",詳細設計係数,IF(O$7="PS/PG/PT",製作係数,IF(O$7="IT",結合テスト係数,IF(O$7="ST",総合テスト係数,IF(O$7="OT",受入支援係数,IF(O$7="RL",移行切替係数,IF(O$7="その他",その他係数,0))))))))) * O$8,1) -> 1.2 | P15: =ROUNDUP(IF($E15="画面",画面係数,IF($E15="帳票",帳票係数,IF($E15="バッチ",バッチ係数,0))) * IF($I15="特高",特高係数,IF($I15="高",高係数,IF($I15="中",中係数,IF($I15="低",低係数,IF($I15="特低",特低係数,0))))) * IF(P$7="SA",要件定義係数,IF(P$7="UI",基本設計係数,IF(P$7="SS",詳細設計係数,IF(P$7="PS/PG/PT",製作係数,IF(P$7="IT",結合テスト係数,IF(P$7="ST",総合テスト係数,IF(P$7="OT",受入支援係数,IF(P$7="RL",移行切替係数,IF(P$7="その他",その他係数,0))))))))) * P$8,1) -> 0.5 | Q15: =ROUNDUP(IF($E15="画面",画面係数,IF($E15="帳票",帳票係数,IF($E15="バッチ",バッチ係数,0))) * IF($I15="特高",特高係数,IF($I15="高",高係数,IF($I15="中",中係数,IF($I15="低",低係数,IF($I15="特低",特低係数,0))))) * IF(Q$7="SA",要件定義係数,IF(Q$7="UI",基本設計係数,IF(Q$7="SS",詳細設計係数,IF(Q$7="PS/PG/PT",製作係数,IF(Q$7="IT",結合テスト係数,IF(Q$7="ST",総合テスト係数,IF(Q$7="OT",受入支援係数,IF(Q$7="RL",移行切替係数,IF(Q$7="その他",その他係数,0))))))))) * Q$8,1) -> 1.3 | R15: =ROUNDUP(IF($E15="画面",画面係数,IF($E15="帳票",帳票係数,IF($E15="バッチ",バッチ係数,0))) * IF($I15="特高",特高係数,IF($I15="高",高係数,IF($I15="中",中係数,IF($I15="低",低係数,IF($I15="特低",特低係数,0))))) * IF(R$7="SA",要件定義係数,IF(R$7="UI",基本設計係数,IF(R$7="SS",詳細設計係数,IF(R$7="PS/PG/PT",製作係数,IF(R$7="IT",結合テスト係数,IF(R$7="ST",総合テスト係数,IF(R$7="OT",受入支援係数,IF(R$7="RL",移行切替係数,IF(R$7="その他",その他係数,0))))))))) * R$8,1) -> 0 | T15: =ROUNDUP(SUM(J15:S15)*T$8,1) -> 1.9 | U15: =SUM(J15:T15) -> 14 | V15: =U15/20 -> 0.7 | W15: =((J15*J$9) + (K15*K$9) + (L15*L$9) + (M15*M$9) + (N15*N$9) + (O15*O$9) + (P15*P$9) + (Q15*Q$9) + (R15*R$9) + (S15*S$9) + (T15*T$9))/20 -> 738000
A16: =ROW()-9 -> 7 | B16: PG | C16: 各拠点メニュー（徳山） | E16: 画面 | I16: 低 | J16: =ROUNDUP(IF($E16="画面",画面係数,IF($E16="帳票",帳票係数,IF($E16="バッチ",バッチ係数,0))) * IF($I16="特高",特高係数,IF($I16="高",高係数,IF($I16="中",中係数,IF($I16="低",低係数,IF($I16="特低",特低係数,0))))) * IF(J$7="SA",要件定義係数,IF(J$7="UI",基本設計係数,IF(J$7="SS",詳細設計係数,IF(J$7="PS/PG/PT",製作係数,IF(J$7="IT",結合テスト係数,IF(J$7="ST",総合テスト係数,IF(J$7="OT",受入支援係数,IF(J$7="RL",移行切替係数,IF(J$7="その他",その他係数,0))))))))) * J$8,1) -> 1.3 | K16: =ROUNDUP(IF($E16="画面",画面係数,IF($E16="帳票",帳票係数,IF($E16="バッチ",バッチ係数,0))) * IF($I16="特高",特高係数,IF($I16="高",高係数,IF($I16="中",中係数,IF($I16="低",低係数,IF($I16="特低",特低係数,0))))) * IF(K$7="SA",要件定義係数,IF(K$7="UI",基本設計係数,IF(K$7="SS",詳細設計係数,IF(K$7="PS/PG/PT",製作係数,IF(K$7="IT",結合テスト係数,IF(K$7="ST",総合テスト係数,IF(K$7="OT",受入支援係数,IF(K$7="RL",移行切替係数,IF(K$7="その他",その他係数,0))))))))) * K$8,1) -> 1.5 | L16: =ROUNDUP(IF($E16="画面",画面係数,IF($E16="帳票",帳票係数,IF($E16="バッチ",バッチ係数,0))) * IF($I16="特高",特高係数,IF($I16="高",高係数,IF($I16="中",中係数,IF($I16="低",低係数,IF($I16="特低",特低係数,0))))) * IF(L$7="SA",要件定義係数,IF(L$7="UI",基本設計係数,IF(L$7="SS",詳細設計係数,IF(L$7="PS/PG/PT",製作係数,IF(L$7="IT",結合テスト係数,IF(L$7="ST",総合テスト係数,IF(L$7="OT",受入支援係数,IF(L$7="RL",移行切替係数,IF(L$7="その他",その他係数,0))))))))) * L$8,1) -> 1.6 | M16: =ROUNDUP(IF($E16="画面",画面係数,IF($E16="帳票",帳票係数,IF($E16="バッチ",バッチ係数,0))) * IF($I16="特高",特高係数,IF($I16="高",高係数,IF($I16="中",中係数,IF($I16="低",低係数,IF($I16="特低",特低係数,0))))) * IF(M$7="SA",要件定義係数,IF(M$7="UI",基本設計係数,IF(M$7="SS",詳細設計係数,IF(M$7="PS/PG/PT",製作係数,IF(M$7="IT",結合テスト係数,IF(M$7="ST",総合テスト係数,IF(M$7="OT",受入支援係数,IF(M$7="RL",移行切替係数,IF(M$7="その他",その他係数,0))))))))) * M$8,1) -> 2.9 | N16: =ROUNDUP(IF($E16="画面",画面係数,IF($E16="帳票",帳票係数,IF($E16="バッチ",バッチ係数,0))) * IF($I16="特高",特高係数,IF($I16="高",高係数,IF($I16="中",中係数,IF($I16="低",低係数,IF($I16="特低",特低係数,0))))) * IF(N$7="SA",要件定義係数,IF(N$7="UI",基本設計係数,IF(N$7="SS",詳細設計係数,IF(N$7="PS/PG/PT",製作係数,IF(N$7="IT",結合テスト係数,IF(N$7="ST",総合テスト係数,IF(N$7="OT",受入支援係数,IF(N$7="RL",移行切替係数,IF(N$7="その他",その他係数,0))))))))) * N$8,1) -> 1.8 | O16: =ROUNDUP(IF($E16="画面",画面係数,IF($E16="帳票",帳票係数,IF($E16="バッチ",バッチ係数,0))) * IF($I16="特高",特高係数,IF($I16="高",高係数,IF($I16="中",中係数,IF($I16="低",低係数,IF($I16="特低",特低係数,0))))) * IF(O$7="SA",要件定義係数,IF(O$7="UI",基本設計係数,IF(O$7="SS",詳細設計係数,IF(O$7="PS/PG/PT",製作係数,IF(O$7="IT",結合テスト係数,IF(O$7="ST",総合テスト係数,IF(O$7="OT",受入支援係数,IF(O$7="RL",移行切替係数,IF(O$7="その他",その他係数,0))))))))) * O$8,1) -> 1.2 | P16: =ROUNDUP(IF($E16="画面",画面係数,IF($E16="帳票",帳票係数,IF($E16="バッチ",バッチ係数,0))) * IF($I16="特高",特高係数,IF($I16="高",高係数,IF($I16="中",中係数,IF($I16="低",低係数,IF($I16="特低",特低係数,0))))) * IF(P$7="SA",要件定義係数,IF(P$7="UI",基本設計係数,IF(P$7="SS",詳細設計係数,IF(P$7="PS/PG/PT",製作係数,IF(P$7="IT",結合テスト係数,IF(P$7="ST",総合テスト係数,IF(P$7="OT",受入支援係数,IF(P$7="RL",移行切替係数,IF(P$7="その他",その他係数,0))))))))) * P$8,1) -> 0.5 | Q16: =ROUNDUP(IF($E16="画面",画面係数,IF($E16="帳票",帳票係数,IF($E16="バッチ",バッチ係数,0))) * IF($I16="特高",特高係数,IF($I16="高",高係数,IF($I16="中",中係数,IF($I16="低",低係数,IF($I16="特低",特低係数,0))))) * IF(Q$7="SA",要件定義係数,IF(Q$7="UI",基本設計係数,IF(Q$7="SS",詳細設計係数,IF(Q$7="PS/PG/PT",製作係数,IF(Q$7="IT",結合テスト係数,IF(Q$7="ST",総合テスト係数,IF(Q$7="OT",受入支援係数,IF(Q$7="RL",移行切替係数,IF(Q$7="その他",その他係数,0))))))))) * Q$8,1) -> 1.3 | R16: =ROUNDUP(IF($E16="画面",画面係数,IF($E16="帳票",帳票係数,IF($E16="バッチ",バッチ係数,0))) * IF($I16="特高",特高係数,IF($I16="高",高係数,IF($I16="中",中係数,IF($I16="低",低係数,IF($I16="特低",特低係数,0))))) * IF(R$7="SA",要件定義係数,IF(R$7="UI",基本設計係数,IF(R$7="SS",詳細設計係数,IF(R$7="PS/PG/PT",製作係数,IF(R$7="IT",結合テスト係数,IF(R$7="ST",総合テスト係数,IF(R$7="OT",受入支援係数,IF(R$7="RL",移行切替係数,IF(R$7="その他",その他係数,0))))))))) * R$8,1) -> 0 | T16: =ROUNDUP(SUM(J16:S16)*T$8,1) -> 1.9 | U16: =SUM(J16:T16) -> 14 | V16: =U16/20 -> 0.7 | W16: =((J16*J$9) + (K16*K$9) + (L16*L$9) + (M16*M$9) + (N16*N$9) + (O16*O$9) + (P16*P$9) + (Q16*Q$9) + (R16*R$9) + (S16*S$9) + (T16*T$9))/20 -> 738000
A17: =ROW()-9 -> 8 | B17: PG | C17: 装置稼動実績データ作成 | D17: D:\skhoksei\App\Sougyou\bin\BINAS_SOUTI.exe | E17: 画面 | I17: 高 | J17: =ROUNDUP(IF($E17="画面",画面係数,IF($E17="帳票",帳票係数,IF($E17="バッチ",バッチ係数,0))) * IF($I17="特高",特高係数,IF($I17="高",高係数,IF($I17="中",中係数,IF($I17="低",低係数,IF($I17="特低",特低係数,0))))) * IF(J$7="SA",要件定義係数,IF(J$7="UI",基本設計係数,IF(J$7="SS",詳細設計係数,IF(J$7="PS/PG/PT",製作係数,IF(J$7="IT",結合テスト係数,IF(J$7="ST",総合テスト係数,IF(J$7="OT",受入支援係数,IF(J$7="RL",移行切替係数,IF(J$7="その他",その他係数,0))))))))) * J$8,1) -> 3.1 | K17: =ROUNDUP(IF($E17="画面",画面係数,IF($E17="帳票",帳票係数,IF($E17="バッチ",バッチ係数,0))) * IF($I17="特高",特高係数,IF($I17="高",高係数,IF($I17="中",中係数,IF($I17="低",低係数,IF($I17="特低",特低係数,0))))) * IF(K$7="SA",要件定義係数,IF(K$7="UI",基本設計係数,IF(K$7="SS",詳細設計係数,IF(K$7="PS/PG/PT",製作係数,IF(K$7="IT",結合テスト係数,IF(K$7="ST",総合テスト係数,IF(K$7="OT",受入支援係数,IF(K$7="RL",移行切替係数,IF(K$7="その他",その他係数,0))))))))) * K$8,1) -> 3.5 | L17: =ROUNDUP(IF($E17="画面",画面係数,IF($E17="帳票",帳票係数,IF($E17="バッチ",バッチ係数,0))) * IF($I17="特高",特高係数,IF($I17="高",高係数,IF($I17="中",中係数,IF($I17="低",低係数,IF($I17="特低",特低係数,0))))) * IF(L$7="SA",要件定義係数,IF(L$7="UI",基本設計係数,IF(L$7="SS",詳細設計係数,IF(L$7="PS/PG/PT",製作係数,IF(L$7="IT",結合テスト係数,IF(L$7="ST",総合テスト係数,IF(L$7="OT",受入支援係数,IF(L$7="RL",移行切替係数,IF(L$7="その他",その他係数,0))))))))) * L$8,1) -> 3.6 | M17: =ROUNDUP(IF($E17="画面",画面係数,IF($E17="帳票",帳票係数,IF($E17="バッチ",バッチ係数,0))) * IF($I17="特高",特高係数,IF($I17="高",高係数,IF($I17="中",中係数,IF($I17="低",低係数,IF($I17="特低",特低係数,0))))) * IF(M$7="SA",要件定義係数,IF(M$7="UI",基本設計係数,IF(M$7="SS",詳細設計係数,IF(M$7="PS/PG/PT",製作係数,IF(M$7="IT",結合テスト係数,IF(M$7="ST",総合テスト係数,IF(M$7="OT",受入支援係数,IF(M$7="RL",移行切替係数,IF(M$7="その他",その他係数,0))))))))) * M$8,1) -> 6.6 | N17: =ROUNDUP(IF($E17="画面",画面係数,IF($E17="帳票",帳票係数,IF($E17="バッチ",バッチ係数,0))) * IF($I17="特高",特高係数,IF($I17="高",高係数,IF($I17="中",中係数,IF($I17="低",低係数,IF($I17="特低",特低係数,0))))) * IF(N$7="SA",要件定義係数,IF(N$7="UI",基本設計係数,IF(N$7="SS",詳細設計係数,IF(N$7="PS/PG/PT",製作係数,IF(N$7="IT",結合テスト係数,IF(N$7="ST",総合テスト係数,IF(N$7="OT",受入支援係数,IF(N$7="RL",移行切替係数,IF(N$7="その他",その他係数,0))))))))) * N$8,1) -> 4.1 | O17: =ROUNDUP(IF($E17="画面",画面係数,IF($E17="帳票",帳票係数,IF($E17="バッチ",バッチ係数,0))) * IF($I17="特高",特高係数,IF($I17="高",高係数,IF($I17="中",中係数,IF($I17="低",低係数,IF($I17="特低",特低係数,0))))) * IF(O$7="SA",要件定義係数,IF(O$7="UI",基本設計係数,IF(O$7="SS",詳細設計係数,IF(O$7="PS/PG/PT",製作係数,IF(O$7="IT",結合テスト係数,IF(O$7="ST",総合テスト係数,IF(O$7="OT",受入支援係数,IF(O$7="RL",移行切替係数,IF(O$7="その他",その他係数,0))))))))) * O$8,1) -> 2.7 | P17: =ROUNDUP(IF($E17="画面",画面係数,IF($E17="帳票",帳票係数,IF($E17="バッチ",バッチ係数,0))) * IF($I17="特高",特高係数,IF($I17="高",高係数,IF($I17="中",中係数,IF($I17="低",低係数,IF($I17="特低",特低係数,0))))) * IF(P$7="SA",要件定義係数,IF(P$7="UI",基本設計係数,IF(P$7="SS",詳細設計係数,IF(P$7="PS/PG/PT",製作係数,IF(P$7="IT",結合テスト係数,IF(P$7="ST",総合テスト係数,IF(P$7="OT",受入支援係数,IF(P$7="RL",移行切替係数,IF(P$7="その他",その他係数,0))))))))) * P$8,1) -> 1.1 | Q17: =ROUNDUP(IF($E17="画面",画面係数,IF($E17="帳票",帳票係数,IF($E17="バッチ",バッチ係数,0))) * IF($I17="特高",特高係数,IF($I17="高",高係数,IF($I17="中",中係数,IF($I17="低",低係数,IF($I17="特低",特低係数,0))))) * IF(Q$7="SA",要件定義係数,IF(Q$7="UI",基本設計係数,IF(Q$7="SS",詳細設計係数,IF(Q$7="PS/PG/PT",製作係数,IF(Q$7="IT",結合テスト係数,IF(Q$7="ST",総合テスト係数,IF(Q$7="OT",受入支援係数,IF(Q$7="RL",移行切替係数,IF(Q$7="その他",その他係数,0))))))))) * Q$8,1) -> 3.1 | R17: =ROUNDUP(IF($E17="画面",画面係数,IF($E17="帳票",帳票係数,IF($E17="バッチ",バッチ係数,0))) * IF($I17="特高",特高係数,IF($I17="高",高係数,IF($I17="中",中係数,IF($I17="低",低係数,IF($I17="特低",特低係数,0))))) * IF(R$7="SA",要件定義係数,IF(R$7="UI",基本設計係数,IF(R$7="SS",詳細設計係数,IF(R$7="PS/PG/PT",製作係数,IF(R$7="IT",結合テスト係数,IF(R$7="ST",総合テスト係数,IF(R$7="OT",受入支援係数,IF(R$7="RL",移行切替係数,IF(R$7="その他",その他係数,0))))))))) * R$8,1) -> 0 | T17: =ROUNDUP(SUM(J17:S17)*T$8,1) -> 4.2 | U17: =SUM(J17:T17) -> 32 | V17: =U17/20 -> 1.6 | W17: =((J17*J$9) + (K17*K$9) + (L17*L$9) + (M17*M$9) + (N17*N$9) + (O17*O$9) + (P17*P$9) + (Q17*Q$9) + (R17*R$9) + (S17*S$9) + (T17*T$9))/20 -> 1684000
A18: =ROW()-9 -> 9 | B18: PG | C18: 二次加工DB | D18: D:\skaicsei\App\Common\DBCOLECT\COL_SERVER.exe | E18: 画面 | J18: =ROUNDUP(IF($E18="画面",画面係数,IF($E18="帳票",帳票係数,IF($E18="バッチ",バッチ係数,0))) * IF($I18="特高",特高係数,IF($I18="高",高係数,IF($I18="中",中係数,IF($I18="低",低係数,IF($I18="特低",特低係数,0))))) * IF(J$7="SA",要件定義係数,IF(J$7="UI",基本設計係数,IF(J$7="SS",詳細設計係数,IF(J$7="PS/PG/PT",製作係数,IF(J$7="IT",結合テスト係数,IF(J$7="ST",総合テスト係数,IF(J$7="OT",受入支援係数,IF(J$7="RL",移行切替係数,IF(J$7="その他",その他係数,0))))))))) * J$8,1) -> 0 | K18: =ROUNDUP(IF($E18="画面",画面係数,IF($E18="帳票",帳票係数,IF($E18="バッチ",バッチ係数,0))) * IF($I18="特高",特高係数,IF($I18="高",高係数,IF($I18="中",中係数,IF($I18="低",低係数,IF($I18="特低",特低係数,0))))) * IF(K$7="SA",要件定義係数,IF(K$7="UI",基本設計係数,IF(K$7="SS",詳細設計係数,IF(K$7="PS/PG/PT",製作係数,IF(K$7="IT",結合テスト係数,IF(K$7="ST",総合テスト係数,IF(K$7="OT",受入支援係数,IF(K$7="RL",移行切替係数,IF(K$7="その他",その他係数,0))))))))) * K$8,1) -> 0 | L18: =ROUNDUP(IF($E18="画面",画面係数,IF($E18="帳票",帳票係数,IF($E18="バッチ",バッチ係数,0))) * IF($I18="特高",特高係数,IF($I18="高",高係数,IF($I18="中",中係数,IF($I18="低",低係数,IF($I18="特低",特低係数,0))))) * IF(L$7="SA",要件定義係数,IF(L$7="UI",基本設計係数,IF(L$7="SS",詳細設計係数,IF(L$7="PS/PG/PT",製作係数,IF(L$7="IT",結合テスト係数,IF(L$7="ST",総合テスト係数,IF(L$7="OT",受入支援係数,IF(L$7="RL",移行切替係数,IF(L$7="その他",その他係数,0))))))))) * L$8,1) -> 0 | M18: =ROUNDUP(IF($E18="画面",画面係数,IF($E18="帳票",帳票係数,IF($E18="バッチ",バッチ係数,0))) * IF($I18="特高",特高係数,IF($I18="高",高係数,IF($I18="中",中係数,IF($I18="低",低係数,IF($I18="特低",特低係数,0))))) * IF(M$7="SA",要件定義係数,IF(M$7="UI",基本設計係数,IF(M$7="SS",詳細設計係数,IF(M$7="PS/PG/PT",製作係数,IF(M$7="IT",結合テスト係数,IF(M$7="ST",総合テスト係数,IF(M$7="OT",受入支援係数,IF(M$7="RL",移行切替係数,IF(M$7="その他",その他係数,0))))))))) * M$8,1) -> 0 | N18: =ROUNDUP(IF($E18="画面",画面係数,IF($E18="帳票",帳票係数,IF($E18="バッチ",バッチ係数,0))) * IF($I18="特高",特高係数,IF($I18="高",高係数,IF($I18="中",中係数,IF($I18="低",低係数,IF($I18="特低",特低係数,0))))) * IF(N$7="SA",要件定義係数,IF(N$7="UI",基本設計係数,IF(N$7="SS",詳細設計係数,IF(N$7="PS/PG/PT",製作係数,IF(N$7="IT",結合テスト係数,IF(N$7="ST",総合テスト係数,IF(N$7="OT",受入支援係数,IF(N$7="RL",移行切替係数,IF(N$7="その他",その他係数,0))))))))) * N$8,1) -> 0 | O18: =ROUNDUP(IF($E18="画面",画面係数,IF($E18="帳票",帳票係数,IF($E18="バッチ",バッチ係数,0))) * IF($I18="特高",特高係数,IF($I18="高",高係数,IF($I18="中",中係数,IF($I18="低",低係数,IF($I18="特低",特低係数,0))))) * IF(O$7="SA",要件定義係数,IF(O$7="UI",基本設計係数,IF(O$7="SS",詳細設計係数,IF(O$7="PS/PG/PT",製作係数,IF(O$7="IT",結合テスト係数,IF(O$7="ST",総合テスト係数,IF(O$7="OT",受入支援係数,IF(O$7="RL",移行切替係数,IF(O$7="その他",その他係数,0))))))))) * O$8,1) -> 0 | P18: =ROUNDUP(IF($E18="画面",画面係数,IF($E18="帳票",帳票係数,IF($E18="バッチ",バッチ係数,0))) * IF($I18="特高",特高係数,IF($I18="高",高係数,IF($I18="中",中係数,IF($I18="低",低係数,IF($I18="特低",特低係数,0))))) * IF(P$7="SA",要件定義係数,IF(P$7="UI",基本設計係数,IF(P$7="SS",詳細設計係数,IF(P$7="PS/PG/PT",製作係数,IF(P$7="IT",結合テスト係数,IF(P$7="ST",総合テスト係数,IF(P$7="OT",受入支援係数,IF(P$7="RL",移行切替係数,IF(P$7="その他",その他係数,0))))))))) * P$8,1) -> 0 | Q18: =ROUNDUP(IF($E18="画面",画面係数,IF($E18="帳票",帳票係数,IF($E18="バッチ",バッチ係数,0))) * IF($I18="特高",特高係数,IF($I18="高",高係数,IF($I18="中",中係数,IF($I18="低",低係数,IF($I18="特低",特低係数,0))))) * IF(Q$7="SA",要件定義係数,IF(Q$7="UI",基本設計係数,IF(Q$7="SS",詳細設計係数,IF(Q$7="PS/PG/PT",製作係数,IF(Q$7="IT",結合テスト係数,IF(Q$7="ST",総合テスト係数,IF(Q$7="OT",受入支援係数,IF(Q$7="RL",移行切替係数,IF(Q$7="その他",その他係数,0))))))))) * Q$8,1) -> 0 | R18: =ROUNDUP(IF($E18="画面",画面係数,IF($E18="帳票",帳票係数,IF($E18="バッチ",バッチ係数,0))) * IF($I18="特高",特高係数,IF($I18="高",高係数,IF($I18="中",中係数,IF($I18="低",低係数,IF($I18="特低",特低係数,0))))) * IF(R$7="SA",要件定義係数,IF(R$7="UI",基本設計係数,IF(R$7="SS",詳細設計係数,IF(R$7="PS/PG/PT",製作係数,IF(R$7="IT",結合テスト係数,IF(R$7="ST",総合テスト係数,IF(R$7="OT",受入支援係数,IF(R$7="RL",移行切替係数,IF(R$7="その他",その他係数,0))))))))) * R$8,1) -> 0 | T18: =ROUNDUP(SUM(J18:S18)*T$8,1) -> 0 | U18: =SUM(J18:T18) -> 0 | V18: =U18/20 -> 0 | W18: =((J18*J$9) + (K18*K$9) + (L18*L$9) + (M18*M$9) + (N18*N$9) + (O18*O$9) + (P18*P$9) + (Q18*Q$9) + (R18*R$9) + (S18*S$9) + (T18*T$9))/20 -> 0
A19: =ROW()-9 -> 10 | B19: PG | C19: 製油所データ作成 | D19: D:\skaicsei\App\Sougyou\bin\BINAS_SEIYU.exe | E19: 画面 | I19: 高 | J19: =ROUNDUP(IF($E19="画面",画面係数,IF($E19="帳票",帳票係数,IF($E19="バッチ",バッチ係数,0))) * IF($I19="特高",特高係数,IF($I19="高",高係数,IF($I19="中",中係数,IF($I19="低",低係数,IF($I19="特低",特低係数,0))))) * IF(J$7="SA",要件定義係数,IF(J$7="UI",基本設計係数,IF(J$7="SS",詳細設計係数,IF(J$7="PS/PG/PT",製作係数,IF(J$7="IT",結合テスト係数,IF(J$7="ST",総合テスト係数,IF(J$7="OT",受入支援係数,IF(J$7="RL",移行切替係数,IF(J$7="その他",その他係数,0))))))))) * J$8,1) -> 3.1 | K19: =ROUNDUP(IF($E19="画面",画面係数,IF($E19="帳票",帳票係数,IF($E19="バッチ",バッチ係数,0))) * IF($I19="特高",特高係数,IF($I19="高",高係数,IF($I19="中",中係数,IF($I19="低",低係数,IF($I19="特低",特低係数,0))))) * IF(K$7="SA",要件定義係数,IF(K$7="UI",基本設計係数,IF(K$7="SS",詳細設計係数,IF(K$7="PS/PG/PT",製作係数,IF(K$7="IT",結合テスト係数,IF(K$7="ST",総合テスト係数,IF(K$7="OT",受入支援係数,IF(K$7="RL",移行切替係数,IF(K$7="その他",その他係数,0))))))))) * K$8,1) -> 3.5 | L19: =ROUNDUP(IF($E19="画面",画面係数,IF($E19="帳票",帳票係数,IF($E19="バッチ",バッチ係数,0))) * IF($I19="特高",特高係数,IF($I19="高",高係数,IF($I19="中",中係数,IF($I19="低",低係数,IF($I19="特低",特低係数,0))))) * IF(L$7="SA",要件定義係数,IF(L$7="UI",基本設計係数,IF(L$7="SS",詳細設計係数,IF(L$7="PS/PG/PT",製作係数,IF(L$7="IT",結合テスト係数,IF(L$7="ST",総合テスト係数,IF(L$7="OT",受入支援係数,IF(L$7="RL",移行切替係数,IF(L$7="その他",その他係数,0))))))))) * L$8,1) -> 3.6 | M19: =ROUNDUP(IF($E19="画面",画面係数,IF($E19="帳票",帳票係数,IF($E19="バッチ",バッチ係数,0))) * IF($I19="特高",特高係数,IF($I19="高",高係数,IF($I19="中",中係数,IF($I19="低",低係数,IF($I19="特低",特低係数,0))))) * IF(M$7="SA",要件定義係数,IF(M$7="UI",基本設計係数,IF(M$7="SS",詳細設計係数,IF(M$7="PS/PG/PT",製作係数,IF(M$7="IT",結合テスト係数,IF(M$7="ST",総合テスト係数,IF(M$7="OT",受入支援係数,IF(M$7="RL",移行切替係数,IF(M$7="その他",その他係数,0))))))))) * M$8,1) -> 6.6 | N19: =ROUNDUP(IF($E19="画面",画面係数,IF($E19="帳票",帳票係数,IF($E19="バッチ",バッチ係数,0))) * IF($I19="特高",特高係数,IF($I19="高",高係数,IF($I19="中",中係数,IF($I19="低",低係数,IF($I19="特低",特低係数,0))))) * IF(N$7="SA",要件定義係数,IF(N$7="UI",基本設計係数,IF(N$7="SS",詳細設計係数,IF(N$7="PS/PG/PT",製作係数,IF(N$7="IT",結合テスト係数,IF(N$7="ST",総合テスト係数,IF(N$7="OT",受入支援係数,IF(N$7="RL",移行切替係数,IF(N$7="その他",その他係数,0))))))))) * N$8,1) -> 4.1 | O19: =ROUNDUP(IF($E19="画面",画面係数,IF($E19="帳票",帳票係数,IF($E19="バッチ",バッチ係数,0))) * IF($I19="特高",特高係数,IF($I19="高",高係数,IF($I19="中",中係数,IF($I19="低",低係数,IF($I19="特低",特低係数,0))))) * IF(O$7="SA",要件定義係数,IF(O$7="UI",基本設計係数,IF(O$7="SS",詳細設計係数,IF(O$7="PS/PG/PT",製作係数,IF(O$7="IT",結合テスト係数,IF(O$7="ST",総合テスト係数,IF(O$7="OT",受入支援係数,IF(O$7="RL",移行切替係数,IF(O$7="その他",その他係数,0))))))))) * O$8,1) -> 2.7 | P19: =ROUNDUP(IF($E19="画面",画面係数,IF($E19="帳票",帳票係数,IF($E19="バッチ",バッチ係数,0))) * IF($I19="特高",特高係数,IF($I19="高",高係数,IF($I19="中",中係数,IF($I19="低",低係数,IF($I19="特低",特低係数,0))))) * IF(P$7="SA",要件定義係数,IF(P$7="UI",基本設計係数,IF(P$7="SS",詳細設計係数,IF(P$7="PS/PG/PT",製作係数,IF(P$7="IT",結合テスト係数,IF(P$7="ST",総合テスト係数,IF(P$7="OT",受入支援係数,IF(P$7="RL",移行切替係数,IF(P$7="その他",その他係数,0))))))))) * P$8,1) -> 1.1 | Q19: =ROUNDUP(IF($E19="画面",画面係数,IF($E19="帳票",帳票係数,IF($E19="バッチ",バッチ係数,0))) * IF($I19="特高",特高係数,IF($I19="高",高係数,IF($I19="中",中係数,IF($I19="低",低係数,IF($I19="特低",特低係数,0))))) * IF(Q$7="SA",要件定義係数,IF(Q$7="UI",基本設計係数,IF(Q$7="SS",詳細設計係数,IF(Q$7="PS/PG/PT",製作係数,IF(Q$7="IT",結合テスト係数,IF(Q$7="ST",総合テスト係数,IF(Q$7="OT",受入支援係数,IF(Q$7="RL",移行切替係数,IF(Q$7="その他",その他係数,0))))))))) * Q$8,1) -> 3.1 | R19: =ROUNDUP(IF($E19="画面",画面係数,IF($E19="帳票",帳票係数,IF($E19="バッチ",バッチ係数,0))) * IF($I19="特高",特高係数,IF($I19="高",高係数,IF($I19="中",中係数,IF($I19="低",低係数,IF($I19="特低",特低係数,0))))) * IF(R$7="SA",要件定義係数,IF(R$7="UI",基本設計係数,IF(R$7="SS",詳細設計係数,IF(R$7="PS/PG/PT",製作係数,IF(R$7="IT",結合テスト係数,IF(R$7="ST",総合テスト係数,IF(R$7="OT",受入支援係数,IF(R$7="RL",移行切替係数,IF(R$7="その他",その他係数,0))))))))) * R$8,1) -> 0 | T19: =ROUNDUP(SUM(J19:S19)*T$8,1) -> 4.2 | U19: =SUM(J19:T19) -> 32 | V19: =U19/20 -> 1.6 | W19: =((J19*J$9) + (K19*K$9) + (L19*L$9) + (M19*M$9) + (N19*N$9) + (O19*O$9) + (P19*P$9) + (Q19*Q$9) + (R19*R$9) + (S19*S$9) + (T19*T$9))/20 -> 1684000
A20: =ROW()-9 -> 11 | B20: PG | C20: DB削除 | D20: D:\skaicsei\App\Sougyou\bin\DELETE_DB.exe | E20: 画面 | I20: 高 | J20: =ROUNDUP(IF($E20="画面",画面係数,IF($E20="帳票",帳票係数,IF($E20="バッチ",バッチ係数,0))) * IF($I20="特高",特高係数,IF($I20="高",高係数,IF($I20="中",中係数,IF($I20="低",低係数,IF($I20="特低",特低係数,0))))) * IF(J$7="SA",要件定義係数,IF(J$7="UI",基本設計係数,IF(J$7="SS",詳細設計係数,IF(J$7="PS/PG/PT",製作係数,IF(J$7="IT",結合テスト係数,IF(J$7="ST",総合テスト係数,IF(J$7="OT",受入支援係数,IF(J$7="RL",移行切替係数,IF(J$7="その他",その他係数,0))))))))) * J$8,1) -> 3.1 | K20: =ROUNDUP(IF($E20="画面",画面係数,IF($E20="帳票",帳票係数,IF($E20="バッチ",バッチ係数,0))) * IF($I20="特高",特高係数,IF($I20="高",高係数,IF($I20="中",中係数,IF($I20="低",低係数,IF($I20="特低",特低係数,0))))) * IF(K$7="SA",要件定義係数,IF(K$7="UI",基本設計係数,IF(K$7="SS",詳細設計係数,IF(K$7="PS/PG/PT",製作係数,IF(K$7="IT",結合テスト係数,IF(K$7="ST",総合テスト係数,IF(K$7="OT",受入支援係数,IF(K$7="RL",移行切替係数,IF(K$7="その他",その他係数,0))))))))) * K$8,1) -> 3.5 | L20: =ROUNDUP(IF($E20="画面",画面係数,IF($E20="帳票",帳票係数,IF($E20="バッチ",バッチ係数,0))) * IF($I20="特高",特高係数,IF($I20="高",高係数,IF($I20="中",中係数,IF($I20="低",低係数,IF($I20="特低",特低係数,0))))) * IF(L$7="SA",要件定義係数,IF(L$7="UI",基本設計係数,IF(L$7="SS",詳細設計係数,IF(L$7="PS/PG/PT",製作係数,IF(L$7="IT",結合テスト係数,IF(L$7="ST",総合テスト係数,IF(L$7="OT",受入支援係数,IF(L$7="RL",移行切替係数,IF(L$7="その他",その他係数,0))))))))) * L$8,1) -> 3.6 | M20: =ROUNDUP(IF($E20="画面",画面係数,IF($E20="帳票",帳票係数,IF($E20="バッチ",バッチ係数,0))) * IF($I20="特高",特高係数,IF($I20="高",高係数,IF($I20="中",中係数,IF($I20="低",低係数,IF($I20="特低",特低係数,0))))) * IF(M$7="SA",要件定義係数,IF(M$7="UI",基本設計係数,IF(M$7="SS",詳細設計係数,IF(M$7="PS/PG/PT",製作係数,IF(M$7="IT",結合テスト係数,IF(M$7="ST",総合テスト係数,IF(M$7="OT",受入支援係数,IF(M$7="RL",移行切替係数,IF(M$7="その他",その他係数,0))))))))) * M$8,1) -> 6.6 | N20: =ROUNDUP(IF($E20="画面",画面係数,IF($E20="帳票",帳票係数,IF($E20="バッチ",バッチ係数,0))) * IF($I20="特高",特高係数,IF($I20="高",高係数,IF($I20="中",中係数,IF($I20="低",低係数,IF($I20="特低",特低係数,0))))) * IF(N$7="SA",要件定義係数,IF(N$7="UI",基本設計係数,IF(N$7="SS",詳細設計係数,IF(N$7="PS/PG/PT",製作係数,IF(N$7="IT",結合テスト係数,IF(N$7="ST",総合テスト係数,IF(N$7="OT",受入支援係数,IF(N$7="RL",移行切替係数,IF(N$7="その他",その他係数,0))))))))) * N$8,1) -> 4.1 | O20: =ROUNDUP(IF($E20="画面",画面係数,IF($E20="帳票",帳票係数,IF($E20="バッチ",バッチ係数,0))) * IF($I20="特高",特高係数,IF($I20="高",高係数,IF($I20="中",中係数,IF($I20="低",低係数,IF($I20="特低",特低係数,0))))) * IF(O$7="SA",要件定義係数,IF(O$7="UI",基本設計係数,IF(O$7="SS",詳細設計係数,IF(O$7="PS/PG/PT",製作係数,IF(O$7="IT",結合テスト係数,IF(O$7="ST",総合テスト係数,IF(O$7="OT",受入支援係数,IF(O$7="RL",移行切替係数,IF(O$7="その他",その他係数,0))))))))) * O$8,1) -> 2.7 | P20: =ROUNDUP(IF($E20="画面",画面係数,IF($E20="帳票",帳票係数,IF($E20="バッチ",バッチ係数,0))) * IF($I20="特高",特高係数,IF($I20="高",高係数,IF($I20="中",中係数,IF($I20="低",低係数,IF($I20="特低",特低係数,0))))) * IF(P$7="SA",要件定義係数,IF(P$7="UI",基本設計係数,IF(P$7="SS",詳細設計係数,IF(P$7="PS/PG/PT",製作係数,IF(P$7="IT",結合テスト係数,IF(P$7="ST",総合テスト係数,IF(P$7="OT",受入支援係数,IF(P$7="RL",移行切替係数,IF(P$7="その他",その他係数,0))))))))) * P$8,1) -> 1.1 | Q20: =ROUNDUP(IF($E20="画面",画面係数,IF($E20="帳票",帳票係数,IF($E20="バッチ",バッチ係数,0))) * IF($I20="特高",特高係数,IF($I20="高",高係数,IF($I20="中",中係数,IF($I20="低",低係数,IF($I20="特低",特低係数,0))))) * IF(Q$7="SA",要件定義係数,IF(Q$7="UI",基本設計係数,IF(Q$7="SS",詳細設計係数,IF(Q$7="PS/PG/PT",製作係数,IF(Q$7="IT",結合テスト係数,IF(Q$7="ST",総合テスト係数,IF(Q$7="OT",受入支援係数,IF(Q$7="RL",移行切替係数,IF(Q$7="その他",その他係数,0))))))))) * Q$8,1) -> 3.1 | R20: =ROUNDUP(IF($E20="画面",画面係数,IF($E20="帳票",帳票係数,IF($E20="バッチ",バッチ係数,0))) * IF($I20="特高",特高係数,IF($I20="高",高係数,IF($I20="中",中係数,IF($I20="低",低係数,IF($I20="特低",特低係数,0))))) * IF(R$7="SA",要件定義係数,IF(R$7="UI",基本設計係数,IF(R$7="SS",詳細設計係数,IF(R$7="PS/PG/PT",製作係数,IF(R$7="IT",結合テスト係数,IF(R$7="ST",総合テスト係数,IF(R$7="OT",受入支援係数,IF(R$7="RL",移行切替係数,IF(R$7="その他",その他係数,0))))))))) * R$8,1) -> 0 | T20: =ROUNDUP(SUM(J20:S20)*T$8,1) -> 4.2 | U20: =SUM(J20:T20) -> 32 | V20: =U20/20 -> 1.6 | W20: =((J20*J$9) + (K20*K$9) + (L20*L$9) + (M20*M$9) + (N20*N$9) + (O20*O$9) + (P20*P$9) + (Q20*Q$9) + (R20*R$9) + (S20*S$9) + (T20*T$9))/20 -> 1684000
A21: =ROW()-9 -> 12 | B21: PG | C21: 潤滑油タンク在庫編集 | D21: D:\skaicsei\App\Sougyou\bin\EDT_JNKTZAIK.exe | E21: 画面 | I21: 高 | J21: =ROUNDUP(IF($E21="画面",画面係数,IF($E21="帳票",帳票係数,IF($E21="バッチ",バッチ係数,0))) * IF($I21="特高",特高係数,IF($I21="高",高係数,IF($I21="中",中係数,IF($I21="低",低係数,IF($I21="特低",特低係数,0))))) * IF(J$7="SA",要件定義係数,IF(J$7="UI",基本設計係数,IF(J$7="SS",詳細設計係数,IF(J$7="PS/PG/PT",製作係数,IF(J$7="IT",結合テスト係数,IF(J$7="ST",総合テスト係数,IF(J$7="OT",受入支援係数,IF(J$7="RL",移行切替係数,IF(J$7="その他",その他係数,0))))))))) * J$8,1) -> 3.1 | K21: =ROUNDUP(IF($E21="画面",画面係数,IF($E21="帳票",帳票係数,IF($E21="バッチ",バッチ係数,0))) * IF($I21="特高",特高係数,IF($I21="高",高係数,IF($I21="中",中係数,IF($I21="低",低係数,IF($I21="特低",特低係数,0))))) * IF(K$7="SA",要件定義係数,IF(K$7="UI",基本設計係数,IF(K$7="SS",詳細設計係数,IF(K$7="PS/PG/PT",製作係数,IF(K$7="IT",結合テスト係数,IF(K$7="ST",総合テスト係数,IF(K$7="OT",受入支援係数,IF(K$7="RL",移行切替係数,IF(K$7="その他",その他係数,0))))))))) * K$8,1) -> 3.5 | L21: =ROUNDUP(IF($E21="画面",画面係数,IF($E21="帳票",帳票係数,IF($E21="バッチ",バッチ係数,0))) * IF($I21="特高",特高係数,IF($I21="高",高係数,IF($I21="中",中係数,IF($I21="低",低係数,IF($I21="特低",特低係数,0))))) * IF(L$7="SA",要件定義係数,IF(L$7="UI",基本設計係数,IF(L$7="SS",詳細設計係数,IF(L$7="PS/PG/PT",製作係数,IF(L$7="IT",結合テスト係数,IF(L$7="ST",総合テスト係数,IF(L$7="OT",受入支援係数,IF(L$7="RL",移行切替係数,IF(L$7="その他",その他係数,0))))))))) * L$8,1) -> 3.6 | M21: =ROUNDUP(IF($E21="画面",画面係数,IF($E21="帳票",帳票係数,IF($E21="バッチ",バッチ係数,0))) * IF($I21="特高",特高係数,IF($I21="高",高係数,IF($I21="中",中係数,IF($I21="低",低係数,IF($I21="特低",特低係数,0))))) * IF(M$7="SA",要件定義係数,IF(M$7="UI",基本設計係数,IF(M$7="SS",詳細設計係数,IF(M$7="PS/PG/PT",製作係数,IF(M$7="IT",結合テスト係数,IF(M$7="ST",総合テスト係数,IF(M$7="OT",受入支援係数,IF(M$7="RL",移行切替係数,IF(M$7="その他",その他係数,0))))))))) * M$8,1) -> 6.6 | N21: =ROUNDUP(IF($E21="画面",画面係数,IF($E21="帳票",帳票係数,IF($E21="バッチ",バッチ係数,0))) * IF($I21="特高",特高係数,IF($I21="高",高係数,IF($I21="中",中係数,IF($I21="低",低係数,IF($I21="特低",特低係数,0))))) * IF(N$7="SA",要件定義係数,IF(N$7="UI",基本設計係数,IF(N$7="SS",詳細設計係数,IF(N$7="PS/PG/PT",製作係数,IF(N$7="IT",結合テスト係数,IF(N$7="ST",総合テスト係数,IF(N$7="OT",受入支援係数,IF(N$7="RL",移行切替係数,IF(N$7="その他",その他係数,0))))))))) * N$8,1) -> 4.1 | O21: =ROUNDUP(IF($E21="画面",画面係数,IF($E21="帳票",帳票係数,IF($E21="バッチ",バッチ係数,0))) * IF($I21="特高",特高係数,IF($I21="高",高係数,IF($I21="中",中係数,IF($I21="低",低係数,IF($I21="特低",特低係数,0))))) * IF(O$7="SA",要件定義係数,IF(O$7="UI",基本設計係数,IF(O$7="SS",詳細設計係数,IF(O$7="PS/PG/PT",製作係数,IF(O$7="IT",結合テスト係数,IF(O$7="ST",総合テスト係数,IF(O$7="OT",受入支援係数,IF(O$7="RL",移行切替係数,IF(O$7="その他",その他係数,0))))))))) * O$8,1) -> 2.7 | P21: =ROUNDUP(IF($E21="画面",画面係数,IF($E21="帳票",帳票係数,IF($E21="バッチ",バッチ係数,0))) * IF($I21="特高",特高係数,IF($I21="高",高係数,IF($I21="中",中係数,IF($I21="低",低係数,IF($I21="特低",特低係数,0))))) * IF(P$7="SA",要件定義係数,IF(P$7="UI",基本設計係数,IF(P$7="SS",詳細設計係数,IF(P$7="PS/PG/PT",製作係数,IF(P$7="IT",結合テスト係数,IF(P$7="ST",総合テスト係数,IF(P$7="OT",受入支援係数,IF(P$7="RL",移行切替係数,IF(P$7="その他",その他係数,0))))))))) * P$8,1) -> 1.1 | Q21: =ROUNDUP(IF($E21="画面",画面係数,IF($E21="帳票",帳票係数,IF($E21="バッチ",バッチ係数,0))) * IF($I21="特高",特高係数,IF($I21="高",高係数,IF($I21="中",中係数,IF($I21="低",低係数,IF($I21="特低",特低係数,0))))) * IF(Q$7="SA",要件定義係数,IF(Q$7="UI",基本設計係数,IF(Q$7="SS",詳細設計係数,IF(Q$7="PS/PG/PT",製作係数,IF(Q$7="IT",結合テスト係数,IF(Q$7="ST",総合テスト係数,IF(Q$7="OT",受入支援係数,IF(Q$7="RL",移行切替係数,IF(Q$7="その他",その他係数,0))))))))) * Q$8,1) -> 3.1 | R21: =ROUNDUP(IF($E21="画面",画面係数,IF($E21="帳票",帳票係数,IF($E21="バッチ",バッチ係数,0))) * IF($I21="特高",特高係数,IF($I21="高",高係数,IF($I21="中",中係数,IF($I21="低",低係数,IF($I21="特低",特低係数,0))))) * IF(R$7="SA",要件定義係数,IF(R$7="UI",基本設計係数,IF(R$7="SS",詳細設計係数,IF(R$7="PS/PG/PT",製作係数,IF(R$7="IT",結合テスト係数,IF(R$7="ST",総合テスト係数,IF(R$7="OT",受入支援係数,IF(R$7="RL",移行切替係数,IF(R$7="その他",その他係数,0))))))))) * R$8,1) -> 0 | T21: =ROUNDUP(SUM(J21:S21)*T$8,1) -> 4.2 | U21: =SUM(J21:T21) -> 32 | V21: =U21/20 -> 1.6 | W21: =((J21*J$9) + (K21*K$9) + (L21*L$9) + (M21*M$9) + (N21*N$9) + (O21*O$9) + (P21*P$9) + (Q21*Q$9) + (R21*R$9) + (S21*S$9) + (T21*T$9))/20 -> 1684000
A22: =ROW()-9 -> 13 | B22: PG | C22: 自家燃使用量作成 | D22: D:\skaicsei\App\Sougyou\bin\JIKANEN.exe | E22: 画面 | J22: =ROUNDUP(IF($E22="画面",画面係数,IF($E22="帳票",帳票係数,IF($E22="バッチ",バッチ係数,0))) * IF($I22="特高",特高係数,IF($I22="高",高係数,IF($I22="中",中係数,IF($I22="低",低係数,IF($I22="特低",特低係数,0))))) * IF(J$7="SA",要件定義係数,IF(J$7="UI",基本設計係数,IF(J$7="SS",詳細設計係数,IF(J$7="PS/PG/PT",製作係数,IF(J$7="IT",結合テスト係数,IF(J$7="ST",総合テスト係数,IF(J$7="OT",受入支援係数,IF(J$7="RL",移行切替係数,IF(J$7="その他",その他係数,0))))))))) * J$8,1) -> 0 | K22: =ROUNDUP(IF($E22="画面",画面係数,IF($E22="帳票",帳票係数,IF($E22="バッチ",バッチ係数,0))) * IF($I22="特高",特高係数,IF($I22="高",高係数,IF($I22="中",中係数,IF($I22="低",低係数,IF($I22="特低",特低係数,0))))) * IF(K$7="SA",要件定義係数,IF(K$7="UI",基本設計係数,IF(K$7="SS",詳細設計係数,IF(K$7="PS/PG/PT",製作係数,IF(K$7="IT",結合テスト係数,IF(K$7="ST",総合テスト係数,IF(K$7="OT",受入支援係数,IF(K$7="RL",移行切替係数,IF(K$7="その他",その他係数,0))))))))) * K$8,1) -> 0 | L22: =ROUNDUP(IF($E22="画面",画面係数,IF($E22="帳票",帳票係数,IF($E22="バッチ",バッチ係数,0))) * IF($I22="特高",特高係数,IF($I22="高",高係数,IF($I22="中",中係数,IF($I22="低",低係数,IF($I22="特低",特低係数,0))))) * IF(L$7="SA",要件定義係数,IF(L$7="UI",基本設計係数,IF(L$7="SS",詳細設計係数,IF(L$7="PS/PG/PT",製作係数,IF(L$7="IT",結合テスト係数,IF(L$7="ST",総合テスト係数,IF(L$7="OT",受入支援係数,IF(L$7="RL",移行切替係数,IF(L$7="その他",その他係数,0))))))))) * L$8,1) -> 0 | M22: =ROUNDUP(IF($E22="画面",画面係数,IF($E22="帳票",帳票係数,IF($E22="バッチ",バッチ係数,0))) * IF($I22="特高",特高係数,IF($I22="高",高係数,IF($I22="中",中係数,IF($I22="低",低係数,IF($I22="特低",特低係数,0))))) * IF(M$7="SA",要件定義係数,IF(M$7="UI",基本設計係数,IF(M$7="SS",詳細設計係数,IF(M$7="PS/PG/PT",製作係数,IF(M$7="IT",結合テスト係数,IF(M$7="ST",総合テスト係数,IF(M$7="OT",受入支援係数,IF(M$7="RL",移行切替係数,IF(M$7="その他",その他係数,0))))))))) * M$8,1) -> 0 | N22: =ROUNDUP(IF($E22="画面",画面係数,IF($E22="帳票",帳票係数,IF($E22="バッチ",バッチ係数,0))) * IF($I22="特高",特高係数,IF($I22="高",高係数,IF($I22="中",中係数,IF($I22="低",低係数,IF($I22="特低",特低係数,0))))) * IF(N$7="SA",要件定義係数,IF(N$7="UI",基本設計係数,IF(N$7="SS",詳細設計係数,IF(N$7="PS/PG/PT",製作係数,IF(N$7="IT",結合テスト係数,IF(N$7="ST",総合テスト係数,IF(N$7="OT",受入支援係数,IF(N$7="RL",移行切替係数,IF(N$7="その他",その他係数,0))))))))) * N$8,1) -> 0 | O22: =ROUNDUP(IF($E22="画面",画面係数,IF($E22="帳票",帳票係数,IF($E22="バッチ",バッチ係数,0))) * IF($I22="特高",特高係数,IF($I22="高",高係数,IF($I22="中",中係数,IF($I22="低",低係数,IF($I22="特低",特低係数,0))))) * IF(O$7="SA",要件定義係数,IF(O$7="UI",基本設計係数,IF(O$7="SS",詳細設計係数,IF(O$7="PS/PG/PT",製作係数,IF(O$7="IT",結合テスト係数,IF(O$7="ST",総合テスト係数,IF(O$7="OT",受入支援係数,IF(O$7="RL",移行切替係数,IF(O$7="その他",その他係数,0))))))))) * O$8,1) -> 0 | P22: =ROUNDUP(IF($E22="画面",画面係数,IF($E22="帳票",帳票係数,IF($E22="バッチ",バッチ係数,0))) * IF($I22="特高",特高係数,IF($I22="高",高係数,IF($I22="中",中係数,IF($I22="低",低係数,IF($I22="特低",特低係数,0))))) * IF(P$7="SA",要件定義係数,IF(P$7="UI",基本設計係数,IF(P$7="SS",詳細設計係数,IF(P$7="PS/PG/PT",製作係数,IF(P$7="IT",結合テスト係数,IF(P$7="ST",総合テスト係数,IF(P$7="OT",受入支援係数,IF(P$7="RL",移行切替係数,IF(P$7="その他",その他係数,0))))))))) * P$8,1) -> 0 | Q22: =ROUNDUP(IF($E22="画面",画面係数,IF($E22="帳票",帳票係数,IF($E22="バッチ",バッチ係数,0))) * IF($I22="特高",特高係数,IF($I22="高",高係数,IF($I22="中",中係数,IF($I22="低",低係数,IF($I22="特低",特低係数,0))))) * IF(Q$7="SA",要件定義係数,IF(Q$7="UI",基本設計係数,IF(Q$7="SS",詳細設計係数,IF(Q$7="PS/PG/PT",製作係数,IF(Q$7="IT",結合テスト係数,IF(Q$7="ST",総合テスト係数,IF(Q$7="OT",受入支援係数,IF(Q$7="RL",移行切替係数,IF(Q$7="その他",その他係数,0))))))))) * Q$8,1) -> 0 | R22: =ROUNDUP(IF($E22="画面",画面係数,IF($E22="帳票",帳票係数,IF($E22="バッチ",バッチ係数,0))) * IF($I22="特高",特高係数,IF($I22="高",高係数,IF($I22="中",中係数,IF($I22="低",低係数,IF($I22="特低",特低係数,0))))) * IF(R$7="SA",要件定義係数,IF(R$7="UI",基本設計係数,IF(R$7="SS",詳細設計係数,IF(R$7="PS/PG/PT",製作係数,IF(R$7="IT",結合テスト係数,IF(R$7="ST",総合テスト係数,IF(R$7="OT",受入支援係数,IF(R$7="RL",移行切替係数,IF(R$7="その他",その他係数,0))))))))) * R$8,1) -> 0 | T22: =ROUNDUP(SUM(J22:S22)*T$8,1) -> 0 | U22: =SUM(J22:T22) -> 0 | V22: =U22/20 -> 0 | W22: =((J22*J$9) + (K22*K$9) + (L22*L$9) + (M22*M$9) + (N22*N$9) + (O22*O$9) + (P22*P$9) + (Q22*Q$9) + (R22*R$9) + (S22*S$9) + (T22*T$9))/20 -> 0
A23: =ROW()-9 -> 14 | B23: PG | C23: 自家燃使用量履歴DB格納処理 | D23: D:\skaicsei\App\Sougyou\bin\JIKANEN_HIST.exe | E23: 画面 | J23: =ROUNDUP(IF($E23="画面",画面係数,IF($E23="帳票",帳票係数,IF($E23="バッチ",バッチ係数,0))) * IF($I23="特高",特高係数,IF($I23="高",高係数,IF($I23="中",中係数,IF($I23="低",低係数,IF($I23="特低",特低係数,0))))) * IF(J$7="SA",要件定義係数,IF(J$7="UI",基本設計係数,IF(J$7="SS",詳細設計係数,IF(J$7="PS/PG/PT",製作係数,IF(J$7="IT",結合テスト係数,IF(J$7="ST",総合テスト係数,IF(J$7="OT",受入支援係数,IF(J$7="RL",移行切替係数,IF(J$7="その他",その他係数,0))))))))) * J$8,1) -> 0 | K23: =ROUNDUP(IF($E23="画面",画面係数,IF($E23="帳票",帳票係数,IF($E23="バッチ",バッチ係数,0))) * IF($I23="特高",特高係数,IF($I23="高",高係数,IF($I23="中",中係数,IF($I23="低",低係数,IF($I23="特低",特低係数,0))))) * IF(K$7="SA",要件定義係数,IF(K$7="UI",基本設計係数,IF(K$7="SS",詳細設計係数,IF(K$7="PS/PG/PT",製作係数,IF(K$7="IT",結合テスト係数,IF(K$7="ST",総合テスト係数,IF(K$7="OT",受入支援係数,IF(K$7="RL",移行切替係数,IF(K$7="その他",その他係数,0))))))))) * K$8,1) -> 0 | L23: =ROUNDUP(IF($E23="画面",画面係数,IF($E23="帳票",帳票係数,IF($E23="バッチ",バッチ係数,0))) * IF($I23="特高",特高係数,IF($I23="高",高係数,IF($I23="中",中係数,IF($I23="低",低係数,IF($I23="特低",特低係数,0))))) * IF(L$7="SA",要件定義係数,IF(L$7="UI",基本設計係数,IF(L$7="SS",詳細設計係数,IF(L$7="PS/PG/PT",製作係数,IF(L$7="IT",結合テスト係数,IF(L$7="ST",総合テスト係数,IF(L$7="OT",受入支援係数,IF(L$7="RL",移行切替係数,IF(L$7="その他",その他係数,0))))))))) * L$8,1) -> 0 | M23: =ROUNDUP(IF($E23="画面",画面係数,IF($E23="帳票",帳票係数,IF($E23="バッチ",バッチ係数,0))) * IF($I23="特高",特高係数,IF($I23="高",高係数,IF($I23="中",中係数,IF($I23="低",低係数,IF($I23="特低",特低係数,0))))) * IF(M$7="SA",要件定義係数,IF(M$7="UI",基本設計係数,IF(M$7="SS",詳細設計係数,IF(M$7="PS/PG/PT",製作係数,IF(M$7="IT",結合テスト係数,IF(M$7="ST",総合テスト係数,IF(M$7="OT",受入支援係数,IF(M$7="RL",移行切替係数,IF(M$7="その他",その他係数,0))))))))) * M$8,1) -> 0 | N23: =ROUNDUP(IF($E23="画面",画面係数,IF($E23="帳票",帳票係数,IF($E23="バッチ",バッチ係数,0))) * IF($I23="特高",特高係数,IF($I23="高",高係数,IF($I23="中",中係数,IF($I23="低",低係数,IF($I23="特低",特低係数,0))))) * IF(N$7="SA",要件定義係数,IF(N$7="UI",基本設計係数,IF(N$7="SS",詳細設計係数,IF(N$7="PS/PG/PT",製作係数,IF(N$7="IT",結合テスト係数,IF(N$7="ST",総合テスト係数,IF(N$7="OT",受入支援係数,IF(N$7="RL",移行切替係数,IF(N$7="その他",その他係数,0))))))))) * N$8,1) -> 0 | O23: =ROUNDUP(IF($E23="画面",画面係数,IF($E23="帳票",帳票係数,IF($E23="バッチ",バッチ係数,0))) * IF($I23="特高",特高係数,IF($I23="高",高係数,IF($I23="中",中係数,IF($I23="低",低係数,IF($I23="特低",特低係数,0))))) * IF(O$7="SA",要件定義係数,IF(O$7="UI",基本設計係数,IF(O$7="SS",詳細設計係数,IF(O$7="PS/PG/PT",製作係数,IF(O$7="IT",結合テスト係数,IF(O$7="ST",総合テスト係数,IF(O$7="OT",受入支援係数,IF(O$7="RL",移行切替係数,IF(O$7="その他",その他係数,0))))))))) * O$8,1) -> 0 | P23: =ROUNDUP(IF($E23="画面",画面係数,IF($E23="帳票",帳票係数,IF($E23="バッチ",バッチ係数,0))) * IF($I23="特高",特高係数,IF($I23="高",高係数,IF($I23="中",中係数,IF($I23="低",低係数,IF($I23="特低",特低係数,0))))) * IF(P$7="SA",要件定義係数,IF(P$7="UI",基本設計係数,IF(P$7="SS",詳細設計係数,IF(P$7="PS/PG/PT",製作係数,IF(P$7="IT",結合テスト係数,IF(P$7="ST",総合テスト係数,IF(P$7="OT",受入支援係数,IF(P$7="RL",移行切替係数,IF(P$7="その他",その他係数,0))))))))) * P$8,1) -> 0 | Q23: =ROUNDUP(IF($E23="画面",画面係数,IF($E23="帳票",帳票係数,IF($E23="バッチ",バッチ係数,0))) * IF($I23="特高",特高係数,IF($I23="高",高係数,IF($I23="中",中係数,IF($I23="低",低係数,IF($I23="特低",特低係数,0))))) * IF(Q$7="SA",要件定義係数,IF(Q$7="UI",基本設計係数,IF(Q$7="SS",詳細設計係数,IF(Q$7="PS/PG/PT",製作係数,IF(Q$7="IT",結合テスト係数,IF(Q$7="ST",総合テスト係数,IF(Q$7="OT",受入支援係数,IF(Q$7="RL",移行切替係数,IF(Q$7="その他",その他係数,0))))))))) * Q$8,1) -> 0 | R23: =ROUNDUP(IF($E23="画面",画面係数,IF($E23="帳票",帳票係数,IF($E23="バッチ",バッチ係数,0))) * IF($I23="特高",特高係数,IF($I23="高",高係数,IF($I23="中",中係数,IF($I23="低",低係数,IF($I23="特低",特低係数,0))))) * IF(R$7="SA",要件定義係数,IF(R$7="UI",基本設計係数,IF(R$7="SS",詳細設計係数,IF(R$7="PS/PG/PT",製作係数,IF(R$7="IT",結合テスト係数,IF(R$7="ST",総合テスト係数,IF(R$7="OT",受入支援係数,IF(R$7="RL",移行切替係数,IF(R$7="その他",その他係数,0))))))))) * R$8,1) -> 0 | T23: =ROUNDUP(SUM(J23:S23)*T$8,1) -> 0 | U23: =SUM(J23:T23) -> 0 | V23: =U23/20 -> 0 | W23: =((J23*J$9) + (K23*K$9) + (L23*L$9) + (M23*M$9) + (N23*N$9) + (O23*O$9) + (P23*P$9) + (Q23*Q$9) + (R23*R$9) + (S23*S$9) + (T23*T$9))/20 -> 0
A24: =ROW()-9 -> 15 | B24: PG | C24: 潤滑油ファイルからテーブル書込み | D24: D:\skaicsei\App\Sougyou\bin\JUNKATUY_RCV.exe | E24: 画面 | I24: 高 | J24: =ROUNDUP(IF($E24="画面",画面係数,IF($E24="帳票",帳票係数,IF($E24="バッチ",バッチ係数,0))) * IF($I24="特高",特高係数,IF($I24="高",高係数,IF($I24="中",中係数,IF($I24="低",低係数,IF($I24="特低",特低係数,0))))) * IF(J$7="SA",要件定義係数,IF(J$7="UI",基本設計係数,IF(J$7="SS",詳細設計係数,IF(J$7="PS/PG/PT",製作係数,IF(J$7="IT",結合テスト係数,IF(J$7="ST",総合テスト係数,IF(J$7="OT",受入支援係数,IF(J$7="RL",移行切替係数,IF(J$7="その他",その他係数,0))))))))) * J$8,1) -> 3.1 | K24: =ROUNDUP(IF($E24="画面",画面係数,IF($E24="帳票",帳票係数,IF($E24="バッチ",バッチ係数,0))) * IF($I24="特高",特高係数,IF($I24="高",高係数,IF($I24="中",中係数,IF($I24="低",低係数,IF($I24="特低",特低係数,0))))) * IF(K$7="SA",要件定義係数,IF(K$7="UI",基本設計係数,IF(K$7="SS",詳細設計係数,IF(K$7="PS/PG/PT",製作係数,IF(K$7="IT",結合テスト係数,IF(K$7="ST",総合テスト係数,IF(K$7="OT",受入支援係数,IF(K$7="RL",移行切替係数,IF(K$7="その他",その他係数,0))))))))) * K$8,1) -> 3.5 | L24: =ROUNDUP(IF($E24="画面",画面係数,IF($E24="帳票",帳票係数,IF($E24="バッチ",バッチ係数,0))) * IF($I24="特高",特高係数,IF($I24="高",高係数,IF($I24="中",中係数,IF($I24="低",低係数,IF($I24="特低",特低係数,0))))) * IF(L$7="SA",要件定義係数,IF(L$7="UI",基本設計係数,IF(L$7="SS",詳細設計係数,IF(L$7="PS/PG/PT",製作係数,IF(L$7="IT",結合テスト係数,IF(L$7="ST",総合テスト係数,IF(L$7="OT",受入支援係数,IF(L$7="RL",移行切替係数,IF(L$7="その他",その他係数,0))))))))) * L$8,1) -> 3.6 | M24: =ROUNDUP(IF($E24="画面",画面係数,IF($E24="帳票",帳票係数,IF($E24="バッチ",バッチ係数,0))) * IF($I24="特高",特高係数,IF($I24="高",高係数,IF($I24="中",中係数,IF($I24="低",低係数,IF($I24="特低",特低係数,0))))) * IF(M$7="SA",要件定義係数,IF(M$7="UI",基本設計係数,IF(M$7="SS",詳細設計係数,IF(M$7="PS/PG/PT",製作係数,IF(M$7="IT",結合テスト係数,IF(M$7="ST",総合テスト係数,IF(M$7="OT",受入支援係数,IF(M$7="RL",移行切替係数,IF(M$7="その他",その他係数,0))))))))) * M$8,1) -> 6.6 | N24: =ROUNDUP(IF($E24="画面",画面係数,IF($E24="帳票",帳票係数,IF($E24="バッチ",バッチ係数,0))) * IF($I24="特高",特高係数,IF($I24="高",高係数,IF($I24="中",中係数,IF($I24="低",低係数,IF($I24="特低",特低係数,0))))) * IF(N$7="SA",要件定義係数,IF(N$7="UI",基本設計係数,IF(N$7="SS",詳細設計係数,IF(N$7="PS/PG/PT",製作係数,IF(N$7="IT",結合テスト係数,IF(N$7="ST",総合テスト係数,IF(N$7="OT",受入支援係数,IF(N$7="RL",移行切替係数,IF(N$7="その他",その他係数,0))))))))) * N$8,1) -> 4.1 | O24: =ROUNDUP(IF($E24="画面",画面係数,IF($E24="帳票",帳票係数,IF($E24="バッチ",バッチ係数,0))) * IF($I24="特高",特高係数,IF($I24="高",高係数,IF($I24="中",中係数,IF($I24="低",低係数,IF($I24="特低",特低係数,0))))) * IF(O$7="SA",要件定義係数,IF(O$7="UI",基本設計係数,IF(O$7="SS",詳細設計係数,IF(O$7="PS/PG/PT",製作係数,IF(O$7="IT",結合テスト係数,IF(O$7="ST",総合テスト係数,IF(O$7="OT",受入支援係数,IF(O$7="RL",移行切替係数,IF(O$7="その他",その他係数,0))))))))) * O$8,1) -> 2.7 | P24: =ROUNDUP(IF($E24="画面",画面係数,IF($E24="帳票",帳票係数,IF($E24="バッチ",バッチ係数,0))) * IF($I24="特高",特高係数,IF($I24="高",高係数,IF($I24="中",中係数,IF($I24="低",低係数,IF($I24="特低",特低係数,0))))) * IF(P$7="SA",要件定義係数,IF(P$7="UI",基本設計係数,IF(P$7="SS",詳細設計係数,IF(P$7="PS/PG/PT",製作係数,IF(P$7="IT",結合テスト係数,IF(P$7="ST",総合テスト係数,IF(P$7="OT",受入支援係数,IF(P$7="RL",移行切替係数,IF(P$7="その他",その他係数,0))))))))) * P$8,1) -> 1.1 | Q24: =ROUNDUP(IF($E24="画面",画面係数,IF($E24="帳票",帳票係数,IF($E24="バッチ",バッチ係数,0))) * IF($I24="特高",特高係数,IF($I24="高",高係数,IF($I24="中",中係数,IF($I24="低",低係数,IF($I24="特低",特低係数,0))))) * IF(Q$7="SA",要件定義係数,IF(Q$7="UI",基本設計係数,IF(Q$7="SS",詳細設計係数,IF(Q$7="PS/PG/PT",製作係数,IF(Q$7="IT",結合テスト係数,IF(Q$7="ST",総合テスト係数,IF(Q$7="OT",受入支援係数,IF(Q$7="RL",移行切替係数,IF(Q$7="その他",その他係数,0))))))))) * Q$8,1) -> 3.1 | R24: =ROUNDUP(IF($E24="画面",画面係数,IF($E24="帳票",帳票係数,IF($E24="バッチ",バッチ係数,0))) * IF($I24="特高",特高係数,IF($I24="高",高係数,IF($I24="中",中係数,IF($I24="低",低係数,IF($I24="特低",特低係数,0))))) * IF(R$7="SA",要件定義係数,IF(R$7="UI",基本設計係数,IF(R$7="SS",詳細設計係数,IF(R$7="PS/PG/PT",製作係数,IF(R$7="IT",結合テスト係数,IF(R$7="ST",総合テスト係数,IF(R$7="OT",受入支援係数,IF(R$7="RL",移行切替係数,IF(R$7="その他",その他係数,0))))))))) * R$8,1) -> 0 | T24: =ROUNDUP(SUM(J24:S24)*T$8,1) -> 4.2 | U24: =SUM(J24:T24) -> 32 | V24: =U24/20 -> 1.6 | W24: =((J24*J$9) + (K24*K$9) + (L24*L$9) + (M24*M$9) + (N24*N$9) + (O24*O$9) + (P24*P$9) + (Q24*Q$9) + (R24*R$9) + (S24*S$9) + (T24*T$9))/20 -> 1684000
A25: =ROW()-9 -> 16 | B25: PG | C25: 「潤滑油タンク在庫データ」の作成 | D25: D:\skaicsei\App\Sougyou\bin\JYUNKATU_TRANS.exe | E25: 画面 | I25: 高 | J25: =ROUNDUP(IF($E25="画面",画面係数,IF($E25="帳票",帳票係数,IF($E25="バッチ",バッチ係数,0))) * IF($I25="特高",特高係数,IF($I25="高",高係数,IF($I25="中",中係数,IF($I25="低",低係数,IF($I25="特低",特低係数,0))))) * IF(J$7="SA",要件定義係数,IF(J$7="UI",基本設計係数,IF(J$7="SS",詳細設計係数,IF(J$7="PS/PG/PT",製作係数,IF(J$7="IT",結合テスト係数,IF(J$7="ST",総合テスト係数,IF(J$7="OT",受入支援係数,IF(J$7="RL",移行切替係数,IF(J$7="その他",その他係数,0))))))))) * J$8,1) -> 3.1 | K25: =ROUNDUP(IF($E25="画面",画面係数,IF($E25="帳票",帳票係数,IF($E25="バッチ",バッチ係数,0))) * IF($I25="特高",特高係数,IF($I25="高",高係数,IF($I25="中",中係数,IF($I25="低",低係数,IF($I25="特低",特低係数,0))))) * IF(K$7="SA",要件定義係数,IF(K$7="UI",基本設計係数,IF(K$7="SS",詳細設計係数,IF(K$7="PS/PG/PT",製作係数,IF(K$7="IT",結合テスト係数,IF(K$7="ST",総合テスト係数,IF(K$7="OT",受入支援係数,IF(K$7="RL",移行切替係数,IF(K$7="その他",その他係数,0))))))))) * K$8,1) -> 3.5 | L25: =ROUNDUP(IF($E25="画面",画面係数,IF($E25="帳票",帳票係数,IF($E25="バッチ",バッチ係数,0))) * IF($I25="特高",特高係数,IF($I25="高",高係数,IF($I25="中",中係数,IF($I25="低",低係数,IF($I25="特低",特低係数,0))))) * IF(L$7="SA",要件定義係数,IF(L$7="UI",基本設計係数,IF(L$7="SS",詳細設計係数,IF(L$7="PS/PG/PT",製作係数,IF(L$7="IT",結合テスト係数,IF(L$7="ST",総合テスト係数,IF(L$7="OT",受入支援係数,IF(L$7="RL",移行切替係数,IF(L$7="その他",その他係数,0))))))))) * L$8,1) -> 3.6 | M25: =ROUNDUP(IF($E25="画面",画面係数,IF($E25="帳票",帳票係数,IF($E25="バッチ",バッチ係数,0))) * IF($I25="特高",特高係数,IF($I25="高",高係数,IF($I25="中",中係数,IF($I25="低",低係数,IF($I25="特低",特低係数,0))))) * IF(M$7="SA",要件定義係数,IF(M$7="UI",基本設計係数,IF(M$7="SS",詳細設計係数,IF(M$7="PS/PG/PT",製作係数,IF(M$7="IT",結合テスト係数,IF(M$7="ST",総合テスト係数,IF(M$7="OT",受入支援係数,IF(M$7="RL",移行切替係数,IF(M$7="その他",その他係数,0))))))))) * M$8,1) -> 6.6 | N25: =ROUNDUP(IF($E25="画面",画面係数,IF($E25="帳票",帳票係数,IF($E25="バッチ",バッチ係数,0))) * IF($I25="特高",特高係数,IF($I25="高",高係数,IF($I25="中",中係数,IF($I25="低",低係数,IF($I25="特低",特低係数,0))))) * IF(N$7="SA",要件定義係数,IF(N$7="UI",基本設計係数,IF(N$7="SS",詳細設計係数,IF(N$7="PS/PG/PT",製作係数,IF(N$7="IT",結合テスト係数,IF(N$7="ST",総合テスト係数,IF(N$7="OT",受入支援係数,IF(N$7="RL",移行切替係数,IF(N$7="その他",その他係数,0))))))))) * N$8,1) -> 4.1 | O25: =ROUNDUP(IF($E25="画面",画面係数,IF($E25="帳票",帳票係数,IF($E25="バッチ",バッチ係数,0))) * IF($I25="特高",特高係数,IF($I25="高",高係数,IF($I25="中",中係数,IF($I25="低",低係数,IF($I25="特低",特低係数,0))))) * IF(O$7="SA",要件定義係数,IF(O$7="UI",基本設計係数,IF(O$7="SS",詳細設計係数,IF(O$7="PS/PG/PT",製作係数,IF(O$7="IT",結合テスト係数,IF(O$7="ST",総合テスト係数,IF(O$7="OT",受入支援係数,IF(O$7="RL",移行切替係数,IF(O$7="その他",その他係数,0))))))))) * O$8,1) -> 2.7 | P25: =ROUNDUP(IF($E25="画面",画面係数,IF($E25="帳票",帳票係数,IF($E25="バッチ",バッチ係数,0))) * IF($I25="特高",特高係数,IF($I25="高",高係数,IF($I25="中",中係数,IF($I25="低",低係数,IF($I25="特低",特低係数,0))))) * IF(P$7="SA",要件定義係数,IF(P$7="UI",基本設計係数,IF(P$7="SS",詳細設計係数,IF(P$7="PS/PG/PT",製作係数,IF(P$7="IT",結合テスト係数,IF(P$7="ST",総合テスト係数,IF(P$7="OT",受入支援係数,IF(P$7="RL",移行切替係数,IF(P$7="その他",その他係数,0))))))))) * P$8,1) -> 1.1 | Q25: =ROUNDUP(IF($E25="画面",画面係数,IF($E25="帳票",帳票係数,IF($E25="バッチ",バッチ係数,0))) * IF($I25="特高",特高係数,IF($I25="高",高係数,IF($I25="中",中係数,IF($I25="低",低係数,IF($I25="特低",特低係数,0))))) * IF(Q$7="SA",要件定義係数,IF(Q$7="UI",基本設計係数,IF(Q$7="SS",詳細設計係数,IF(Q$7="PS/PG/PT",製作係数,IF(Q$7="IT",結合テスト係数,IF(Q$7="ST",総合テスト係数,IF(Q$7="OT",受入支援係数,IF(Q$7="RL",移行切替係数,IF(Q$7="その他",その他係数,0))))))))) * Q$8,1) -> 3.1 | R25: =ROUNDUP(IF($E25="画面",画面係数,IF($E25="帳票",帳票係数,IF($E25="バッチ",バッチ係数,0))) * IF($I25="特高",特高係数,IF($I25="高",高係数,IF($I25="中",中係数,IF($I25="低",低係数,IF($I25="特低",特低係数,0))))) * IF(R$7="SA",要件定義係数,IF(R$7="UI",基本設計係数,IF(R$7="SS",詳細設計係数,IF(R$7="PS/PG/PT",製作係数,IF(R$7="IT",結合テスト係数,IF(R$7="ST",総合テスト係数,IF(R$7="OT",受入支援係数,IF(R$7="RL",移行切替係数,IF(R$7="その他",その他係数,0))))))))) * R$8,1) -> 0 | T25: =ROUNDUP(SUM(J25:S25)*T$8,1) -> 4.2 | U25: =SUM(J25:T25) -> 32 | V25: =U25/20 -> 1.6 | W25: =((J25*J$9) + (K25*K$9) + (L25*L$9) + (M25*M$9) + (N25*N$9) + (O25*O$9) + (P25*P$9) + (Q25*Q$9) + (R25*R$9) + (S25*S$9) + (T25*T$9))/20 -> 1684000
A26: =ROW()-9 -> 17 | B26: PG | C26: 基材加工DB | D26: D:\skaicsei\App\Sougyou\bin\kakouDB.exe | E26: 画面 | I26: 高 | J26: =ROUNDUP(IF($E26="画面",画面係数,IF($E26="帳票",帳票係数,IF($E26="バッチ",バッチ係数,0))) * IF($I26="特高",特高係数,IF($I26="高",高係数,IF($I26="中",中係数,IF($I26="低",低係数,IF($I26="特低",特低係数,0))))) * IF(J$7="SA",要件定義係数,IF(J$7="UI",基本設計係数,IF(J$7="SS",詳細設計係数,IF(J$7="PS/PG/PT",製作係数,IF(J$7="IT",結合テスト係数,IF(J$7="ST",総合テスト係数,IF(J$7="OT",受入支援係数,IF(J$7="RL",移行切替係数,IF(J$7="その他",その他係数,0))))))))) * J$8,1) -> 3.1 | K26: =ROUNDUP(IF($E26="画面",画面係数,IF($E26="帳票",帳票係数,IF($E26="バッチ",バッチ係数,0))) * IF($I26="特高",特高係数,IF($I26="高",高係数,IF($I26="中",中係数,IF($I26="低",低係数,IF($I26="特低",特低係数,0))))) * IF(K$7="SA",要件定義係数,IF(K$7="UI",基本設計係数,IF(K$7="SS",詳細設計係数,IF(K$7="PS/PG/PT",製作係数,IF(K$7="IT",結合テスト係数,IF(K$7="ST",総合テスト係数,IF(K$7="OT",受入支援係数,IF(K$7="RL",移行切替係数,IF(K$7="その他",その他係数,0))))))))) * K$8,1) -> 3.5 | L26: =ROUNDUP(IF($E26="画面",画面係数,IF($E26="帳票",帳票係数,IF($E26="バッチ",バッチ係数,0))) * IF($I26="特高",特高係数,IF($I26="高",高係数,IF($I26="中",中係数,IF($I26="低",低係数,IF($I26="特低",特低係数,0))))) * IF(L$7="SA",要件定義係数,IF(L$7="UI",基本設計係数,IF(L$7="SS",詳細設計係数,IF(L$7="PS/PG/PT",製作係数,IF(L$7="IT",結合テスト係数,IF(L$7="ST",総合テスト係数,IF(L$7="OT",受入支援係数,IF(L$7="RL",移行切替係数,IF(L$7="その他",その他係数,0))))))))) * L$8,1) -> 3.6 | M26: =ROUNDUP(IF($E26="画面",画面係数,IF($E26="帳票",帳票係数,IF($E26="バッチ",バッチ係数,0))) * IF($I26="特高",特高係数,IF($I26="高",高係数,IF($I26="中",中係数,IF($I26="低",低係数,IF($I26="特低",特低係数,0))))) * IF(M$7="SA",要件定義係数,IF(M$7="UI",基本設計係数,IF(M$7="SS",詳細設計係数,IF(M$7="PS/PG/PT",製作係数,IF(M$7="IT",結合テスト係数,IF(M$7="ST",総合テスト係数,IF(M$7="OT",受入支援係数,IF(M$7="RL",移行切替係数,IF(M$7="その他",その他係数,0))))))))) * M$8,1) -> 6.6 | N26: =ROUNDUP(IF($E26="画面",画面係数,IF($E26="帳票",帳票係数,IF($E26="バッチ",バッチ係数,0))) * IF($I26="特高",特高係数,IF($I26="高",高係数,IF($I26="中",中係数,IF($I26="低",低係数,IF($I26="特低",特低係数,0))))) * IF(N$7="SA",要件定義係数,IF(N$7="UI",基本設計係数,IF(N$7="SS",詳細設計係数,IF(N$7="PS/PG/PT",製作係数,IF(N$7="IT",結合テスト係数,IF(N$7="ST",総合テスト係数,IF(N$7="OT",受入支援係数,IF(N$7="RL",移行切替係数,IF(N$7="その他",その他係数,0))))))))) * N$8,1) -> 4.1 | O26: =ROUNDUP(IF($E26="画面",画面係数,IF($E26="帳票",帳票係数,IF($E26="バッチ",バッチ係数,0))) * IF($I26="特高",特高係数,IF($I26="高",高係数,IF($I26="中",中係数,IF($I26="低",低係数,IF($I26="特低",特低係数,0))))) * IF(O$7="SA",要件定義係数,IF(O$7="UI",基本設計係数,IF(O$7="SS",詳細設計係数,IF(O$7="PS/PG/PT",製作係数,IF(O$7="IT",結合テスト係数,IF(O$7="ST",総合テスト係数,IF(O$7="OT",受入支援係数,IF(O$7="RL",移行切替係数,IF(O$7="その他",その他係数,0))))))))) * O$8,1) -> 2.7 | P26: =ROUNDUP(IF($E26="画面",画面係数,IF($E26="帳票",帳票係数,IF($E26="バッチ",バッチ係数,0))) * IF($I26="特高",特高係数,IF($I26="高",高係数,IF($I26="中",中係数,IF($I26="低",低係数,IF($I26="特低",特低係数,0))))) * IF(P$7="SA",要件定義係数,IF(P$7="UI",基本設計係数,IF(P$7="SS",詳細設計係数,IF(P$7="PS/PG/PT",製作係数,IF(P$7="IT",結合テスト係数,IF(P$7="ST",総合テスト係数,IF(P$7="OT",受入支援係数,IF(P$7="RL",移行切替係数,IF(P$7="その他",その他係数,0))))))))) * P$8,1) -> 1.1 | Q26: =ROUNDUP(IF($E26="画面",画面係数,IF($E26="帳票",帳票係数,IF($E26="バッチ",バッチ係数,0))) * IF($I26="特高",特高係数,IF($I26="高",高係数,IF($I26="中",中係数,IF($I26="低",低係数,IF($I26="特低",特低係数,0))))) * IF(Q$7="SA",要件定義係数,IF(Q$7="UI",基本設計係数,IF(Q$7="SS",詳細設計係数,IF(Q$7="PS/PG/PT",製作係数,IF(Q$7="IT",結合テスト係数,IF(Q$7="ST",総合テスト係数,IF(Q$7="OT",受入支援係数,IF(Q$7="RL",移行切替係数,IF(Q$7="その他",その他係数,0))))))))) * Q$8,1) -> 3.1 | R26: =ROUNDUP(IF($E26="画面",画面係数,IF($E26="帳票",帳票係数,IF($E26="バッチ",バッチ係数,0))) * IF($I26="特高",特高係数,IF($I26="高",高係数,IF($I26="中",中係数,IF($I26="低",低係数,IF($I26="特低",特低係数,0))))) * IF(R$7="SA",要件定義係数,IF(R$7="UI",基本設計係数,IF(R$7="SS",詳細設計係数,IF(R$7="PS/PG/PT",製作係数,IF(R$7="IT",結合テスト係数,IF(R$7="ST",総合テスト係数,IF(R$7="OT",受入支援係数,IF(R$7="RL",移行切替係数,IF(R$7="その他",その他係数,0))))))))) * R$8,1) -> 0 | T26: =ROUNDUP(SUM(J26:S26)*T$8,1) -> 4.2 | U26: =SUM(J26:T26) -> 32 | V26: =U26/20 -> 1.6 | W26: =((J26*J$9) + (K26*K$9) + (L26*L$9) + (M26*M$9) + (N26*N$9) + (O26*O$9) + (P26*P$9) + (Q26*Q$9) + (R26*R$9) + (S26*S$9) + (T26*T$9))/20 -> 1684000
A27: =ROW()-9 -> 18 | B27: PG | C27: 自家燃タンク在庫作成 | D27: D:\skaicsei\App\Sougyou\bin\TANKZAIKO.exe | E27: 画面 | I27: 高 | J27: =ROUNDUP(IF($E27="画面",画面係数,IF($E27="帳票",帳票係数,IF($E27="バッチ",バッチ係数,0))) * IF($I27="特高",特高係数,IF($I27="高",高係数,IF($I27="中",中係数,IF($I27="低",低係数,IF($I27="特低",特低係数,0))))) * IF(J$7="SA",要件定義係数,IF(J$7="UI",基本設計係数,IF(J$7="SS",詳細設計係数,IF(J$7="PS/PG/PT",製作係数,IF(J$7="IT",結合テスト係数,IF(J$7="ST",総合テスト係数,IF(J$7="OT",受入支援係数,IF(J$7="RL",移行切替係数,IF(J$7="その他",その他係数,0))))))))) * J$8,1) -> 3.1 | K27: =ROUNDUP(IF($E27="画面",画面係数,IF($E27="帳票",帳票係数,IF($E27="バッチ",バッチ係数,0))) * IF($I27="特高",特高係数,IF($I27="高",高係数,IF($I27="中",中係数,IF($I27="低",低係数,IF($I27="特低",特低係数,0))))) * IF(K$7="SA",要件定義係数,IF(K$7="UI",基本設計係数,IF(K$7="SS",詳細設計係数,IF(K$7="PS/PG/PT",製作係数,IF(K$7="IT",結合テスト係数,IF(K$7="ST",総合テスト係数,IF(K$7="OT",受入支援係数,IF(K$7="RL",移行切替係数,IF(K$7="その他",その他係数,0))))))))) * K$8,1) -> 3.5 | L27: =ROUNDUP(IF($E27="画面",画面係数,IF($E27="帳票",帳票係数,IF($E27="バッチ",バッチ係数,0))) * IF($I27="特高",特高係数,IF($I27="高",高係数,IF($I27="中",中係数,IF($I27="低",低係数,IF($I27="特低",特低係数,0))))) * IF(L$7="SA",要件定義係数,IF(L$7="UI",基本設計係数,IF(L$7="SS",詳細設計係数,IF(L$7="PS/PG/PT",製作係数,IF(L$7="IT",結合テスト係数,IF(L$7="ST",総合テスト係数,IF(L$7="OT",受入支援係数,IF(L$7="RL",移行切替係数,IF(L$7="その他",その他係数,0))))))))) * L$8,1) -> 3.6 | M27: =ROUNDUP(IF($E27="画面",画面係数,IF($E27="帳票",帳票係数,IF($E27="バッチ",バッチ係数,0))) * IF($I27="特高",特高係数,IF($I27="高",高係数,IF($I27="中",中係数,IF($I27="低",低係数,IF($I27="特低",特低係数,0))))) * IF(M$7="SA",要件定義係数,IF(M$7="UI",基本設計係数,IF(M$7="SS",詳細設計係数,IF(M$7="PS/PG/PT",製作係数,IF(M$7="IT",結合テスト係数,IF(M$7="ST",総合テスト係数,IF(M$7="OT",受入支援係数,IF(M$7="RL",移行切替係数,IF(M$7="その他",その他係数,0))))))))) * M$8,1) -> 6.6 | N27: =ROUNDUP(IF($E27="画面",画面係数,IF($E27="帳票",帳票係数,IF($E27="バッチ",バッチ係数,0))) * IF($I27="特高",特高係数,IF($I27="高",高係数,IF($I27="中",中係数,IF($I27="低",低係数,IF($I27="特低",特低係数,0))))) * IF(N$7="SA",要件定義係数,IF(N$7="UI",基本設計係数,IF(N$7="SS",詳細設計係数,IF(N$7="PS/PG/PT",製作係数,IF(N$7="IT",結合テスト係数,IF(N$7="ST",総合テスト係数,IF(N$7="OT",受入支援係数,IF(N$7="RL",移行切替係数,IF(N$7="その他",その他係数,0))))))))) * N$8,1) -> 4.1 | O27: =ROUNDUP(IF($E27="画面",画面係数,IF($E27="帳票",帳票係数,IF($E27="バッチ",バッチ係数,0))) * IF($I27="特高",特高係数,IF($I27="高",高係数,IF($I27="中",中係数,IF($I27="低",低係数,IF($I27="特低",特低係数,0))))) * IF(O$7="SA",要件定義係数,IF(O$7="UI",基本設計係数,IF(O$7="SS",詳細設計係数,IF(O$7="PS/PG/PT",製作係数,IF(O$7="IT",結合テスト係数,IF(O$7="ST",総合テスト係数,IF(O$7="OT",受入支援係数,IF(O$7="RL",移行切替係数,IF(O$7="その他",その他係数,0))))))))) * O$8,1) -> 2.7 | P27: =ROUNDUP(IF($E27="画面",画面係数,IF($E27="帳票",帳票係数,IF($E27="バッチ",バッチ係数,0))) * IF($I27="特高",特高係数,IF($I27="高",高係数,IF($I27="中",中係数,IF($I27="低",低係数,IF($I27="特低",特低係数,0))))) * IF(P$7="SA",要件定義係数,IF(P$7="UI",基本設計係数,IF(P$7="SS",詳細設計係数,IF(P$7="PS/PG/PT",製作係数,IF(P$7="IT",結合テスト係数,IF(P$7="ST",総合テスト係数,IF(P$7="OT",受入支援係数,IF(P$7="RL",移行切替係数,IF(P$7="その他",その他係数,0))))))))) * P$8,1) -> 1.1 | Q27: =ROUNDUP(IF($E27="画面",画面係数,IF($E27="帳票",帳票係数,IF($E27="バッチ",バッチ係数,0))) * IF($I27="特高",特高係数,IF($I27="高",高係数,IF($I27="中",中係数,IF($I27="低",低係数,IF($I27="特低",特低係数,0))))) * IF(Q$7="SA",要件定義係数,IF(Q$7="UI",基本設計係数,IF(Q$7="SS",詳細設計係数,IF(Q$7="PS/PG/PT",製作係数,IF(Q$7="IT",結合テスト係数,IF(Q$7="ST",総合テスト係数,IF(Q$7="OT",受入支援係数,IF(Q$7="RL",移行切替係数,IF(Q$7="その他",その他係数,0))))))))) * Q$8,1) -> 3.1 | R27: =ROUNDUP(IF($E27="画面",画面係数,IF($E27="帳票",帳票係数,IF($E27="バッチ",バッチ係数,0))) * IF($I27="特高",特高係数,IF($I27="高",高係数,IF($I27="中",中係数,IF($I27="低",低係数,IF($I27="特低",特低係数,0))))) * IF(R$7="SA",要件定義係数,IF(R$7="UI",基本設計係数,IF(R$7="SS",詳細設計係数,IF(R$7="PS/PG/PT",製作係数,IF(R$7="IT",結合テスト係数,IF(R$7="ST",総合テスト係数,IF(R$7="OT",受入支援係数,IF(R$7="RL",移行切替係数,IF(R$7="その他",その他係数,0))))))))) * R$8,1) -> 0 | T27: =ROUNDUP(SUM(J27:S27)*T$8,1) -> 4.2 | U27: =SUM(J27:T27) -> 32 | V27: =U27/20 -> 1.6 | W27: =((J27*J$9) + (K27*K$9) + (L27*L$9) + (M27*M$9) + (N27*N$9) + (O27*O$9) + (P27*P$9) + (Q27*Q$9) + (R27*R$9) + (S27*S$9) + (T27*T$9))/20 -> 1684000
A28: =ROW()-9 -> 19 | B28: PG | C28: タンク受払実績月報 | D28: D:\skaicsei\App\Sougyou\bin\UKEHARAI.exe | E28: 画面 | I28: 高 | J28: =ROUNDUP(IF($E28="画面",画面係数,IF($E28="帳票",帳票係数,IF($E28="バッチ",バッチ係数,0))) * IF($I28="特高",特高係数,IF($I28="高",高係数,IF($I28="中",中係数,IF($I28="低",低係数,IF($I28="特低",特低係数,0))))) * IF(J$7="SA",要件定義係数,IF(J$7="UI",基本設計係数,IF(J$7="SS",詳細設計係数,IF(J$7="PS/PG/PT",製作係数,IF(J$7="IT",結合テスト係数,IF(J$7="ST",総合テスト係数,IF(J$7="OT",受入支援係数,IF(J$7="RL",移行切替係数,IF(J$7="その他",その他係数,0))))))))) * J$8,1) -> 3.1 | K28: =ROUNDUP(IF($E28="画面",画面係数,IF($E28="帳票",帳票係数,IF($E28="バッチ",バッチ係数,0))) * IF($I28="特高",特高係数,IF($I28="高",高係数,IF($I28="中",中係数,IF($I28="低",低係数,IF($I28="特低",特低係数,0))))) * IF(K$7="SA",要件定義係数,IF(K$7="UI",基本設計係数,IF(K$7="SS",詳細設計係数,IF(K$7="PS/PG/PT",製作係数,IF(K$7="IT",結合テスト係数,IF(K$7="ST",総合テスト係数,IF(K$7="OT",受入支援係数,IF(K$7="RL",移行切替係数,IF(K$7="その他",その他係数,0))))))))) * K$8,1) -> 3.5 | L28: =ROUNDUP(IF($E28="画面",画面係数,IF($E28="帳票",帳票係数,IF($E28="バッチ",バッチ係数,0))) * IF($I28="特高",特高係数,IF($I28="高",高係数,IF($I28="中",中係数,IF($I28="低",低係数,IF($I28="特低",特低係数,0))))) * IF(L$7="SA",要件定義係数,IF(L$7="UI",基本設計係数,IF(L$7="SS",詳細設計係数,IF(L$7="PS/PG/PT",製作係数,IF(L$7="IT",結合テスト係数,IF(L$7="ST",総合テスト係数,IF(L$7="OT",受入支援係数,IF(L$7="RL",移行切替係数,IF(L$7="その他",その他係数,0))))))))) * L$8,1) -> 3.6 | M28: =ROUNDUP(IF($E28="画面",画面係数,IF($E28="帳票",帳票係数,IF($E28="バッチ",バッチ係数,0))) * IF($I28="特高",特高係数,IF($I28="高",高係数,IF($I28="中",中係数,IF($I28="低",低係数,IF($I28="特低",特低係数,0))))) * IF(M$7="SA",要件定義係数,IF(M$7="UI",基本設計係数,IF(M$7="SS",詳細設計係数,IF(M$7="PS/PG/PT",製作係数,IF(M$7="IT",結合テスト係数,IF(M$7="ST",総合テスト係数,IF(M$7="OT",受入支援係数,IF(M$7="RL",移行切替係数,IF(M$7="その他",その他係数,0))))))))) * M$8,1) -> 6.6 | N28: =ROUNDUP(IF($E28="画面",画面係数,IF($E28="帳票",帳票係数,IF($E28="バッチ",バッチ係数,0))) * IF($I28="特高",特高係数,IF($I28="高",高係数,IF($I28="中",中係数,IF($I28="低",低係数,IF($I28="特低",特低係数,0))))) * IF(N$7="SA",要件定義係数,IF(N$7="UI",基本設計係数,IF(N$7="SS",詳細設計係数,IF(N$7="PS/PG/PT",製作係数,IF(N$7="IT",結合テスト係数,IF(N$7="ST",総合テスト係数,IF(N$7="OT",受入支援係数,IF(N$7="RL",移行切替係数,IF(N$7="その他",その他係数,0))))))))) * N$8,1) -> 4.1 | O28: =ROUNDUP(IF($E28="画面",画面係数,IF($E28="帳票",帳票係数,IF($E28="バッチ",バッチ係数,0))) * IF($I28="特高",特高係数,IF($I28="高",高係数,IF($I28="中",中係数,IF($I28="低",低係数,IF($I28="特低",特低係数,0))))) * IF(O$7="SA",要件定義係数,IF(O$7="UI",基本設計係数,IF(O$7="SS",詳細設計係数,IF(O$7="PS/PG/PT",製作係数,IF(O$7="IT",結合テスト係数,IF(O$7="ST",総合テスト係数,IF(O$7="OT",受入支援係数,IF(O$7="RL",移行切替係数,IF(O$7="その他",その他係数,0))))))))) * O$8,1) -> 2.7 | P28: =ROUNDUP(IF($E28="画面",画面係数,IF($E28="帳票",帳票係数,IF($E28="バッチ",バッチ係数,0))) * IF($I28="特高",特高係数,IF($I28="高",高係数,IF($I28="中",中係数,IF($I28="低",低係数,IF($I28="特低",特低係数,0))))) * IF(P$7="SA",要件定義係数,IF(P$7="UI",基本設計係数,IF(P$7="SS",詳細設計係数,IF(P$7="PS/PG/PT",製作係数,IF(P$7="IT",結合テスト係数,IF(P$7="ST",総合テスト係数,IF(P$7="OT",受入支援係数,IF(P$7="RL",移行切替係数,IF(P$7="その他",その他係数,0))))))))) * P$8,1) -> 1.1 | Q28: =ROUNDUP(IF($E28="画面",画面係数,IF($E28="帳票",帳票係数,IF($E28="バッチ",バッチ係数,0))) * IF($I28="特高",特高係数,IF($I28="高",高係数,IF($I28="中",中係数,IF($I28="低",低係数,IF($I28="特低",特低係数,0))))) * IF(Q$7="SA",要件定義係数,IF(Q$7="UI",基本設計係数,IF(Q$7="SS",詳細設計係数,IF(Q$7="PS/PG/PT",製作係数,IF(Q$7="IT",結合テスト係数,IF(Q$7="ST",総合テスト係数,IF(Q$7="OT",受入支援係数,IF(Q$7="RL",移行切替係数,IF(Q$7="その他",その他係数,0))))))))) * Q$8,1) -> 3.1 | R28: =ROUNDUP(IF($E28="画面",画面係数,IF($E28="帳票",帳票係数,IF($E28="バッチ",バッチ係数,0))) * IF($I28="特高",特高係数,IF($I28="高",高係数,IF($I28="中",中係数,IF($I28="低",低係数,IF($I28="特低",特低係数,0))))) * IF(R$7="SA",要件定義係数,IF(R$7="UI",基本設計係数,IF(R$7="SS",詳細設計係数,IF(R$7="PS/PG/PT",製作係数,IF(R$7="IT",結合テスト係数,IF(R$7="ST",総合テスト係数,IF(R$7="OT",受入支援係数,IF(R$7="RL",移行切替係数,IF(R$7="その他",その他係数,0))))))))) * R$8,1) -> 0 | T28: =ROUNDUP(SUM(J28:S28)*T$8,1) -> 4.2 | U28: =SUM(J28:T28) -> 32 | V28: =U28/20 -> 1.6 | W28: =((J28*J$9) + (K28*K$9) + (L28*L$9) + (M28*M$9) + (N28*N$9) + (O28*O$9) + (P28*P$9) + (Q28*Q$9) + (R28*R$9) + (S28*S$9) + (T28*T$9))/20 -> 1684000
A29: =ROW()-9 -> 20 | B29: PG | C29: 装置運転状況加工DB | D29: D:\skaicsei\App\Sougyou\bin\UNTEN_JYOKYO.exe | E29: 画面 | I29: 高 | J29: =ROUNDUP(IF($E29="画面",画面係数,IF($E29="帳票",帳票係数,IF($E29="バッチ",バッチ係数,0))) * IF($I29="特高",特高係数,IF($I29="高",高係数,IF($I29="中",中係数,IF($I29="低",低係数,IF($I29="特低",特低係数,0))))) * IF(J$7="SA",要件定義係数,IF(J$7="UI",基本設計係数,IF(J$7="SS",詳細設計係数,IF(J$7="PS/PG/PT",製作係数,IF(J$7="IT",結合テスト係数,IF(J$7="ST",総合テスト係数,IF(J$7="OT",受入支援係数,IF(J$7="RL",移行切替係数,IF(J$7="その他",その他係数,0))))))))) * J$8,1) -> 3.1 | K29: =ROUNDUP(IF($E29="画面",画面係数,IF($E29="帳票",帳票係数,IF($E29="バッチ",バッチ係数,0))) * IF($I29="特高",特高係数,IF($I29="高",高係数,IF($I29="中",中係数,IF($I29="低",低係数,IF($I29="特低",特低係数,0))))) * IF(K$7="SA",要件定義係数,IF(K$7="UI",基本設計係数,IF(K$7="SS",詳細設計係数,IF(K$7="PS/PG/PT",製作係数,IF(K$7="IT",結合テスト係数,IF(K$7="ST",総合テスト係数,IF(K$7="OT",受入支援係数,IF(K$7="RL",移行切替係数,IF(K$7="その他",その他係数,0))))))))) * K$8,1) -> 3.5 | L29: =ROUNDUP(IF($E29="画面",画面係数,IF($E29="帳票",帳票係数,IF($E29="バッチ",バッチ係数,0))) * IF($I29="特高",特高係数,IF($I29="高",高係数,IF($I29="中",中係数,IF($I29="低",低係数,IF($I29="特低",特低係数,0))))) * IF(L$7="SA",要件定義係数,IF(L$7="UI",基本設計係数,IF(L$7="SS",詳細設計係数,IF(L$7="PS/PG/PT",製作係数,IF(L$7="IT",結合テスト係数,IF(L$7="ST",総合テスト係数,IF(L$7="OT",受入支援係数,IF(L$7="RL",移行切替係数,IF(L$7="その他",その他係数,0))))))))) * L$8,1) -> 3.6 | M29: =ROUNDUP(IF($E29="画面",画面係数,IF($E29="帳票",帳票係数,IF($E29="バッチ",バッチ係数,0))) * IF($I29="特高",特高係数,IF($I29="高",高係数,IF($I29="中",中係数,IF($I29="低",低係数,IF($I29="特低",特低係数,0))))) * IF(M$7="SA",要件定義係数,IF(M$7="UI",基本設計係数,IF(M$7="SS",詳細設計係数,IF(M$7="PS/PG/PT",製作係数,IF(M$7="IT",結合テスト係数,IF(M$7="ST",総合テスト係数,IF(M$7="OT",受入支援係数,IF(M$7="RL",移行切替係数,IF(M$7="その他",その他係数,0))))))))) * M$8,1) -> 6.6 | N29: =ROUNDUP(IF($E29="画面",画面係数,IF($E29="帳票",帳票係数,IF($E29="バッチ",バッチ係数,0))) * IF($I29="特高",特高係数,IF($I29="高",高係数,IF($I29="中",中係数,IF($I29="低",低係数,IF($I29="特低",特低係数,0))))) * IF(N$7="SA",要件定義係数,IF(N$7="UI",基本設計係数,IF(N$7="SS",詳細設計係数,IF(N$7="PS/PG/PT",製作係数,IF(N$7="IT",結合テスト係数,IF(N$7="ST",総合テスト係数,IF(N$7="OT",受入支援係数,IF(N$7="RL",移行切替係数,IF(N$7="その他",その他係数,0))))))))) * N$8,1) -> 4.1 | O29: =ROUNDUP(IF($E29="画面",画面係数,IF($E29="帳票",帳票係数,IF($E29="バッチ",バッチ係数,0))) * IF($I29="特高",特高係数,IF($I29="高",高係数,IF($I29="中",中係数,IF($I29="低",低係数,IF($I29="特低",特低係数,0))))) * IF(O$7="SA",要件定義係数,IF(O$7="UI",基本設計係数,IF(O$7="SS",詳細設計係数,IF(O$7="PS/PG/PT",製作係数,IF(O$7="IT",結合テスト係数,IF(O$7="ST",総合テスト係数,IF(O$7="OT",受入支援係数,IF(O$7="RL",移行切替係数,IF(O$7="その他",その他係数,0))))))))) * O$8,1) -> 2.7 | P29: =ROUNDUP(IF($E29="画面",画面係数,IF($E29="帳票",帳票係数,IF($E29="バッチ",バッチ係数,0))) * IF($I29="特高",特高係数,IF($I29="高",高係数,IF($I29="中",中係数,IF($I29="低",低係数,IF($I29="特低",特低係数,0))))) * IF(P$7="SA",要件定義係数,IF(P$7="UI",基本設計係数,IF(P$7="SS",詳細設計係数,IF(P$7="PS/PG/PT",製作係数,IF(P$7="IT",結合テスト係数,IF(P$7="ST",総合テスト係数,IF(P$7="OT",受入支援係数,IF(P$7="RL",移行切替係数,IF(P$7="その他",その他係数,0))))))))) * P$8,1) -> 1.1 | Q29: =ROUNDUP(IF($E29="画面",画面係数,IF($E29="帳票",帳票係数,IF($E29="バッチ",バッチ係数,0))) * IF($I29="特高",特高係数,IF($I29="高",高係数,IF($I29="中",中係数,IF($I29="低",低係数,IF($I29="特低",特低係数,0))))) * IF(Q$7="SA",要件定義係数,IF(Q$7="UI",基本設計係数,IF(Q$7="SS",詳細設計係数,IF(Q$7="PS/PG/PT",製作係数,IF(Q$7="IT",結合テスト係数,IF(Q$7="ST",総合テスト係数,IF(Q$7="OT",受入支援係数,IF(Q$7="RL",移行切替係数,IF(Q$7="その他",その他係数,0))))))))) * Q$8,1) -> 3.1 | R29: =ROUNDUP(IF($E29="画面",画面係数,IF($E29="帳票",帳票係数,IF($E29="バッチ",バッチ係数,0))) * IF($I29="特高",特高係数,IF($I29="高",高係数,IF($I29="中",中係数,IF($I29="低",低係数,IF($I29="特低",特低係数,0))))) * IF(R$7="SA",要件定義係数,IF(R$7="UI",基本設計係数,IF(R$7="SS",詳細設計係数,IF(R$7="PS/PG/PT",製作係数,IF(R$7="IT",結合テスト係数,IF(R$7="ST",総合テスト係数,IF(R$7="OT",受入支援係数,IF(R$7="RL",移行切替係数,IF(R$7="その他",その他係数,0))))))))) * R$8,1) -> 0 | T29: =ROUNDUP(SUM(J29:S29)*T$8,1) -> 4.2 | U29: =SUM(J29:T29) -> 32 | V29: =U29/20 -> 1.6 | W29: =((J29*J$9) + (K29*K$9) + (L29*L$9) + (M29*M$9) + (N29*N$9) + (O29*O$9) + (P29*P$9) + (Q29*Q$9) + (R29*R$9) + (S29*S$9) + (T29*T$9))/20 -> 1684000
A30: =ROW()-9 -> 21 | B30: PG | C30: 用役省エネ単価比較加工ＤＢ | D30: D:\skaicsei\App\Sougyou\bin\YSYOUENE_YOKO.exe | E30: 画面 | I30: 高 | J30: =ROUNDUP(IF($E30="画面",画面係数,IF($E30="帳票",帳票係数,IF($E30="バッチ",バッチ係数,0))) * IF($I30="特高",特高係数,IF($I30="高",高係数,IF($I30="中",中係数,IF($I30="低",低係数,IF($I30="特低",特低係数,0))))) * IF(J$7="SA",要件定義係数,IF(J$7="UI",基本設計係数,IF(J$7="SS",詳細設計係数,IF(J$7="PS/PG/PT",製作係数,IF(J$7="IT",結合テスト係数,IF(J$7="ST",総合テスト係数,IF(J$7="OT",受入支援係数,IF(J$7="RL",移行切替係数,IF(J$7="その他",その他係数,0))))))))) * J$8,1) -> 3.1 | K30: =ROUNDUP(IF($E30="画面",画面係数,IF($E30="帳票",帳票係数,IF($E30="バッチ",バッチ係数,0))) * IF($I30="特高",特高係数,IF($I30="高",高係数,IF($I30="中",中係数,IF($I30="低",低係数,IF($I30="特低",特低係数,0))))) * IF(K$7="SA",要件定義係数,IF(K$7="UI",基本設計係数,IF(K$7="SS",詳細設計係数,IF(K$7="PS/PG/PT",製作係数,IF(K$7="IT",結合テスト係数,IF(K$7="ST",総合テスト係数,IF(K$7="OT",受入支援係数,IF(K$7="RL",移行切替係数,IF(K$7="その他",その他係数,0))))))))) * K$8,1) -> 3.5 | L30: =ROUNDUP(IF($E30="画面",画面係数,IF($E30="帳票",帳票係数,IF($E30="バッチ",バッチ係数,0))) * IF($I30="特高",特高係数,IF($I30="高",高係数,IF($I30="中",中係数,IF($I30="低",低係数,IF($I30="特低",特低係数,0))))) * IF(L$7="SA",要件定義係数,IF(L$7="UI",基本設計係数,IF(L$7="SS",詳細設計係数,IF(L$7="PS/PG/PT",製作係数,IF(L$7="IT",結合テスト係数,IF(L$7="ST",総合テスト係数,IF(L$7="OT",受入支援係数,IF(L$7="RL",移行切替係数,IF(L$7="その他",その他係数,0))))))))) * L$8,1) -> 3.6 | M30: =ROUNDUP(IF($E30="画面",画面係数,IF($E30="帳票",帳票係数,IF($E30="バッチ",バッチ係数,0))) * IF($I30="特高",特高係数,IF($I30="高",高係数,IF($I30="中",中係数,IF($I30="低",低係数,IF($I30="特低",特低係数,0))))) * IF(M$7="SA",要件定義係数,IF(M$7="UI",基本設計係数,IF(M$7="SS",詳細設計係数,IF(M$7="PS/PG/PT",製作係数,IF(M$7="IT",結合テスト係数,IF(M$7="ST",総合テスト係数,IF(M$7="OT",受入支援係数,IF(M$7="RL",移行切替係数,IF(M$7="その他",その他係数,0))))))))) * M$8,1) -> 6.6 | N30: =ROUNDUP(IF($E30="画面",画面係数,IF($E30="帳票",帳票係数,IF($E30="バッチ",バッチ係数,0))) * IF($I30="特高",特高係数,IF($I30="高",高係数,IF($I30="中",中係数,IF($I30="低",低係数,IF($I30="特低",特低係数,0))))) * IF(N$7="SA",要件定義係数,IF(N$7="UI",基本設計係数,IF(N$7="SS",詳細設計係数,IF(N$7="PS/PG/PT",製作係数,IF(N$7="IT",結合テスト係数,IF(N$7="ST",総合テスト係数,IF(N$7="OT",受入支援係数,IF(N$7="RL",移行切替係数,IF(N$7="その他",その他係数,0))))))))) * N$8,1) -> 4.1 | O30: =ROUNDUP(IF($E30="画面",画面係数,IF($E30="帳票",帳票係数,IF($E30="バッチ",バッチ係数,0))) * IF($I30="特高",特高係数,IF($I30="高",高係数,IF($I30="中",中係数,IF($I30="低",低係数,IF($I30="特低",特低係数,0))))) * IF(O$7="SA",要件定義係数,IF(O$7="UI",基本設計係数,IF(O$7="SS",詳細設計係数,IF(O$7="PS/PG/PT",製作係数,IF(O$7="IT",結合テスト係数,IF(O$7="ST",総合テスト係数,IF(O$7="OT",受入支援係数,IF(O$7="RL",移行切替係数,IF(O$7="その他",その他係数,0))))))))) * O$8,1) -> 2.7 | P30: =ROUNDUP(IF($E30="画面",画面係数,IF($E30="帳票",帳票係数,IF($E30="バッチ",バッチ係数,0))) * IF($I30="特高",特高係数,IF($I30="高",高係数,IF($I30="中",中係数,IF($I30="低",低係数,IF($I30="特低",特低係数,0))))) * IF(P$7="SA",要件定義係数,IF(P$7="UI",基本設計係数,IF(P$7="SS",詳細設計係数,IF(P$7="PS/PG/PT",製作係数,IF(P$7="IT",結合テスト係数,IF(P$7="ST",総合テスト係数,IF(P$7="OT",受入支援係数,IF(P$7="RL",移行切替係数,IF(P$7="その他",その他係数,0))))))))) * P$8,1) -> 1.1 | Q30: =ROUNDUP(IF($E30="画面",画面係数,IF($E30="帳票",帳票係数,IF($E30="バッチ",バッチ係数,0))) * IF($I30="特高",特高係数,IF($I30="高",高係数,IF($I30="中",中係数,IF($I30="低",低係数,IF($I30="特低",特低係数,0))))) * IF(Q$7="SA",要件定義係数,IF(Q$7="UI",基本設計係数,IF(Q$7="SS",詳細設計係数,IF(Q$7="PS/PG/PT",製作係数,IF(Q$7="IT",結合テスト係数,IF(Q$7="ST",総合テスト係数,IF(Q$7="OT",受入支援係数,IF(Q$7="RL",移行切替係数,IF(Q$7="その他",その他係数,0))))))))) * Q$8,1) -> 3.1 | R30: =ROUNDUP(IF($E30="画面",画面係数,IF($E30="帳票",帳票係数,IF($E30="バッチ",バッチ係数,0))) * IF($I30="特高",特高係数,IF($I30="高",高係数,IF($I30="中",中係数,IF($I30="低",低係数,IF($I30="特低",特低係数,0))))) * IF(R$7="SA",要件定義係数,IF(R$7="UI",基本設計係数,IF(R$7="SS",詳細設計係数,IF(R$7="PS/PG/PT",製作係数,IF(R$7="IT",結合テスト係数,IF(R$7="ST",総合テスト係数,IF(R$7="OT",受入支援係数,IF(R$7="RL",移行切替係数,IF(R$7="その他",その他係数,0))))))))) * R$8,1) -> 0 | T30: =ROUNDUP(SUM(J30:S30)*T$8,1) -> 4.2 | U30: =SUM(J30:T30) -> 32 | V30: =U30/20 -> 1.6 | W30: =((J30*J$9) + (K30*K$9) + (L30*L$9) + (M30*M$9) + (N30*N$9) + (O30*O$9) + (P30*P$9) + (Q30*Q$9) + (R30*R$9) + (S30*S$9) + (T30*T$9))/20 -> 1684000
A31: =ROW()-9 -> 22 | B31: PG | C31: タンク増減日報通油量算出 | D31: D:\skaicsei\App\Sougyou\bin\zogen.exe | E31: 画面 | I31: 高 | J31: =ROUNDUP(IF($E31="画面",画面係数,IF($E31="帳票",帳票係数,IF($E31="バッチ",バッチ係数,0))) * IF($I31="特高",特高係数,IF($I31="高",高係数,IF($I31="中",中係数,IF($I31="低",低係数,IF($I31="特低",特低係数,0))))) * IF(J$7="SA",要件定義係数,IF(J$7="UI",基本設計係数,IF(J$7="SS",詳細設計係数,IF(J$7="PS/PG/PT",製作係数,IF(J$7="IT",結合テスト係数,IF(J$7="ST",総合テスト係数,IF(J$7="OT",受入支援係数,IF(J$7="RL",移行切替係数,IF(J$7="その他",その他係数,0))))))))) * J$8,1) -> 3.1 | K31: =ROUNDUP(IF($E31="画面",画面係数,IF($E31="帳票",帳票係数,IF($E31="バッチ",バッチ係数,0))) * IF($I31="特高",特高係数,IF($I31="高",高係数,IF($I31="中",中係数,IF($I31="低",低係数,IF($I31="特低",特低係数,0))))) * IF(K$7="SA",要件定義係数,IF(K$7="UI",基本設計係数,IF(K$7="SS",詳細設計係数,IF(K$7="PS/PG/PT",製作係数,IF(K$7="IT",結合テスト係数,IF(K$7="ST",総合テスト係数,IF(K$7="OT",受入支援係数,IF(K$7="RL",移行切替係数,IF(K$7="その他",その他係数,0))))))))) * K$8,1) -> 3.5 | L31: =ROUNDUP(IF($E31="画面",画面係数,IF($E31="帳票",帳票係数,IF($E31="バッチ",バッチ係数,0))) * IF($I31="特高",特高係数,IF($I31="高",高係数,IF($I31="中",中係数,IF($I31="低",低係数,IF($I31="特低",特低係数,0))))) * IF(L$7="SA",要件定義係数,IF(L$7="UI",基本設計係数,IF(L$7="SS",詳細設計係数,IF(L$7="PS/PG/PT",製作係数,IF(L$7="IT",結合テスト係数,IF(L$7="ST",総合テスト係数,IF(L$7="OT",受入支援係数,IF(L$7="RL",移行切替係数,IF(L$7="その他",その他係数,0))))))))) * L$8,1) -> 3.6 | M31: =ROUNDUP(IF($E31="画面",画面係数,IF($E31="帳票",帳票係数,IF($E31="バッチ",バッチ係数,0))) * IF($I31="特高",特高係数,IF($I31="高",高係数,IF($I31="中",中係数,IF($I31="低",低係数,IF($I31="特低",特低係数,0))))) * IF(M$7="SA",要件定義係数,IF(M$7="UI",基本設計係数,IF(M$7="SS",詳細設計係数,IF(M$7="PS/PG/PT",製作係数,IF(M$7="IT",結合テスト係数,IF(M$7="ST",総合テスト係数,IF(M$7="OT",受入支援係数,IF(M$7="RL",移行切替係数,IF(M$7="その他",その他係数,0))))))))) * M$8,1) -> 6.6 | N31: =ROUNDUP(IF($E31="画面",画面係数,IF($E31="帳票",帳票係数,IF($E31="バッチ",バッチ係数,0))) * IF($I31="特高",特高係数,IF($I31="高",高係数,IF($I31="中",中係数,IF($I31="低",低係数,IF($I31="特低",特低係数,0))))) * IF(N$7="SA",要件定義係数,IF(N$7="UI",基本設計係数,IF(N$7="SS",詳細設計係数,IF(N$7="PS/PG/PT",製作係数,IF(N$7="IT",結合テスト係数,IF(N$7="ST",総合テスト係数,IF(N$7="OT",受入支援係数,IF(N$7="RL",移行切替係数,IF(N$7="その他",その他係数,0))))))))) * N$8,1) -> 4.1 | O31: =ROUNDUP(IF($E31="画面",画面係数,IF($E31="帳票",帳票係数,IF($E31="バッチ",バッチ係数,0))) * IF($I31="特高",特高係数,IF($I31="高",高係数,IF($I31="中",中係数,IF($I31="低",低係数,IF($I31="特低",特低係数,0))))) * IF(O$7="SA",要件定義係数,IF(O$7="UI",基本設計係数,IF(O$7="SS",詳細設計係数,IF(O$7="PS/PG/PT",製作係数,IF(O$7="IT",結合テスト係数,IF(O$7="ST",総合テスト係数,IF(O$7="OT",受入支援係数,IF(O$7="RL",移行切替係数,IF(O$7="その他",その他係数,0))))))))) * O$8,1) -> 2.7 | P31: =ROUNDUP(IF($E31="画面",画面係数,IF($E31="帳票",帳票係数,IF($E31="バッチ",バッチ係数,0))) * IF($I31="特高",特高係数,IF($I31="高",高係数,IF($I31="中",中係数,IF($I31="低",低係数,IF($I31="特低",特低係数,0))))) * IF(P$7="SA",要件定義係数,IF(P$7="UI",基本設計係数,IF(P$7="SS",詳細設計係数,IF(P$7="PS/PG/PT",製作係数,IF(P$7="IT",結合テスト係数,IF(P$7="ST",総合テスト係数,IF(P$7="OT",受入支援係数,IF(P$7="RL",移行切替係数,IF(P$7="その他",その他係数,0))))))))) * P$8,1) -> 1.1 | Q31: =ROUNDUP(IF($E31="画面",画面係数,IF($E31="帳票",帳票係数,IF($E31="バッチ",バッチ係数,0))) * IF($I31="特高",特高係数,IF($I31="高",高係数,IF($I31="中",中係数,IF($I31="低",低係数,IF($I31="特低",特低係数,0))))) * IF(Q$7="SA",要件定義係数,IF(Q$7="UI",基本設計係数,IF(Q$7="SS",詳細設計係数,IF(Q$7="PS/PG/PT",製作係数,IF(Q$7="IT",結合テスト係数,IF(Q$7="ST",総合テスト係数,IF(Q$7="OT",受入支援係数,IF(Q$7="RL",移行切替係数,IF(Q$7="その他",その他係数,0))))))))) * Q$8,1) -> 3.1 | R31: =ROUNDUP(IF($E31="画面",画面係数,IF($E31="帳票",帳票係数,IF($E31="バッチ",バッチ係数,0))) * IF($I31="特高",特高係数,IF($I31="高",高係数,IF($I31="中",中係数,IF($I31="低",低係数,IF($I31="特低",特低係数,0))))) * IF(R$7="SA",要件定義係数,IF(R$7="UI",基本設計係数,IF(R$7="SS",詳細設計係数,IF(R$7="PS/PG/PT",製作係数,IF(R$7="IT",結合テスト係数,IF(R$7="ST",総合テスト係数,IF(R$7="OT",受入支援係数,IF(R$7="RL",移行切替係数,IF(R$7="その他",その他係数,0))))))))) * R$8,1) -> 0 | T31: =ROUNDUP(SUM(J31:S31)*T$8,1) -> 4.2 | U31: =SUM(J31:T31) -> 32 | V31: =U31/20 -> 1.6 | W31: =((J31*J$9) + (K31*K$9) + (L31*L$9) + (M31*M$9) + (N31*N$9) + (O31*O$9) + (P31*P$9) + (Q31*Q$9) + (R31*R$9) + (S31*S$9) + (T31*T$9))/20 -> 1684000
A32: =ROW()-9 -> 23 | B32: PG | C32: 装置稼動実績 | D32: D:\skhoksei\App\Sougyou\conf\binas\D204.bat | E32: バッチ | I32: 低 | J32: =ROUNDUP(IF($E32="画面",画面係数,IF($E32="帳票",帳票係数,IF($E32="バッチ",バッチ係数,0))) * IF($I32="特高",特高係数,IF($I32="高",高係数,IF($I32="中",中係数,IF($I32="低",低係数,IF($I32="特低",特低係数,0))))) * IF(J$7="SA",要件定義係数,IF(J$7="UI",基本設計係数,IF(J$7="SS",詳細設計係数,IF(J$7="PS/PG/PT",製作係数,IF(J$7="IT",結合テスト係数,IF(J$7="ST",総合テスト係数,IF(J$7="OT",受入支援係数,IF(J$7="RL",移行切替係数,IF(J$7="その他",その他係数,0))))))))) * J$8,1) -> 0.4 | K32: =ROUNDUP(IF($E32="画面",画面係数,IF($E32="帳票",帳票係数,IF($E32="バッチ",バッチ係数,0))) * IF($I32="特高",特高係数,IF($I32="高",高係数,IF($I32="中",中係数,IF($I32="低",低係数,IF($I32="特低",特低係数,0))))) * IF(K$7="SA",要件定義係数,IF(K$7="UI",基本設計係数,IF(K$7="SS",詳細設計係数,IF(K$7="PS/PG/PT",製作係数,IF(K$7="IT",結合テスト係数,IF(K$7="ST",総合テスト係数,IF(K$7="OT",受入支援係数,IF(K$7="RL",移行切替係数,IF(K$7="その他",その他係数,0))))))))) * K$8,1) -> 0.4 | L32: =ROUNDUP(IF($E32="画面",画面係数,IF($E32="帳票",帳票係数,IF($E32="バッチ",バッチ係数,0))) * IF($I32="特高",特高係数,IF($I32="高",高係数,IF($I32="中",中係数,IF($I32="低",低係数,IF($I32="特低",特低係数,0))))) * IF(L$7="SA",要件定義係数,IF(L$7="UI",基本設計係数,IF(L$7="SS",詳細設計係数,IF(L$7="PS/PG/PT",製作係数,IF(L$7="IT",結合テスト係数,IF(L$7="ST",総合テスト係数,IF(L$7="OT",受入支援係数,IF(L$7="RL",移行切替係数,IF(L$7="その他",その他係数,0))))))))) * L$8,1) -> 0.5 | M32: =ROUNDUP(IF($E32="画面",画面係数,IF($E32="帳票",帳票係数,IF($E32="バッチ",バッチ係数,0))) * IF($I32="特高",特高係数,IF($I32="高",高係数,IF($I32="中",中係数,IF($I32="低",低係数,IF($I32="特低",特低係数,0))))) * IF(M$7="SA",要件定義係数,IF(M$7="UI",基本設計係数,IF(M$7="SS",詳細設計係数,IF(M$7="PS/PG/PT",製作係数,IF(M$7="IT",結合テスト係数,IF(M$7="ST",総合テスト係数,IF(M$7="OT",受入支援係数,IF(M$7="RL",移行切替係数,IF(M$7="その他",その他係数,0))))))))) * M$8,1) -> 0.8 | N32: =ROUNDUP(IF($E32="画面",画面係数,IF($E32="帳票",帳票係数,IF($E32="バッチ",バッチ係数,0))) * IF($I32="特高",特高係数,IF($I32="高",高係数,IF($I32="中",中係数,IF($I32="低",低係数,IF($I32="特低",特低係数,0))))) * IF(N$7="SA",要件定義係数,IF(N$7="UI",基本設計係数,IF(N$7="SS",詳細設計係数,IF(N$7="PS/PG/PT",製作係数,IF(N$7="IT",結合テスト係数,IF(N$7="ST",総合テスト係数,IF(N$7="OT",受入支援係数,IF(N$7="RL",移行切替係数,IF(N$7="その他",その他係数,0))))))))) * N$8,1) -> 0.5 | O32: =ROUNDUP(IF($E32="画面",画面係数,IF($E32="帳票",帳票係数,IF($E32="バッチ",バッチ係数,0))) * IF($I32="特高",特高係数,IF($I32="高",高係数,IF($I32="中",中係数,IF($I32="低",低係数,IF($I32="特低",特低係数,0))))) * IF(O$7="SA",要件定義係数,IF(O$7="UI",基本設計係数,IF(O$7="SS",詳細設計係数,IF(O$7="PS/PG/PT",製作係数,IF(O$7="IT",結合テスト係数,IF(O$7="ST",総合テスト係数,IF(O$7="OT",受入支援係数,IF(O$7="RL",移行切替係数,IF(O$7="その他",その他係数,0))))))))) * O$8,1) -> 0.4 | P32: =ROUNDUP(IF($E32="画面",画面係数,IF($E32="帳票",帳票係数,IF($E32="バッチ",バッチ係数,0))) * IF($I32="特高",特高係数,IF($I32="高",高係数,IF($I32="中",中係数,IF($I32="低",低係数,IF($I32="特低",特低係数,0))))) * IF(P$7="SA",要件定義係数,IF(P$7="UI",基本設計係数,IF(P$7="SS",詳細設計係数,IF(P$7="PS/PG/PT",製作係数,IF(P$7="IT",結合テスト係数,IF(P$7="ST",総合テスト係数,IF(P$7="OT",受入支援係数,IF(P$7="RL",移行切替係数,IF(P$7="その他",その他係数,0))))))))) * P$8,1) -> 0.2 | Q32: =ROUNDUP(IF($E32="画面",画面係数,IF($E32="帳票",帳票係数,IF($E32="バッチ",バッチ係数,0))) * IF($I32="特高",特高係数,IF($I32="高",高係数,IF($I32="中",中係数,IF($I32="低",低係数,IF($I32="特低",特低係数,0))))) * IF(Q$7="SA",要件定義係数,IF(Q$7="UI",基本設計係数,IF(Q$7="SS",詳細設計係数,IF(Q$7="PS/PG/PT",製作係数,IF(Q$7="IT",結合テスト係数,IF(Q$7="ST",総合テスト係数,IF(Q$7="OT",受入支援係数,IF(Q$7="RL",移行切替係数,IF(Q$7="その他",その他係数,0))))))))) * Q$8,1) -> 0.4 | R32: =ROUNDUP(IF($E32="画面",画面係数,IF($E32="帳票",帳票係数,IF($E32="バッチ",バッチ係数,0))) * IF($I32="特高",特高係数,IF($I32="高",高係数,IF($I32="中",中係数,IF($I32="低",低係数,IF($I32="特低",特低係数,0))))) * IF(R$7="SA",要件定義係数,IF(R$7="UI",基本設計係数,IF(R$7="SS",詳細設計係数,IF(R$7="PS/PG/PT",製作係数,IF(R$7="IT",結合テスト係数,IF(R$7="ST",総合テスト係数,IF(R$7="OT",受入支援係数,IF(R$7="RL",移行切替係数,IF(R$7="その他",その他係数,0))))))))) * R$8,1) -> 0 | T32: =ROUNDUP(SUM(J32:S32)*T$8,1) -> 0.6 | U32: =SUM(J32:T32) -> 4.2 | V32: =U32/20 -> 0.21 | W32: =((J32*J$9) + (K32*K$9) + (L32*L$9) + (M32*M$9) + (N32*N$9) + (O32*O$9) + (P32*P$9) + (Q32*Q$9) + (R32*R$9) + (S32*S$9) + (T32*T$9))/20 -> 222000
A33: =ROW()-9 -> 24 | B33: PG | C33: 装置稼動実績 | D33: D:\skchisei\App\Sougyou\conf\binas\D204.bat | I33: 低 | T33: =ROUNDUP(SUM(J33:S33)*T$8,1) -> 0 | U33: =SUM(J33:T33) -> 0 | V33: =U33/20 -> 0 | W33: =((J33*J$9) + (K33*K$9) + (L33*L$9) + (M33*M$9) + (N33*N$9) + (O33*O$9) + (P33*P$9) + (Q33*Q$9) + (R33*R$9) + (S33*S$9) + (T33*T$9))/20 -> 0
A34: =ROW()-9 -> 25 | B34: PG | C34: 装置稼動実績 | D34: D:\skaicsei\App\Sougyou\conf\binas\D204.bat | I34: 低 | T34: =ROUNDUP(SUM(J34:S34)*T$8,1) -> 0 | U34: =SUM(J34:T34) -> 0 | V34: =U34/20 -> 0 | W34: =((J34*J$9) + (K34*K$9) + (L34*L$9) + (M34*M$9) + (N34*N$9) + (O34*O$9) + (P34*P$9) + (Q34*Q$9) + (R34*R$9) + (S34*S$9) + (T34*T$9))/20 -> 0
A35: =ROW()-9 -> 26 | B35: PG | C35: 装置稼動実績 | D35: D:\sktoksei\App\Sougyou\conf\binas\D204.bat | I35: 低 | T35: =ROUNDUP(SUM(J35:S35)*T$8,1) -> 0 | U35: =SUM(J35:T35) -> 0 | V35: =U35/20 -> 0 | W35: =((J35*J$9) + (K35*K$9) + (L35*L$9) + (M35*M$9) + (N35*N$9) + (O35*O$9) + (P35*P$9) + (Q35*Q$9) + (R35*R$9) + (S35*S$9) + (T35*T$9))/20 -> 0
A36: =ROW()-9 -> 27 | B36: PG | C36: 日別装置稼動実績処理 | D36: D:\skhoksei\App\Sougyou\conf\binas\BINAS_S99.bat | E36: バッチ | I36: 低 | J36: =ROUNDUP(IF($E36="画面",画面係数,IF($E36="帳票",帳票係数,IF($E36="バッチ",バッチ係数,0))) * IF($I36="特高",特高係数,IF($I36="高",高係数,IF($I36="中",中係数,IF($I36="低",低係数,IF($I36="特低",特低係数,0))))) * IF(J$7="SA",要件定義係数,IF(J$7="UI",基本設計係数,IF(J$7="SS",詳細設計係数,IF(J$7="PS/PG/PT",製作係数,IF(J$7="IT",結合テスト係数,IF(J$7="ST",総合テスト係数,IF(J$7="OT",受入支援係数,IF(J$7="RL",移行切替係数,IF(J$7="その他",その他係数,0))))))))) * J$8,1) -> 0.4 | K36: =ROUNDUP(IF($E36="画面",画面係数,IF($E36="帳票",帳票係数,IF($E36="バッチ",バッチ係数,0))) * IF($I36="特高",特高係数,IF($I36="高",高係数,IF($I36="中",中係数,IF($I36="低",低係数,IF($I36="特低",特低係数,0))))) * IF(K$7="SA",要件定義係数,IF(K$7="UI",基本設計係数,IF(K$7="SS",詳細設計係数,IF(K$7="PS/PG/PT",製作係数,IF(K$7="IT",結合テスト係数,IF(K$7="ST",総合テスト係数,IF(K$7="OT",受入支援係数,IF(K$7="RL",移行切替係数,IF(K$7="その他",その他係数,0))))))))) * K$8,1) -> 0.4 | L36: =ROUNDUP(IF($E36="画面",画面係数,IF($E36="帳票",帳票係数,IF($E36="バッチ",バッチ係数,0))) * IF($I36="特高",特高係数,IF($I36="高",高係数,IF($I36="中",中係数,IF($I36="低",低係数,IF($I36="特低",特低係数,0))))) * IF(L$7="SA",要件定義係数,IF(L$7="UI",基本設計係数,IF(L$7="SS",詳細設計係数,IF(L$7="PS/PG/PT",製作係数,IF(L$7="IT",結合テスト係数,IF(L$7="ST",総合テスト係数,IF(L$7="OT",受入支援係数,IF(L$7="RL",移行切替係数,IF(L$7="その他",その他係数,0))))))))) * L$8,1) -> 0.5 | M36: =ROUNDUP(IF($E36="画面",画面係数,IF($E36="帳票",帳票係数,IF($E36="バッチ",バッチ係数,0))) * IF($I36="特高",特高係数,IF($I36="高",高係数,IF($I36="中",中係数,IF($I36="低",低係数,IF($I36="特低",特低係数,0))))) * IF(M$7="SA",要件定義係数,IF(M$7="UI",基本設計係数,IF(M$7="SS",詳細設計係数,IF(M$7="PS/PG/PT",製作係数,IF(M$7="IT",結合テスト係数,IF(M$7="ST",総合テスト係数,IF(M$7="OT",受入支援係数,IF(M$7="RL",移行切替係数,IF(M$7="その他",その他係数,0))))))))) * M$8,1) -> 0.8 | N36: =ROUNDUP(IF($E36="画面",画面係数,IF($E36="帳票",帳票係数,IF($E36="バッチ",バッチ係数,0))) * IF($I36="特高",特高係数,IF($I36="高",高係数,IF($I36="中",中係数,IF($I36="低",低係数,IF($I36="特低",特低係数,0))))) * IF(N$7="SA",要件定義係数,IF(N$7="UI",基本設計係数,IF(N$7="SS",詳細設計係数,IF(N$7="PS/PG/PT",製作係数,IF(N$7="IT",結合テスト係数,IF(N$7="ST",総合テスト係数,IF(N$7="OT",受入支援係数,IF(N$7="RL",移行切替係数,IF(N$7="その他",その他係数,0))))))))) * N$8,1) -> 0.5 | O36: =ROUNDUP(IF($E36="画面",画面係数,IF($E36="帳票",帳票係数,IF($E36="バッチ",バッチ係数,0))) * IF($I36="特高",特高係数,IF($I36="高",高係数,IF($I36="中",中係数,IF($I36="低",低係数,IF($I36="特低",特低係数,0))))) * IF(O$7="SA",要件定義係数,IF(O$7="UI",基本設計係数,IF(O$7="SS",詳細設計係数,IF(O$7="PS/PG/PT",製作係数,IF(O$7="IT",結合テスト係数,IF(O$7="ST",総合テスト係数,IF(O$7="OT",受入支援係数,IF(O$7="RL",移行切替係数,IF(O$7="その他",その他係数,0))))))))) * O$8,1) -> 0.4 | P36: =ROUNDUP(IF($E36="画面",画面係数,IF($E36="帳票",帳票係数,IF($E36="バッチ",バッチ係数,0))) * IF($I36="特高",特高係数,IF($I36="高",高係数,IF($I36="中",中係数,IF($I36="低",低係数,IF($I36="特低",特低係数,0))))) * IF(P$7="SA",要件定義係数,IF(P$7="UI",基本設計係数,IF(P$7="SS",詳細設計係数,IF(P$7="PS/PG/PT",製作係数,IF(P$7="IT",結合テスト係数,IF(P$7="ST",総合テスト係数,IF(P$7="OT",受入支援係数,IF(P$7="RL",移行切替係数,IF(P$7="その他",その他係数,0))))))))) * P$8,1) -> 0.2 | Q36: =ROUNDUP(IF($E36="画面",画面係数,IF($E36="帳票",帳票係数,IF($E36="バッチ",バッチ係数,0))) * IF($I36="特高",特高係数,IF($I36="高",高係数,IF($I36="中",中係数,IF($I36="低",低係数,IF($I36="特低",特低係数,0))))) * IF(Q$7="SA",要件定義係数,IF(Q$7="UI",基本設計係数,IF(Q$7="SS",詳細設計係数,IF(Q$7="PS/PG/PT",製作係数,IF(Q$7="IT",結合テスト係数,IF(Q$7="ST",総合テスト係数,IF(Q$7="OT",受入支援係数,IF(Q$7="RL",移行切替係数,IF(Q$7="その他",その他係数,0))))))))) * Q$8,1) -> 0.4 | R36: =ROUNDUP(IF($E36="画面",画面係数,IF($E36="帳票",帳票係数,IF($E36="バッチ",バッチ係数,0))) * IF($I36="特高",特高係数,IF($I36="高",高係数,IF($I36="中",中係数,IF($I36="低",低係数,IF($I36="特低",特低係数,0))))) * IF(R$7="SA",要件定義係数,IF(R$7="UI",基本設計係数,IF(R$7="SS",詳細設計係数,IF(R$7="PS/PG/PT",製作係数,IF(R$7="IT",結合テスト係数,IF(R$7="ST",総合テスト係数,IF(R$7="OT",受入支援係数,IF(R$7="RL",移行切替係数,IF(R$7="その他",その他係数,0))))))))) * R$8,1) -> 0 | T36: =ROUNDUP(SUM(J36:S36)*T$8,1) -> 0.6 | U36: =SUM(J36:T36) -> 4.2 | V36: =U36/20 -> 0.21 | W36: =((J36*J$9) + (K36*K$9) + (L36*L$9) + (M36*M$9) + (N36*N$9) + (O36*O$9) + (P36*P$9) + (Q36*Q$9) + (R36*R$9) + (S36*S$9) + (T36*T$9))/20 -> 222000
A37: =ROW()-9 -> 28 | B37: PG | C37: 日別装置稼動実績処理 | D37: D:\skchisei\App\Sougyou\conf\binas\BINAS_S99.bat | I37: 低 | T37: =ROUNDUP(SUM(J37:S37)*T$8,1) -> 0 | U37: =SUM(J37:T37) -> 0 | V37: =U37/20 -> 0 | W37: =((J37*J$9) + (K37*K$9) + (L37*L$9) + (M37*M$9) + (N37*N$9) + (O37*O$9) + (P37*P$9) + (Q37*Q$9) + (R37*R$9) + (S37*S$9) + (T37*T$9))/20 -> 0
A38: =ROW()-9 -> 29 | B38: PG | C38: 日別装置稼動実績処理 | D38: D:\skaicsei\App\Sougyou\conf\binas\BINAS_S99.bat | I38: 低 | T38: =ROUNDUP(SUM(J38:S38)*T$8,1) -> 0 | U38: =SUM(J38:T38) -> 0 | V38: =U38/20 -> 0 | W38: =((J38*J$9) + (K38*K$9) + (L38*L$9) + (M38*M$9) + (N38*N$9) + (O38*O$9) + (P38*P$9) + (Q38*Q$9) + (R38*R$9) + (S38*S$9) + (T38*T$9))/20 -> 0
A39: =ROW()-9 -> 30 | B39: PG | C39: 日別装置稼動実績処理 | D39: D:\sktoksei\App\Sougyou\conf\binas\BINAS_S99.bat | I39: 低 | T39: =ROUNDUP(SUM(J39:S39)*T$8,1) -> 0 | U39: =SUM(J39:T39) -> 0 | V39: =U39/20 -> 0 | W39: =((J39*J$9) + (K39*K$9) + (L39*L$9) + (M39*M$9) + (N39*N$9) + (O39*O$9) + (P39*P$9) + (Q39*Q$9) + (R39*R$9) + (S39*S$9) + (T39*T$9))/20 -> 0
A40: =ROW()-9 -> 31 | B40: PG | C40: 自家燃タンク在庫 | D40: D:\skhoksei\App\Sougyou\conf\binas\D201.bat | E40: バッチ | I40: 低 | J40: =ROUNDUP(IF($E40="画面",画面係数,IF($E40="帳票",帳票係数,IF($E40="バッチ",バッチ係数,0))) * IF($I40="特高",特高係数,IF($I40="高",高係数,IF($I40="中",中係数,IF($I40="低",低係数,IF($I40="特低",特低係数,0))))) * IF(J$7="SA",要件定義係数,IF(J$7="UI",基本設計係数,IF(J$7="SS",詳細設計係数,IF(J$7="PS/PG/PT",製作係数,IF(J$7="IT",結合テスト係数,IF(J$7="ST",総合テスト係数,IF(J$7="OT",受入支援係数,IF(J$7="RL",移行切替係数,IF(J$7="その他",その他係数,0))))))))) * J$8,1) -> 0.4 | K40: =ROUNDUP(IF($E40="画面",画面係数,IF($E40="帳票",帳票係数,IF($E40="バッチ",バッチ係数,0))) * IF($I40="特高",特高係数,IF($I40="高",高係数,IF($I40="中",中係数,IF($I40="低",低係数,IF($I40="特低",特低係数,0))))) * IF(K$7="SA",要件定義係数,IF(K$7="UI",基本設計係数,IF(K$7="SS",詳細設計係数,IF(K$7="PS/PG/PT",製作係数,IF(K$7="IT",結合テスト係数,IF(K$7="ST",総合テスト係数,IF(K$7="OT",受入支援係数,IF(K$7="RL",移行切替係数,IF(K$7="その他",その他係数,0))))))))) * K$8,1) -> 0.4 | L40: =ROUNDUP(IF($E40="画面",画面係数,IF($E40="帳票",帳票係数,IF($E40="バッチ",バッチ係数,0))) * IF($I40="特高",特高係数,IF($I40="高",高係数,IF($I40="中",中係数,IF($I40="低",低係数,IF($I40="特低",特低係数,0))))) * IF(L$7="SA",要件定義係数,IF(L$7="UI",基本設計係数,IF(L$7="SS",詳細設計係数,IF(L$7="PS/PG/PT",製作係数,IF(L$7="IT",結合テスト係数,IF(L$7="ST",総合テスト係数,IF(L$7="OT",受入支援係数,IF(L$7="RL",移行切替係数,IF(L$7="その他",その他係数,0))))))))) * L$8,1) -> 0.5 | M40: =ROUNDUP(IF($E40="画面",画面係数,IF($E40="帳票",帳票係数,IF($E40="バッチ",バッチ係数,0))) * IF($I40="特高",特高係数,IF($I40="高",高係数,IF($I40="中",中係数,IF($I40="低",低係数,IF($I40="特低",特低係数,0))))) * IF(M$7="SA",要件定義係数,IF(M$7="UI",基本設計係数,IF(M$7="SS",詳細設計係数,IF(M$7="PS/PG/PT",製作係数,IF(M$7="IT",結合テスト係数,IF(M$7="ST",総合テスト係数,IF(M$7="OT",受入支援係数,IF(M$7="RL",移行切替係数,IF(M$7="その他",その他係数,0))))))))) * M$8,1) -> 0.8 | N40: =ROUNDUP(IF($E40="画面",画面係数,IF($E40="帳票",帳票係数,IF($E40="バッチ",バッチ係数,0))) * IF($I40="特高",特高係数,IF($I40="高",高係数,IF($I40="中",中係数,IF($I40="低",低係数,IF($I40="特低",特低係数,0))))) * IF(N$7="SA",要件定義係数,IF(N$7="UI",基本設計係数,IF(N$7="SS",詳細設計係数,IF(N$7="PS/PG/PT",製作係数,IF(N$7="IT",結合テスト係数,IF(N$7="ST",総合テスト係数,IF(N$7="OT",受入支援係数,IF(N$7="RL",移行切替係数,IF(N$7="その他",その他係数,0))))))))) * N$8,1) -> 0.5 | O40: =ROUNDUP(IF($E40="画面",画面係数,IF($E40="帳票",帳票係数,IF($E40="バッチ",バッチ係数,0))) * IF($I40="特高",特高係数,IF($I40="高",高係数,IF($I40="中",中係数,IF($I40="低",低係数,IF($I40="特低",特低係数,0))))) * IF(O$7="SA",要件定義係数,IF(O$7="UI",基本設計係数,IF(O$7="SS",詳細設計係数,IF(O$7="PS/PG/PT",製作係数,IF(O$7="IT",結合テスト係数,IF(O$7="ST",総合テスト係数,IF(O$7="OT",受入支援係数,IF(O$7="RL",移行切替係数,IF(O$7="その他",その他係数,0))))))))) * O$8,1) -> 0.4 | P40: =ROUNDUP(IF($E40="画面",画面係数,IF($E40="帳票",帳票係数,IF($E40="バッチ",バッチ係数,0))) * IF($I40="特高",特高係数,IF($I40="高",高係数,IF($I40="中",中係数,IF($I40="低",低係数,IF($I40="特低",特低係数,0))))) * IF(P$7="SA",要件定義係数,IF(P$7="UI",基本設計係数,IF(P$7="SS",詳細設計係数,IF(P$7="PS/PG/PT",製作係数,IF(P$7="IT",結合テスト係数,IF(P$7="ST",総合テスト係数,IF(P$7="OT",受入支援係数,IF(P$7="RL",移行切替係数,IF(P$7="その他",その他係数,0))))))))) * P$8,1) -> 0.2 | Q40: =ROUNDUP(IF($E40="画面",画面係数,IF($E40="帳票",帳票係数,IF($E40="バッチ",バッチ係数,0))) * IF($I40="特高",特高係数,IF($I40="高",高係数,IF($I40="中",中係数,IF($I40="低",低係数,IF($I40="特低",特低係数,0))))) * IF(Q$7="SA",要件定義係数,IF(Q$7="UI",基本設計係数,IF(Q$7="SS",詳細設計係数,IF(Q$7="PS/PG/PT",製作係数,IF(Q$7="IT",結合テスト係数,IF(Q$7="ST",総合テスト係数,IF(Q$7="OT",受入支援係数,IF(Q$7="RL",移行切替係数,IF(Q$7="その他",その他係数,0))))))))) * Q$8,1) -> 0.4 | R40: =ROUNDUP(IF($E40="画面",画面係数,IF($E40="帳票",帳票係数,IF($E40="バッチ",バッチ係数,0))) * IF($I40="特高",特高係数,IF($I40="高",高係数,IF($I40="中",中係数,IF($I40="低",低係数,IF($I40="特低",特低係数,0))))) * IF(R$7="SA",要件定義係数,IF(R$7="UI",基本設計係数,IF(R$7="SS",詳細設計係数,IF(R$7="PS/PG/PT",製作係数,IF(R$7="IT",結合テスト係数,IF(R$7="ST",総合テスト係数,IF(R$7="OT",受入支援係数,IF(R$7="RL",移行切替係数,IF(R$7="その他",その他係数,0))))))))) * R$8,1) -> 0 | T40: =ROUNDUP(SUM(J40:S40)*T$8,1) -> 0.6 | U40: =SUM(J40:T40) -> 4.2 | V40: =U40/20 -> 0.21 | W40: =((J40*J$9) + (K40*K$9) + (L40*L$9) + (M40*M$9) + (N40*N$9) + (O40*O$9) + (P40*P$9) + (Q40*Q$9) + (R40*R$9) + (S40*S$9) + (T40*T$9))/20 -> 222000
A41: =ROW()-9 -> 32 | B41: PG | C41: 自家燃タンク在庫 | D41: D:\skchisei\App\Sougyou\conf\binas\D201.bat | I41: 低 | T41: =ROUNDUP(SUM(J41:S41)*T$8,1) -> 0 | U41: =SUM(J41:T41) -> 0 | V41: =U41/20 -> 0 | W41: =((J41*J$9) + (K41*K$9) + (L41*L$9) + (M41*M$9) + (N41*N$9) + (O41*O$9) + (P41*P$9) + (Q41*Q$9) + (R41*R$9) + (S41*S$9) + (T41*T$9))/20 -> 0
A42: =ROW()-9 -> 33 | B42: PG | C42: 自家燃タンク在庫 | D42: D:\skaicsei\App\Sougyou\conf\binas\D201.bat | I42: 低 | T42: =ROUNDUP(SUM(J42:S42)*T$8,1) -> 0 | U42: =SUM(J42:T42) -> 0 | V42: =U42/20 -> 0 | W42: =((J42*J$9) + (K42*K$9) + (L42*L$9) + (M42*M$9) + (N42*N$9) + (O42*O$9) + (P42*P$9) + (Q42*Q$9) + (R42*R$9) + (S42*S$9) + (T42*T$9))/20 -> 0
A43: =ROW()-9 -> 34 | B43: PG | C43: 潤滑油一課タンク在庫 | D43: D:\skchisei\App\Sougyou\conf\binas\D206.bat | E43: バッチ | I43: 低 | J43: =ROUNDUP(IF($E43="画面",画面係数,IF($E43="帳票",帳票係数,IF($E43="バッチ",バッチ係数,0))) * IF($I43="特高",特高係数,IF($I43="高",高係数,IF($I43="中",中係数,IF($I43="低",低係数,IF($I43="特低",特低係数,0))))) * IF(J$7="SA",要件定義係数,IF(J$7="UI",基本設計係数,IF(J$7="SS",詳細設計係数,IF(J$7="PS/PG/PT",製作係数,IF(J$7="IT",結合テスト係数,IF(J$7="ST",総合テスト係数,IF(J$7="OT",受入支援係数,IF(J$7="RL",移行切替係数,IF(J$7="その他",その他係数,0))))))))) * J$8,1) -> 0.4 | K43: =ROUNDUP(IF($E43="画面",画面係数,IF($E43="帳票",帳票係数,IF($E43="バッチ",バッチ係数,0))) * IF($I43="特高",特高係数,IF($I43="高",高係数,IF($I43="中",中係数,IF($I43="低",低係数,IF($I43="特低",特低係数,0))))) * IF(K$7="SA",要件定義係数,IF(K$7="UI",基本設計係数,IF(K$7="SS",詳細設計係数,IF(K$7="PS/PG/PT",製作係数,IF(K$7="IT",結合テスト係数,IF(K$7="ST",総合テスト係数,IF(K$7="OT",受入支援係数,IF(K$7="RL",移行切替係数,IF(K$7="その他",その他係数,0))))))))) * K$8,1) -> 0.4 | L43: =ROUNDUP(IF($E43="画面",画面係数,IF($E43="帳票",帳票係数,IF($E43="バッチ",バッチ係数,0))) * IF($I43="特高",特高係数,IF($I43="高",高係数,IF($I43="中",中係数,IF($I43="低",低係数,IF($I43="特低",特低係数,0))))) * IF(L$7="SA",要件定義係数,IF(L$7="UI",基本設計係数,IF(L$7="SS",詳細設計係数,IF(L$7="PS/PG/PT",製作係数,IF(L$7="IT",結合テスト係数,IF(L$7="ST",総合テスト係数,IF(L$7="OT",受入支援係数,IF(L$7="RL",移行切替係数,IF(L$7="その他",その他係数,0))))))))) * L$8,1) -> 0.5 | M43: =ROUNDUP(IF($E43="画面",画面係数,IF($E43="帳票",帳票係数,IF($E43="バッチ",バッチ係数,0))) * IF($I43="特高",特高係数,IF($I43="高",高係数,IF($I43="中",中係数,IF($I43="低",低係数,IF($I43="特低",特低係数,0))))) * IF(M$7="SA",要件定義係数,IF(M$7="UI",基本設計係数,IF(M$7="SS",詳細設計係数,IF(M$7="PS/PG/PT",製作係数,IF(M$7="IT",結合テスト係数,IF(M$7="ST",総合テスト係数,IF(M$7="OT",受入支援係数,IF(M$7="RL",移行切替係数,IF(M$7="その他",その他係数,0))))))))) * M$8,1) -> 0.8 | N43: =ROUNDUP(IF($E43="画面",画面係数,IF($E43="帳票",帳票係数,IF($E43="バッチ",バッチ係数,0))) * IF($I43="特高",特高係数,IF($I43="高",高係数,IF($I43="中",中係数,IF($I43="低",低係数,IF($I43="特低",特低係数,0))))) * IF(N$7="SA",要件定義係数,IF(N$7="UI",基本設計係数,IF(N$7="SS",詳細設計係数,IF(N$7="PS/PG/PT",製作係数,IF(N$7="IT",結合テスト係数,IF(N$7="ST",総合テスト係数,IF(N$7="OT",受入支援係数,IF(N$7="RL",移行切替係数,IF(N$7="その他",その他係数,0))))))))) * N$8,1) -> 0.5 | O43: =ROUNDUP(IF($E43="画面",画面係数,IF($E43="帳票",帳票係数,IF($E43="バッチ",バッチ係数,0))) * IF($I43="特高",特高係数,IF($I43="高",高係数,IF($I43="中",中係数,IF($I43="低",低係数,IF($I43="特低",特低係数,0))))) * IF(O$7="SA",要件定義係数,IF(O$7="UI",基本設計係数,IF(O$7="SS",詳細設計係数,IF(O$7="PS/PG/PT",製作係数,IF(O$7="IT",結合テスト係数,IF(O$7="ST",総合テスト係数,IF(O$7="OT",受入支援係数,IF(O$7="RL",移行切替係数,IF(O$7="その他",その他係数,0))))))))) * O$8,1) -> 0.4 | P43: =ROUNDUP(IF($E43="画面",画面係数,IF($E43="帳票",帳票係数,IF($E43="バッチ",バッチ係数,0))) * IF($I43="特高",特高係数,IF($I43="高",高係数,IF($I43="中",中係数,IF($I43="低",低係数,IF($I43="特低",特低係数,0))))) * IF(P$7="SA",要件定義係数,IF(P$7="UI",基本設計係数,IF(P$7="SS",詳細設計係数,IF(P$7="PS/PG/PT",製作係数,IF(P$7="IT",結合テスト係数,IF(P$7="ST",総合テスト係数,IF(P$7="OT",受入支援係数,IF(P$7="RL",移行切替係数,IF(P$7="その他",その他係数,0))))))))) * P$8,1) -> 0.2 | Q43: =ROUNDUP(IF($E43="画面",画面係数,IF($E43="帳票",帳票係数,IF($E43="バッチ",バッチ係数,0))) * IF($I43="特高",特高係数,IF($I43="高",高係数,IF($I43="中",中係数,IF($I43="低",低係数,IF($I43="特低",特低係数,0))))) * IF(Q$7="SA",要件定義係数,IF(Q$7="UI",基本設計係数,IF(Q$7="SS",詳細設計係数,IF(Q$7="PS/PG/PT",製作係数,IF(Q$7="IT",結合テスト係数,IF(Q$7="ST",総合テスト係数,IF(Q$7="OT",受入支援係数,IF(Q$7="RL",移行切替係数,IF(Q$7="その他",その他係数,0))))))))) * Q$8,1) -> 0.4 | R43: =ROUNDUP(IF($E43="画面",画面係数,IF($E43="帳票",帳票係数,IF($E43="バッチ",バッチ係数,0))) * IF($I43="特高",特高係数,IF($I43="高",高係数,IF($I43="中",中係数,IF($I43="低",低係数,IF($I43="特低",特低係数,0))))) * IF(R$7="SA",要件定義係数,IF(R$7="UI",基本設計係数,IF(R$7="SS",詳細設計係数,IF(R$7="PS/PG/PT",製作係数,IF(R$7="IT",結合テスト係数,IF(R$7="ST",総合テスト係数,IF(R$7="OT",受入支援係数,IF(R$7="RL",移行切替係数,IF(R$7="その他",その他係数,0))))))))) * R$8,1) -> 0 | T43: =ROUNDUP(SUM(J43:S43)*T$8,1) -> 0.6 | U43: =SUM(J43:T43) -> 4.2 | V43: =U43/20 -> 0.21 | W43: =((J43*J$9) + (K43*K$9) + (L43*L$9) + (M43*M$9) + (N43*N$9) + (O43*O$9) + (P43*P$9) + (Q43*Q$9) + (R43*R$9) + (S43*S$9) + (T43*T$9))/20 -> 222000
A44: =ROW()-9 -> 35 | B44: PG | C44: オフサイト実績受信 | D44: G:\EAI\skhoksei\BAT\IRIS_OFFSITE.bat | E44: バッチ | I44: 低 | J44: =ROUNDUP(IF($E44="画面",画面係数,IF($E44="帳票",帳票係数,IF($E44="バッチ",バッチ係数,0))) * IF($I44="特高",特高係数,IF($I44="高",高係数,IF($I44="中",中係数,IF($I44="低",低係数,IF($I44="特低",特低係数,0))))) * IF(J$7="SA",要件定義係数,IF(J$7="UI",基本設計係数,IF(J$7="SS",詳細設計係数,IF(J$7="PS/PG/PT",製作係数,IF(J$7="IT",結合テスト係数,IF(J$7="ST",総合テスト係数,IF(J$7="OT",受入支援係数,IF(J$7="RL",移行切替係数,IF(J$7="その他",その他係数,0))))))))) * J$8,1) -> 0.4 | K44: =ROUNDUP(IF($E44="画面",画面係数,IF($E44="帳票",帳票係数,IF($E44="バッチ",バッチ係数,0))) * IF($I44="特高",特高係数,IF($I44="高",高係数,IF($I44="中",中係数,IF($I44="低",低係数,IF($I44="特低",特低係数,0))))) * IF(K$7="SA",要件定義係数,IF(K$7="UI",基本設計係数,IF(K$7="SS",詳細設計係数,IF(K$7="PS/PG/PT",製作係数,IF(K$7="IT",結合テスト係数,IF(K$7="ST",総合テスト係数,IF(K$7="OT",受入支援係数,IF(K$7="RL",移行切替係数,IF(K$7="その他",その他係数,0))))))))) * K$8,1) -> 0.4 | L44: =ROUNDUP(IF($E44="画面",画面係数,IF($E44="帳票",帳票係数,IF($E44="バッチ",バッチ係数,0))) * IF($I44="特高",特高係数,IF($I44="高",高係数,IF($I44="中",中係数,IF($I44="低",低係数,IF($I44="特低",特低係数,0))))) * IF(L$7="SA",要件定義係数,IF(L$7="UI",基本設計係数,IF(L$7="SS",詳細設計係数,IF(L$7="PS/PG/PT",製作係数,IF(L$7="IT",結合テスト係数,IF(L$7="ST",総合テスト係数,IF(L$7="OT",受入支援係数,IF(L$7="RL",移行切替係数,IF(L$7="その他",その他係数,0))))))))) * L$8,1) -> 0.5 | M44: =ROUNDUP(IF($E44="画面",画面係数,IF($E44="帳票",帳票係数,IF($E44="バッチ",バッチ係数,0))) * IF($I44="特高",特高係数,IF($I44="高",高係数,IF($I44="中",中係数,IF($I44="低",低係数,IF($I44="特低",特低係数,0))))) * IF(M$7="SA",要件定義係数,IF(M$7="UI",基本設計係数,IF(M$7="SS",詳細設計係数,IF(M$7="PS/PG/PT",製作係数,IF(M$7="IT",結合テスト係数,IF(M$7="ST",総合テスト係数,IF(M$7="OT",受入支援係数,IF(M$7="RL",移行切替係数,IF(M$7="その他",その他係数,0))))))))) * M$8,1) -> 0.8 | N44: =ROUNDUP(IF($E44="画面",画面係数,IF($E44="帳票",帳票係数,IF($E44="バッチ",バッチ係数,0))) * IF($I44="特高",特高係数,IF($I44="高",高係数,IF($I44="中",中係数,IF($I44="低",低係数,IF($I44="特低",特低係数,0))))) * IF(N$7="SA",要件定義係数,IF(N$7="UI",基本設計係数,IF(N$7="SS",詳細設計係数,IF(N$7="PS/PG/PT",製作係数,IF(N$7="IT",結合テスト係数,IF(N$7="ST",総合テスト係数,IF(N$7="OT",受入支援係数,IF(N$7="RL",移行切替係数,IF(N$7="その他",その他係数,0))))))))) * N$8,1) -> 0.5 | O44: =ROUNDUP(IF($E44="画面",画面係数,IF($E44="帳票",帳票係数,IF($E44="バッチ",バッチ係数,0))) * IF($I44="特高",特高係数,IF($I44="高",高係数,IF($I44="中",中係数,IF($I44="低",低係数,IF($I44="特低",特低係数,0))))) * IF(O$7="SA",要件定義係数,IF(O$7="UI",基本設計係数,IF(O$7="SS",詳細設計係数,IF(O$7="PS/PG/PT",製作係数,IF(O$7="IT",結合テスト係数,IF(O$7="ST",総合テスト係数,IF(O$7="OT",受入支援係数,IF(O$7="RL",移行切替係数,IF(O$7="その他",その他係数,0))))))))) * O$8,1) -> 0.4 | P44: =ROUNDUP(IF($E44="画面",画面係数,IF($E44="帳票",帳票係数,IF($E44="バッチ",バッチ係数,0))) * IF($I44="特高",特高係数,IF($I44="高",高係数,IF($I44="中",中係数,IF($I44="低",低係数,IF($I44="特低",特低係数,0))))) * IF(P$7="SA",要件定義係数,IF(P$7="UI",基本設計係数,IF(P$7="SS",詳細設計係数,IF(P$7="PS/PG/PT",製作係数,IF(P$7="IT",結合テスト係数,IF(P$7="ST",総合テスト係数,IF(P$7="OT",受入支援係数,IF(P$7="RL",移行切替係数,IF(P$7="その他",その他係数,0))))))))) * P$8,1) -> 0.2 | Q44: =ROUNDUP(IF($E44="画面",画面係数,IF($E44="帳票",帳票係数,IF($E44="バッチ",バッチ係数,0))) * IF($I44="特高",特高係数,IF($I44="高",高係数,IF($I44="中",中係数,IF($I44="低",低係数,IF($I44="特低",特低係数,0))))) * IF(Q$7="SA",要件定義係数,IF(Q$7="UI",基本設計係数,IF(Q$7="SS",詳細設計係数,IF(Q$7="PS/PG/PT",製作係数,IF(Q$7="IT",結合テスト係数,IF(Q$7="ST",総合テスト係数,IF(Q$7="OT",受入支援係数,IF(Q$7="RL",移行切替係数,IF(Q$7="その他",その他係数,0))))))))) * Q$8,1) -> 0.4 | R44: =ROUNDUP(IF($E44="画面",画面係数,IF($E44="帳票",帳票係数,IF($E44="バッチ",バッチ係数,0))) * IF($I44="特高",特高係数,IF($I44="高",高係数,IF($I44="中",中係数,IF($I44="低",低係数,IF($I44="特低",特低係数,0))))) * IF(R$7="SA",要件定義係数,IF(R$7="UI",基本設計係数,IF(R$7="SS",詳細設計係数,IF(R$7="PS/PG/PT",製作係数,IF(R$7="IT",結合テスト係数,IF(R$7="ST",総合テスト係数,IF(R$7="OT",受入支援係数,IF(R$7="RL",移行切替係数,IF(R$7="その他",その他係数,0))))))))) * R$8,1) -> 0 | T44: =ROUNDUP(SUM(J44:S44)*T$8,1) -> 0.6 | U44: =SUM(J44:T44) -> 4.2 | V44: =U44/20 -> 0.21 | W44: =((J44*J$9) + (K44*K$9) + (L44*L$9) + (M44*M$9) + (N44*N$9) + (O44*O$9) + (P44*P$9) + (Q44*Q$9) + (R44*R$9) + (S44*S$9) + (T44*T$9))/20 -> 222000
A45: =ROW()-9 -> 36 | B45: PG | C45: オフサイト実績受信 | D45: G:\EAI\skchisei\BAT\IRIS_OFFSITE.bat | I45: 低 | T45: =ROUNDUP(SUM(J45:S45)*T$8,1) -> 0 | U45: =SUM(J45:T45) -> 0 | V45: =U45/20 -> 0 | W45: =((J45*J$9) + (K45*K$9) + (L45*L$9) + (M45*M$9) + (N45*N$9) + (O45*O$9) + (P45*P$9) + (Q45*Q$9) + (R45*R$9) + (S45*S$9) + (T45*T$9))/20 -> 0
A46: =ROW()-9 -> 37 | B46: PG | C46: オフサイト実績受信 | D46: G:\EAI\skaicsei\BAT\IRIS_OFFSITE.bat | I46: 低 | T46: =ROUNDUP(SUM(J46:S46)*T$8,1) -> 0 | U46: =SUM(J46:T46) -> 0 | V46: =U46/20 -> 0 | W46: =((J46*J$9) + (K46*K$9) + (L46*L$9) + (M46*M$9) + (N46*N$9) + (O46*O$9) + (P46*P$9) + (Q46*Q$9) + (R46*R$9) + (S46*S$9) + (T46*T$9))/20 -> 0
A47: =ROW()-9 -> 38 | B47: PG | C47: オフサイト実績受信 | D47: G:\EAI\sktoksei\BAT\IRIS_OFFSITE.bat | I47: 低 | T47: =ROUNDUP(SUM(J47:S47)*T$8,1) -> 0 | U47: =SUM(J47:T47) -> 0 | V47: =U47/20 -> 0 | W47: =((J47*J$9) + (K47*K$9) + (L47*L$9) + (M47*M$9) + (N47*N$9) + (O47*O$9) + (P47*P$9) + (Q47*Q$9) + (R47*R$9) + (S47*S$9) + (T47*T$9))/20 -> 0
A48: =ROW()-9 -> 39 | B48: PG | C48: 化成品課タンク在庫更新起動 | D48: G:\EAI\skaicsei\BAT\D532.BAT | E48: バッチ | I48: 低 | J48: =ROUNDUP(IF($E48="画面",画面係数,IF($E48="帳票",帳票係数,IF($E48="バッチ",バッチ係数,0))) * IF($I48="特高",特高係数,IF($I48="高",高係数,IF($I48="中",中係数,IF($I48="低",低係数,IF($I48="特低",特低係数,0))))) * IF(J$7="SA",要件定義係数,IF(J$7="UI",基本設計係数,IF(J$7="SS",詳細設計係数,IF(J$7="PS/PG/PT",製作係数,IF(J$7="IT",結合テスト係数,IF(J$7="ST",総合テスト係数,IF(J$7="OT",受入支援係数,IF(J$7="RL",移行切替係数,IF(J$7="その他",その他係数,0))))))))) * J$8,1) -> 0.4 | K48: =ROUNDUP(IF($E48="画面",画面係数,IF($E48="帳票",帳票係数,IF($E48="バッチ",バッチ係数,0))) * IF($I48="特高",特高係数,IF($I48="高",高係数,IF($I48="中",中係数,IF($I48="低",低係数,IF($I48="特低",特低係数,0))))) * IF(K$7="SA",要件定義係数,IF(K$7="UI",基本設計係数,IF(K$7="SS",詳細設計係数,IF(K$7="PS/PG/PT",製作係数,IF(K$7="IT",結合テスト係数,IF(K$7="ST",総合テスト係数,IF(K$7="OT",受入支援係数,IF(K$7="RL",移行切替係数,IF(K$7="その他",その他係数,0))))))))) * K$8,1) -> 0.4 | L48: =ROUNDUP(IF($E48="画面",画面係数,IF($E48="帳票",帳票係数,IF($E48="バッチ",バッチ係数,0))) * IF($I48="特高",特高係数,IF($I48="高",高係数,IF($I48="中",中係数,IF($I48="低",低係数,IF($I48="特低",特低係数,0))))) * IF(L$7="SA",要件定義係数,IF(L$7="UI",基本設計係数,IF(L$7="SS",詳細設計係数,IF(L$7="PS/PG/PT",製作係数,IF(L$7="IT",結合テスト係数,IF(L$7="ST",総合テスト係数,IF(L$7="OT",受入支援係数,IF(L$7="RL",移行切替係数,IF(L$7="その他",その他係数,0))))))))) * L$8,1) -> 0.5 | M48: =ROUNDUP(IF($E48="画面",画面係数,IF($E48="帳票",帳票係数,IF($E48="バッチ",バッチ係数,0))) * IF($I48="特高",特高係数,IF($I48="高",高係数,IF($I48="中",中係数,IF($I48="低",低係数,IF($I48="特低",特低係数,0))))) * IF(M$7="SA",要件定義係数,IF(M$7="UI",基本設計係数,IF(M$7="SS",詳細設計係数,IF(M$7="PS/PG/PT",製作係数,IF(M$7="IT",結合テスト係数,IF(M$7="ST",総合テスト係数,IF(M$7="OT",受入支援係数,IF(M$7="RL",移行切替係数,IF(M$7="その他",その他係数,0))))))))) * M$8,1) -> 0.8 | N48: =ROUNDUP(IF($E48="画面",画面係数,IF($E48="帳票",帳票係数,IF($E48="バッチ",バッチ係数,0))) * IF($I48="特高",特高係数,IF($I48="高",高係数,IF($I48="中",中係数,IF($I48="低",低係数,IF($I48="特低",特低係数,0))))) * IF(N$7="SA",要件定義係数,IF(N$7="UI",基本設計係数,IF(N$7="SS",詳細設計係数,IF(N$7="PS/PG/PT",製作係数,IF(N$7="IT",結合テスト係数,IF(N$7="ST",総合テスト係数,IF(N$7="OT",受入支援係数,IF(N$7="RL",移行切替係数,IF(N$7="その他",その他係数,0))))))))) * N$8,1) -> 0.5 | O48: =ROUNDUP(IF($E48="画面",画面係数,IF($E48="帳票",帳票係数,IF($E48="バッチ",バッチ係数,0))) * IF($I48="特高",特高係数,IF($I48="高",高係数,IF($I48="中",中係数,IF($I48="低",低係数,IF($I48="特低",特低係数,0))))) * IF(O$7="SA",要件定義係数,IF(O$7="UI",基本設計係数,IF(O$7="SS",詳細設計係数,IF(O$7="PS/PG/PT",製作係数,IF(O$7="IT",結合テスト係数,IF(O$7="ST",総合テスト係数,IF(O$7="OT",受入支援係数,IF(O$7="RL",移行切替係数,IF(O$7="その他",その他係数,0))))))))) * O$8,1) -> 0.4 | P48: =ROUNDUP(IF($E48="画面",画面係数,IF($E48="帳票",帳票係数,IF($E48="バッチ",バッチ係数,0))) * IF($I48="特高",特高係数,IF($I48="高",高係数,IF($I48="中",中係数,IF($I48="低",低係数,IF($I48="特低",特低係数,0))))) * IF(P$7="SA",要件定義係数,IF(P$7="UI",基本設計係数,IF(P$7="SS",詳細設計係数,IF(P$7="PS/PG/PT",製作係数,IF(P$7="IT",結合テスト係数,IF(P$7="ST",総合テスト係数,IF(P$7="OT",受入支援係数,IF(P$7="RL",移行切替係数,IF(P$7="その他",その他係数,0))))))))) * P$8,1) -> 0.2 | Q48: =ROUNDUP(IF($E48="画面",画面係数,IF($E48="帳票",帳票係数,IF($E48="バッチ",バッチ係数,0))) * IF($I48="特高",特高係数,IF($I48="高",高係数,IF($I48="中",中係数,IF($I48="低",低係数,IF($I48="特低",特低係数,0))))) * IF(Q$7="SA",要件定義係数,IF(Q$7="UI",基本設計係数,IF(Q$7="SS",詳細設計係数,IF(Q$7="PS/PG/PT",製作係数,IF(Q$7="IT",結合テスト係数,IF(Q$7="ST",総合テスト係数,IF(Q$7="OT",受入支援係数,IF(Q$7="RL",移行切替係数,IF(Q$7="その他",その他係数,0))))))))) * Q$8,1) -> 0.4 | R48: =ROUNDUP(IF($E48="画面",画面係数,IF($E48="帳票",帳票係数,IF($E48="バッチ",バッチ係数,0))) * IF($I48="特高",特高係数,IF($I48="高",高係数,IF($I48="中",中係数,IF($I48="低",低係数,IF($I48="特低",特低係数,0))))) * IF(R$7="SA",要件定義係数,IF(R$7="UI",基本設計係数,IF(R$7="SS",詳細設計係数,IF(R$7="PS/PG/PT",製作係数,IF(R$7="IT",結合テスト係数,IF(R$7="ST",総合テスト係数,IF(R$7="OT",受入支援係数,IF(R$7="RL",移行切替係数,IF(R$7="その他",その他係数,0))))))))) * R$8,1) -> 0 | T48: =ROUNDUP(SUM(J48:S48)*T$8,1) -> 0.6 | U48: =SUM(J48:T48) -> 4.2 | V48: =U48/20 -> 0.21 | W48: =((J48*J$9) + (K48*K$9) + (L48*L$9) + (M48*M$9) + (N48*N$9) + (O48*O$9) + (P48*P$9) + (Q48*Q$9) + (R48*R$9) + (S48*S$9) + (T48*T$9))/20 -> 222000
A49: =ROW()-9 -> 40 | B49: PG | C49: 燃料油試験結果起動 | D49: G:\EAI\skhoksei\BAT\D101.bat | E49: バッチ | I49: 低 | J49: =ROUNDUP(IF($E49="画面",画面係数,IF($E49="帳票",帳票係数,IF($E49="バッチ",バッチ係数,0))) * IF($I49="特高",特高係数,IF($I49="高",高係数,IF($I49="中",中係数,IF($I49="低",低係数,IF($I49="特低",特低係数,0))))) * IF(J$7="SA",要件定義係数,IF(J$7="UI",基本設計係数,IF(J$7="SS",詳細設計係数,IF(J$7="PS/PG/PT",製作係数,IF(J$7="IT",結合テスト係数,IF(J$7="ST",総合テスト係数,IF(J$7="OT",受入支援係数,IF(J$7="RL",移行切替係数,IF(J$7="その他",その他係数,0))))))))) * J$8,1) -> 0.4 | K49: =ROUNDUP(IF($E49="画面",画面係数,IF($E49="帳票",帳票係数,IF($E49="バッチ",バッチ係数,0))) * IF($I49="特高",特高係数,IF($I49="高",高係数,IF($I49="中",中係数,IF($I49="低",低係数,IF($I49="特低",特低係数,0))))) * IF(K$7="SA",要件定義係数,IF(K$7="UI",基本設計係数,IF(K$7="SS",詳細設計係数,IF(K$7="PS/PG/PT",製作係数,IF(K$7="IT",結合テスト係数,IF(K$7="ST",総合テスト係数,IF(K$7="OT",受入支援係数,IF(K$7="RL",移行切替係数,IF(K$7="その他",その他係数,0))))))))) * K$8,1) -> 0.4 | L49: =ROUNDUP(IF($E49="画面",画面係数,IF($E49="帳票",帳票係数,IF($E49="バッチ",バッチ係数,0))) * IF($I49="特高",特高係数,IF($I49="高",高係数,IF($I49="中",中係数,IF($I49="低",低係数,IF($I49="特低",特低係数,0))))) * IF(L$7="SA",要件定義係数,IF(L$7="UI",基本設計係数,IF(L$7="SS",詳細設計係数,IF(L$7="PS/PG/PT",製作係数,IF(L$7="IT",結合テスト係数,IF(L$7="ST",総合テスト係数,IF(L$7="OT",受入支援係数,IF(L$7="RL",移行切替係数,IF(L$7="その他",その他係数,0))))))))) * L$8,1) -> 0.5 | M49: =ROUNDUP(IF($E49="画面",画面係数,IF($E49="帳票",帳票係数,IF($E49="バッチ",バッチ係数,0))) * IF($I49="特高",特高係数,IF($I49="高",高係数,IF($I49="中",中係数,IF($I49="低",低係数,IF($I49="特低",特低係数,0))))) * IF(M$7="SA",要件定義係数,IF(M$7="UI",基本設計係数,IF(M$7="SS",詳細設計係数,IF(M$7="PS/PG/PT",製作係数,IF(M$7="IT",結合テスト係数,IF(M$7="ST",総合テスト係数,IF(M$7="OT",受入支援係数,IF(M$7="RL",移行切替係数,IF(M$7="その他",その他係数,0))))))))) * M$8,1) -> 0.8 | N49: =ROUNDUP(IF($E49="画面",画面係数,IF($E49="帳票",帳票係数,IF($E49="バッチ",バッチ係数,0))) * IF($I49="特高",特高係数,IF($I49="高",高係数,IF($I49="中",中係数,IF($I49="低",低係数,IF($I49="特低",特低係数,0))))) * IF(N$7="SA",要件定義係数,IF(N$7="UI",基本設計係数,IF(N$7="SS",詳細設計係数,IF(N$7="PS/PG/PT",製作係数,IF(N$7="IT",結合テスト係数,IF(N$7="ST",総合テスト係数,IF(N$7="OT",受入支援係数,IF(N$7="RL",移行切替係数,IF(N$7="その他",その他係数,0))))))))) * N$8,1) -> 0.5 | O49: =ROUNDUP(IF($E49="画面",画面係数,IF($E49="帳票",帳票係数,IF($E49="バッチ",バッチ係数,0))) * IF($I49="特高",特高係数,IF($I49="高",高係数,IF($I49="中",中係数,IF($I49="低",低係数,IF($I49="特低",特低係数,0))))) * IF(O$7="SA",要件定義係数,IF(O$7="UI",基本設計係数,IF(O$7="SS",詳細設計係数,IF(O$7="PS/PG/PT",製作係数,IF(O$7="IT",結合テスト係数,IF(O$7="ST",総合テスト係数,IF(O$7="OT",受入支援係数,IF(O$7="RL",移行切替係数,IF(O$7="その他",その他係数,0))))))))) * O$8,1) -> 0.4 | P49: =ROUNDUP(IF($E49="画面",画面係数,IF($E49="帳票",帳票係数,IF($E49="バッチ",バッチ係数,0))) * IF($I49="特高",特高係数,IF($I49="高",高係数,IF($I49="中",中係数,IF($I49="低",低係数,IF($I49="特低",特低係数,0))))) * IF(P$7="SA",要件定義係数,IF(P$7="UI",基本設計係数,IF(P$7="SS",詳細設計係数,IF(P$7="PS/PG/PT",製作係数,IF(P$7="IT",結合テスト係数,IF(P$7="ST",総合テスト係数,IF(P$7="OT",受入支援係数,IF(P$7="RL",移行切替係数,IF(P$7="その他",その他係数,0))))))))) * P$8,1) -> 0.2 | Q49: =ROUNDUP(IF($E49="画面",画面係数,IF($E49="帳票",帳票係数,IF($E49="バッチ",バッチ係数,0))) * IF($I49="特高",特高係数,IF($I49="高",高係数,IF($I49="中",中係数,IF($I49="低",低係数,IF($I49="特低",特低係数,0))))) * IF(Q$7="SA",要件定義係数,IF(Q$7="UI",基本設計係数,IF(Q$7="SS",詳細設計係数,IF(Q$7="PS/PG/PT",製作係数,IF(Q$7="IT",結合テスト係数,IF(Q$7="ST",総合テスト係数,IF(Q$7="OT",受入支援係数,IF(Q$7="RL",移行切替係数,IF(Q$7="その他",その他係数,0))))))))) * Q$8,1) -> 0.4 | R49: =ROUNDUP(IF($E49="画面",画面係数,IF($E49="帳票",帳票係数,IF($E49="バッチ",バッチ係数,0))) * IF($I49="特高",特高係数,IF($I49="高",高係数,IF($I49="中",中係数,IF($I49="低",低係数,IF($I49="特低",特低係数,0))))) * IF(R$7="SA",要件定義係数,IF(R$7="UI",基本設計係数,IF(R$7="SS",詳細設計係数,IF(R$7="PS/PG/PT",製作係数,IF(R$7="IT",結合テスト係数,IF(R$7="ST",総合テスト係数,IF(R$7="OT",受入支援係数,IF(R$7="RL",移行切替係数,IF(R$7="その他",その他係数,0))))))))) * R$8,1) -> 0 | T49: =ROUNDUP(SUM(J49:S49)*T$8,1) -> 0.6 | U49: =SUM(J49:T49) -> 4.2 | V49: =U49/20 -> 0.21 | W49: =((J49*J$9) + (K49*K$9) + (L49*L$9) + (M49*M$9) + (N49*N$9) + (O49*O$9) + (P49*P$9) + (Q49*Q$9) + (R49*R$9) + (S49*S$9) + (T49*T$9))/20 -> 222000
A50: =ROW()-9 -> 41 | B50: PG | C50: 燃料油試験結果起動 | D50: G:\EAI\skchisei\BAT\D101.bat | I50: 低 | T50: =ROUNDUP(SUM(J50:S50)*T$8,1) -> 0 | U50: =SUM(J50:T50) -> 0 | V50: =U50/20 -> 0 | W50: =((J50*J$9) + (K50*K$9) + (L50*L$9) + (M50*M$9) + (N50*N$9) + (O50*O$9) + (P50*P$9) + (Q50*Q$9) + (R50*R$9) + (S50*S$9) + (T50*T$9))/20 -> 0
A51: =ROW()-9 -> 42 | B51: PG | C51: 燃料油試験結果起動 | D51: G:\EAI\skaicsei\BAT\D101.bat | I51: 低 | T51: =ROUNDUP(SUM(J51:S51)*T$8,1) -> 0 | U51: =SUM(J51:T51) -> 0 | V51: =U51/20 -> 0 | W51: =((J51*J$9) + (K51*K$9) + (L51*L$9) + (M51*M$9) + (N51*N$9) + (O51*O$9) + (P51*P$9) + (Q51*Q$9) + (R51*R$9) + (S51*S$9) + (T51*T$9))/20 -> 0
A52: =ROW()-9 -> 43 | B52: PG | C52: 燃料油試験結果起動 | D52: G:\EAI\sktoksei\BAT\D101.bat | I52: 低 | T52: =ROUNDUP(SUM(J52:S52)*T$8,1) -> 0 | U52: =SUM(J52:T52) -> 0 | V52: =U52/20 -> 0 | W52: =((J52*J$9) + (K52*K$9) + (L52*L$9) + (M52*M$9) + (N52*N$9) + (O52*O$9) + (P52*P$9) + (Q52*Q$9) + (R52*R$9) + (S52*S$9) + (T52*T$9))/20 -> 0
A53: =ROW()-9 -> 44 | B53: PG | C53: 工程試験結果起動 | D53: G:\EAI\skhoksei\BAT\D102.bat | E53: バッチ | I53: 低 | J53: =ROUNDUP(IF($E53="画面",画面係数,IF($E53="帳票",帳票係数,IF($E53="バッチ",バッチ係数,0))) * IF($I53="特高",特高係数,IF($I53="高",高係数,IF($I53="中",中係数,IF($I53="低",低係数,IF($I53="特低",特低係数,0))))) * IF(J$7="SA",要件定義係数,IF(J$7="UI",基本設計係数,IF(J$7="SS",詳細設計係数,IF(J$7="PS/PG/PT",製作係数,IF(J$7="IT",結合テスト係数,IF(J$7="ST",総合テスト係数,IF(J$7="OT",受入支援係数,IF(J$7="RL",移行切替係数,IF(J$7="その他",その他係数,0))))))))) * J$8,1) -> 0.4 | K53: =ROUNDUP(IF($E53="画面",画面係数,IF($E53="帳票",帳票係数,IF($E53="バッチ",バッチ係数,0))) * IF($I53="特高",特高係数,IF($I53="高",高係数,IF($I53="中",中係数,IF($I53="低",低係数,IF($I53="特低",特低係数,0))))) * IF(K$7="SA",要件定義係数,IF(K$7="UI",基本設計係数,IF(K$7="SS",詳細設計係数,IF(K$7="PS/PG/PT",製作係数,IF(K$7="IT",結合テスト係数,IF(K$7="ST",総合テスト係数,IF(K$7="OT",受入支援係数,IF(K$7="RL",移行切替係数,IF(K$7="その他",その他係数,0))))))))) * K$8,1) -> 0.4 | L53: =ROUNDUP(IF($E53="画面",画面係数,IF($E53="帳票",帳票係数,IF($E53="バッチ",バッチ係数,0))) * IF($I53="特高",特高係数,IF($I53="高",高係数,IF($I53="中",中係数,IF($I53="低",低係数,IF($I53="特低",特低係数,0))))) * IF(L$7="SA",要件定義係数,IF(L$7="UI",基本設計係数,IF(L$7="SS",詳細設計係数,IF(L$7="PS/PG/PT",製作係数,IF(L$7="IT",結合テスト係数,IF(L$7="ST",総合テスト係数,IF(L$7="OT",受入支援係数,IF(L$7="RL",移行切替係数,IF(L$7="その他",その他係数,0))))))))) * L$8,1) -> 0.5 | M53: =ROUNDUP(IF($E53="画面",画面係数,IF($E53="帳票",帳票係数,IF($E53="バッチ",バッチ係数,0))) * IF($I53="特高",特高係数,IF($I53="高",高係数,IF($I53="中",中係数,IF($I53="低",低係数,IF($I53="特低",特低係数,0))))) * IF(M$7="SA",要件定義係数,IF(M$7="UI",基本設計係数,IF(M$7="SS",詳細設計係数,IF(M$7="PS/PG/PT",製作係数,IF(M$7="IT",結合テスト係数,IF(M$7="ST",総合テスト係数,IF(M$7="OT",受入支援係数,IF(M$7="RL",移行切替係数,IF(M$7="その他",その他係数,0))))))))) * M$8,1) -> 0.8 | N53: =ROUNDUP(IF($E53="画面",画面係数,IF($E53="帳票",帳票係数,IF($E53="バッチ",バッチ係数,0))) * IF($I53="特高",特高係数,IF($I53="高",高係数,IF($I53="中",中係数,IF($I53="低",低係数,IF($I53="特低",特低係数,0))))) * IF(N$7="SA",要件定義係数,IF(N$7="UI",基本設計係数,IF(N$7="SS",詳細設計係数,IF(N$7="PS/PG/PT",製作係数,IF(N$7="IT",結合テスト係数,IF(N$7="ST",総合テスト係数,IF(N$7="OT",受入支援係数,IF(N$7="RL",移行切替係数,IF(N$7="その他",その他係数,0))))))))) * N$8,1) -> 0.5 | O53: =ROUNDUP(IF($E53="画面",画面係数,IF($E53="帳票",帳票係数,IF($E53="バッチ",バッチ係数,0))) * IF($I53="特高",特高係数,IF($I53="高",高係数,IF($I53="中",中係数,IF($I53="低",低係数,IF($I53="特低",特低係数,0))))) * IF(O$7="SA",要件定義係数,IF(O$7="UI",基本設計係数,IF(O$7="SS",詳細設計係数,IF(O$7="PS/PG/PT",製作係数,IF(O$7="IT",結合テスト係数,IF(O$7="ST",総合テスト係数,IF(O$7="OT",受入支援係数,IF(O$7="RL",移行切替係数,IF(O$7="その他",その他係数,0))))))))) * O$8,1) -> 0.4 | P53: =ROUNDUP(IF($E53="画面",画面係数,IF($E53="帳票",帳票係数,IF($E53="バッチ",バッチ係数,0))) * IF($I53="特高",特高係数,IF($I53="高",高係数,IF($I53="中",中係数,IF($I53="低",低係数,IF($I53="特低",特低係数,0))))) * IF(P$7="SA",要件定義係数,IF(P$7="UI",基本設計係数,IF(P$7="SS",詳細設計係数,IF(P$7="PS/PG/PT",製作係数,IF(P$7="IT",結合テスト係数,IF(P$7="ST",総合テスト係数,IF(P$7="OT",受入支援係数,IF(P$7="RL",移行切替係数,IF(P$7="その他",その他係数,0))))))))) * P$8,1) -> 0.2 | Q53: =ROUNDUP(IF($E53="画面",画面係数,IF($E53="帳票",帳票係数,IF($E53="バッチ",バッチ係数,0))) * IF($I53="特高",特高係数,IF($I53="高",高係数,IF($I53="中",中係数,IF($I53="低",低係数,IF($I53="特低",特低係数,0))))) * IF(Q$7="SA",要件定義係数,IF(Q$7="UI",基本設計係数,IF(Q$7="SS",詳細設計係数,IF(Q$7="PS/PG/PT",製作係数,IF(Q$7="IT",結合テスト係数,IF(Q$7="ST",総合テスト係数,IF(Q$7="OT",受入支援係数,IF(Q$7="RL",移行切替係数,IF(Q$7="その他",その他係数,0))))))))) * Q$8,1) -> 0.4 | R53: =ROUNDUP(IF($E53="画面",画面係数,IF($E53="帳票",帳票係数,IF($E53="バッチ",バッチ係数,0))) * IF($I53="特高",特高係数,IF($I53="高",高係数,IF($I53="中",中係数,IF($I53="低",低係数,IF($I53="特低",特低係数,0))))) * IF(R$7="SA",要件定義係数,IF(R$7="UI",基本設計係数,IF(R$7="SS",詳細設計係数,IF(R$7="PS/PG/PT",製作係数,IF(R$7="IT",結合テスト係数,IF(R$7="ST",総合テスト係数,IF(R$7="OT",受入支援係数,IF(R$7="RL",移行切替係数,IF(R$7="その他",その他係数,0))))))))) * R$8,1) -> 0 | T53: =ROUNDUP(SUM(J53:S53)*T$8,1) -> 0.6 | U53: =SUM(J53:T53) -> 4.2 | V53: =U53/20 -> 0.21 | W53: =((J53*J$9) + (K53*K$9) + (L53*L$9) + (M53*M$9) + (N53*N$9) + (O53*O$9) + (P53*P$9) + (Q53*Q$9) + (R53*R$9) + (S53*S$9) + (T53*T$9))/20 -> 222000
A54: =ROW()-9 -> 45 | B54: PG | C54: 工程試験結果起動 | D54: G:\EAI\skchisei\BAT\D102.bat | I54: 低 | T54: =ROUNDUP(SUM(J54:S54)*T$8,1) -> 0 | U54: =SUM(J54:T54) -> 0 | V54: =U54/20 -> 0 | W54: =((J54*J$9) + (K54*K$9) + (L54*L$9) + (M54*M$9) + (N54*N$9) + (O54*O$9) + (P54*P$9) + (Q54*Q$9) + (R54*R$9) + (S54*S$9) + (T54*T$9))/20 -> 0
A55: =ROW()-9 -> 46 | B55: PG | C55: 工程試験結果起動 | D55: G:\EAI\skaicsei\BAT\D102.bat | I55: 低 | T55: =ROUNDUP(SUM(J55:S55)*T$8,1) -> 0 | U55: =SUM(J55:T55) -> 0 | V55: =U55/20 -> 0 | W55: =((J55*J$9) + (K55*K$9) + (L55*L$9) + (M55*M$9) + (N55*N$9) + (O55*O$9) + (P55*P$9) + (Q55*Q$9) + (R55*R$9) + (S55*S$9) + (T55*T$9))/20 -> 0
A56: =ROW()-9 -> 47 | B56: PG | C56: 工程試験結果起動 | D56: G:\EAI\sktoksei\BAT\D102.bat | I56: 低 | T56: =ROUNDUP(SUM(J56:S56)*T$8,1) -> 0 | U56: =SUM(J56:T56) -> 0 | V56: =U56/20 -> 0 | W56: =((J56*J$9) + (K56*K$9) + (L56*L$9) + (M56*M$9) + (N56*N$9) + (O56*O$9) + (P56*P$9) + (Q56*Q$9) + (R56*R$9) + (S56*S$9) + (T56*T$9))/20 -> 0
A57: =ROW()-9 -> 48 | B57: PG | C57: 潤滑油試験結果起動 | D57: G:\EAI\skchisei\BAT\D103.bat | E57: バッチ | I57: 低 | J57: =ROUNDUP(IF($E57="画面",画面係数,IF($E57="帳票",帳票係数,IF($E57="バッチ",バッチ係数,0))) * IF($I57="特高",特高係数,IF($I57="高",高係数,IF($I57="中",中係数,IF($I57="低",低係数,IF($I57="特低",特低係数,0))))) * IF(J$7="SA",要件定義係数,IF(J$7="UI",基本設計係数,IF(J$7="SS",詳細設計係数,IF(J$7="PS/PG/PT",製作係数,IF(J$7="IT",結合テスト係数,IF(J$7="ST",総合テスト係数,IF(J$7="OT",受入支援係数,IF(J$7="RL",移行切替係数,IF(J$7="その他",その他係数,0))))))))) * J$8,1) -> 0.4 | K57: =ROUNDUP(IF($E57="画面",画面係数,IF($E57="帳票",帳票係数,IF($E57="バッチ",バッチ係数,0))) * IF($I57="特高",特高係数,IF($I57="高",高係数,IF($I57="中",中係数,IF($I57="低",低係数,IF($I57="特低",特低係数,0))))) * IF(K$7="SA",要件定義係数,IF(K$7="UI",基本設計係数,IF(K$7="SS",詳細設計係数,IF(K$7="PS/PG/PT",製作係数,IF(K$7="IT",結合テスト係数,IF(K$7="ST",総合テスト係数,IF(K$7="OT",受入支援係数,IF(K$7="RL",移行切替係数,IF(K$7="その他",その他係数,0))))))))) * K$8,1) -> 0.4 | L57: =ROUNDUP(IF($E57="画面",画面係数,IF($E57="帳票",帳票係数,IF($E57="バッチ",バッチ係数,0))) * IF($I57="特高",特高係数,IF($I57="高",高係数,IF($I57="中",中係数,IF($I57="低",低係数,IF($I57="特低",特低係数,0))))) * IF(L$7="SA",要件定義係数,IF(L$7="UI",基本設計係数,IF(L$7="SS",詳細設計係数,IF(L$7="PS/PG/PT",製作係数,IF(L$7="IT",結合テスト係数,IF(L$7="ST",総合テスト係数,IF(L$7="OT",受入支援係数,IF(L$7="RL",移行切替係数,IF(L$7="その他",その他係数,0))))))))) * L$8,1) -> 0.5 | M57: =ROUNDUP(IF($E57="画面",画面係数,IF($E57="帳票",帳票係数,IF($E57="バッチ",バッチ係数,0))) * IF($I57="特高",特高係数,IF($I57="高",高係数,IF($I57="中",中係数,IF($I57="低",低係数,IF($I57="特低",特低係数,0))))) * IF(M$7="SA",要件定義係数,IF(M$7="UI",基本設計係数,IF(M$7="SS",詳細設計係数,IF(M$7="PS/PG/PT",製作係数,IF(M$7="IT",結合テスト係数,IF(M$7="ST",総合テスト係数,IF(M$7="OT",受入支援係数,IF(M$7="RL",移行切替係数,IF(M$7="その他",その他係数,0))))))))) * M$8,1) -> 0.8 | N57: =ROUNDUP(IF($E57="画面",画面係数,IF($E57="帳票",帳票係数,IF($E57="バッチ",バッチ係数,0))) * IF($I57="特高",特高係数,IF($I57="高",高係数,IF($I57="中",中係数,IF($I57="低",低係数,IF($I57="特低",特低係数,0))))) * IF(N$7="SA",要件定義係数,IF(N$7="UI",基本設計係数,IF(N$7="SS",詳細設計係数,IF(N$7="PS/PG/PT",製作係数,IF(N$7="IT",結合テスト係数,IF(N$7="ST",総合テスト係数,IF(N$7="OT",受入支援係数,IF(N$7="RL",移行切替係数,IF(N$7="その他",その他係数,0))))))))) * N$8,1) -> 0.5 | O57: =ROUNDUP(IF($E57="画面",画面係数,IF($E57="帳票",帳票係数,IF($E57="バッチ",バッチ係数,0))) * IF($I57="特高",特高係数,IF($I57="高",高係数,IF($I57="中",中係数,IF($I57="低",低係数,IF($I57="特低",特低係数,0))))) * IF(O$7="SA",要件定義係数,IF(O$7="UI",基本設計係数,IF(O$7="SS",詳細設計係数,IF(O$7="PS/PG/PT",製作係数,IF(O$7="IT",結合テスト係数,IF(O$7="ST",総合テスト係数,IF(O$7="OT",受入支援係数,IF(O$7="RL",移行切替係数,IF(O$7="その他",その他係数,0))))))))) * O$8,1) -> 0.4 | P57: =ROUNDUP(IF($E57="画面",画面係数,IF($E57="帳票",帳票係数,IF($E57="バッチ",バッチ係数,0))) * IF($I57="特高",特高係数,IF($I57="高",高係数,IF($I57="中",中係数,IF($I57="低",低係数,IF($I57="特低",特低係数,0))))) * IF(P$7="SA",要件定義係数,IF(P$7="UI",基本設計係数,IF(P$7="SS",詳細設計係数,IF(P$7="PS/PG/PT",製作係数,IF(P$7="IT",結合テスト係数,IF(P$7="ST",総合テスト係数,IF(P$7="OT",受入支援係数,IF(P$7="RL",移行切替係数,IF(P$7="その他",その他係数,0))))))))) * P$8,1) -> 0.2 | Q57: =ROUNDUP(IF($E57="画面",画面係数,IF($E57="帳票",帳票係数,IF($E57="バッチ",バッチ係数,0))) * IF($I57="特高",特高係数,IF($I57="高",高係数,IF($I57="中",中係数,IF($I57="低",低係数,IF($I57="特低",特低係数,0))))) * IF(Q$7="SA",要件定義係数,IF(Q$7="UI",基本設計係数,IF(Q$7="SS",詳細設計係数,IF(Q$7="PS/PG/PT",製作係数,IF(Q$7="IT",結合テスト係数,IF(Q$7="ST",総合テスト係数,IF(Q$7="OT",受入支援係数,IF(Q$7="RL",移行切替係数,IF(Q$7="その他",その他係数,0))))))))) * Q$8,1) -> 0.4 | R57: =ROUNDUP(IF($E57="画面",画面係数,IF($E57="帳票",帳票係数,IF($E57="バッチ",バッチ係数,0))) * IF($I57="特高",特高係数,IF($I57="高",高係数,IF($I57="中",中係数,IF($I57="低",低係数,IF($I57="特低",特低係数,0))))) * IF(R$7="SA",要件定義係数,IF(R$7="UI",基本設計係数,IF(R$7="SS",詳細設計係数,IF(R$7="PS/PG/PT",製作係数,IF(R$7="IT",結合テスト係数,IF(R$7="ST",総合テスト係数,IF(R$7="OT",受入支援係数,IF(R$7="RL",移行切替係数,IF(R$7="その他",その他係数,0))))))))) * R$8,1) -> 0 | T57: =ROUNDUP(SUM(J57:S57)*T$8,1) -> 0.6 | U57: =SUM(J57:T57) -> 4.2 | V57: =U57/20 -> 0.21 | W57: =((J57*J$9) + (K57*K$9) + (L57*L$9) + (M57*M$9) + (N57*N$9) + (O57*O$9) + (P57*P$9) + (Q57*Q$9) + (R57*R$9) + (S57*S$9) + (T57*T$9))/20 -> 222000
A58: =ROW()-9 -> 49 | B58: PG | C58: 自家燃使用量OWFT起動 | D58: D:\skhoksei\App\Sougyou\conf\binas\D202.bat | E58: バッチ | I58: 低 | J58: =ROUNDUP(IF($E58="画面",画面係数,IF($E58="帳票",帳票係数,IF($E58="バッチ",バッチ係数,0))) * IF($I58="特高",特高係数,IF($I58="高",高係数,IF($I58="中",中係数,IF($I58="低",低係数,IF($I58="特低",特低係数,0))))) * IF(J$7="SA",要件定義係数,IF(J$7="UI",基本設計係数,IF(J$7="SS",詳細設計係数,IF(J$7="PS/PG/PT",製作係数,IF(J$7="IT",結合テスト係数,IF(J$7="ST",総合テスト係数,IF(J$7="OT",受入支援係数,IF(J$7="RL",移行切替係数,IF(J$7="その他",その他係数,0))))))))) * J$8,1) -> 0.4 | K58: =ROUNDUP(IF($E58="画面",画面係数,IF($E58="帳票",帳票係数,IF($E58="バッチ",バッチ係数,0))) * IF($I58="特高",特高係数,IF($I58="高",高係数,IF($I58="中",中係数,IF($I58="低",低係数,IF($I58="特低",特低係数,0))))) * IF(K$7="SA",要件定義係数,IF(K$7="UI",基本設計係数,IF(K$7="SS",詳細設計係数,IF(K$7="PS/PG/PT",製作係数,IF(K$7="IT",結合テスト係数,IF(K$7="ST",総合テスト係数,IF(K$7="OT",受入支援係数,IF(K$7="RL",移行切替係数,IF(K$7="その他",その他係数,0))))))))) * K$8,1) -> 0.4 | L58: =ROUNDUP(IF($E58="画面",画面係数,IF($E58="帳票",帳票係数,IF($E58="バッチ",バッチ係数,0))) * IF($I58="特高",特高係数,IF($I58="高",高係数,IF($I58="中",中係数,IF($I58="低",低係数,IF($I58="特低",特低係数,0))))) * IF(L$7="SA",要件定義係数,IF(L$7="UI",基本設計係数,IF(L$7="SS",詳細設計係数,IF(L$7="PS/PG/PT",製作係数,IF(L$7="IT",結合テスト係数,IF(L$7="ST",総合テスト係数,IF(L$7="OT",受入支援係数,IF(L$7="RL",移行切替係数,IF(L$7="その他",その他係数,0))))))))) * L$8,1) -> 0.5 | M58: =ROUNDUP(IF($E58="画面",画面係数,IF($E58="帳票",帳票係数,IF($E58="バッチ",バッチ係数,0))) * IF($I58="特高",特高係数,IF($I58="高",高係数,IF($I58="中",中係数,IF($I58="低",低係数,IF($I58="特低",特低係数,0))))) * IF(M$7="SA",要件定義係数,IF(M$7="UI",基本設計係数,IF(M$7="SS",詳細設計係数,IF(M$7="PS/PG/PT",製作係数,IF(M$7="IT",結合テスト係数,IF(M$7="ST",総合テスト係数,IF(M$7="OT",受入支援係数,IF(M$7="RL",移行切替係数,IF(M$7="その他",その他係数,0))))))))) * M$8,1) -> 0.8 | N58: =ROUNDUP(IF($E58="画面",画面係数,IF($E58="帳票",帳票係数,IF($E58="バッチ",バッチ係数,0))) * IF($I58="特高",特高係数,IF($I58="高",高係数,IF($I58="中",中係数,IF($I58="低",低係数,IF($I58="特低",特低係数,0))))) * IF(N$7="SA",要件定義係数,IF(N$7="UI",基本設計係数,IF(N$7="SS",詳細設計係数,IF(N$7="PS/PG/PT",製作係数,IF(N$7="IT",結合テスト係数,IF(N$7="ST",総合テスト係数,IF(N$7="OT",受入支援係数,IF(N$7="RL",移行切替係数,IF(N$7="その他",その他係数,0))))))))) * N$8,1) -> 0.5 | O58: =ROUNDUP(IF($E58="画面",画面係数,IF($E58="帳票",帳票係数,IF($E58="バッチ",バッチ係数,0))) * IF($I58="特高",特高係数,IF($I58="高",高係数,IF($I58="中",中係数,IF($I58="低",低係数,IF($I58="特低",特低係数,0))))) * IF(O$7="SA",要件定義係数,IF(O$7="UI",基本設計係数,IF(O$7="SS",詳細設計係数,IF(O$7="PS/PG/PT",製作係数,IF(O$7="IT",結合テスト係数,IF(O$7="ST",総合テスト係数,IF(O$7="OT",受入支援係数,IF(O$7="RL",移行切替係数,IF(O$7="その他",その他係数,0))))))))) * O$8,1) -> 0.4 | P58: =ROUNDUP(IF($E58="画面",画面係数,IF($E58="帳票",帳票係数,IF($E58="バッチ",バッチ係数,0))) * IF($I58="特高",特高係数,IF($I58="高",高係数,IF($I58="中",中係数,IF($I58="低",低係数,IF($I58="特低",特低係数,0))))) * IF(P$7="SA",要件定義係数,IF(P$7="UI",基本設計係数,IF(P$7="SS",詳細設計係数,IF(P$7="PS/PG/PT",製作係数,IF(P$7="IT",結合テスト係数,IF(P$7="ST",総合テスト係数,IF(P$7="OT",受入支援係数,IF(P$7="RL",移行切替係数,IF(P$7="その他",その他係数,0))))))))) * P$8,1) -> 0.2 | Q58: =ROUNDUP(IF($E58="画面",画面係数,IF($E58="帳票",帳票係数,IF($E58="バッチ",バッチ係数,0))) * IF($I58="特高",特高係数,IF($I58="高",高係数,IF($I58="中",中係数,IF($I58="低",低係数,IF($I58="特低",特低係数,0))))) * IF(Q$7="SA",要件定義係数,IF(Q$7="UI",基本設計係数,IF(Q$7="SS",詳細設計係数,IF(Q$7="PS/PG/PT",製作係数,IF(Q$7="IT",結合テスト係数,IF(Q$7="ST",総合テスト係数,IF(Q$7="OT",受入支援係数,IF(Q$7="RL",移行切替係数,IF(Q$7="その他",その他係数,0))))))))) * Q$8,1) -> 0.4 | R58: =ROUNDUP(IF($E58="画面",画面係数,IF($E58="帳票",帳票係数,IF($E58="バッチ",バッチ係数,0))) * IF($I58="特高",特高係数,IF($I58="高",高係数,IF($I58="中",中係数,IF($I58="低",低係数,IF($I58="特低",特低係数,0))))) * IF(R$7="SA",要件定義係数,IF(R$7="UI",基本設計係数,IF(R$7="SS",詳細設計係数,IF(R$7="PS/PG/PT",製作係数,IF(R$7="IT",結合テスト係数,IF(R$7="ST",総合テスト係数,IF(R$7="OT",受入支援係数,IF(R$7="RL",移行切替係数,IF(R$7="その他",その他係数,0))))))))) * R$8,1) -> 0 | T58: =ROUNDUP(SUM(J58:S58)*T$8,1) -> 0.6 | U58: =SUM(J58:T58) -> 4.2 | V58: =U58/20 -> 0.21 | W58: =((J58*J$9) + (K58*K$9) + (L58*L$9) + (M58*M$9) + (N58*N$9) + (O58*O$9) + (P58*P$9) + (Q58*Q$9) + (R58*R$9) + (S58*S$9) + (T58*T$9))/20 -> 222000
A59: =ROW()-9 -> 50 | B59: PG | C59: 自家燃使用量OWFT起動 | D59: D:\skchisei\App\Sougyou\conf\binas\D202.bat | I59: 低 | T59: =ROUNDUP(SUM(J59:S59)*T$8,1) -> 0 | U59: =SUM(J59:T59) -> 0 | V59: =U59/20 -> 0 | W59: =((J59*J$9) + (K59*K$9) + (L59*L$9) + (M59*M$9) + (N59*N$9) + (O59*O$9) + (P59*P$9) + (Q59*Q$9) + (R59*R$9) + (S59*S$9) + (T59*T$9))/20 -> 0
A60: =ROW()-9 -> 51 | B60: PG | C60: 自家燃使用量OWFT起動 | D60: D:\skaicsei\App\Sougyou\conf\binas\D202.bat | I60: 低 | T60: =ROUNDUP(SUM(J60:S60)*T$8,1) -> 0 | U60: =SUM(J60:T60) -> 0 | V60: =U60/20 -> 0 | W60: =((J60*J$9) + (K60*K$9) + (L60*L$9) + (M60*M$9) + (N60*N$9) + (O60*O$9) + (P60*P$9) + (Q60*Q$9) + (R60*R$9) + (S60*S$9) + (T60*T$9))/20 -> 0
A61: =ROW()-9 -> 52 | B61: PG | C61: 自家燃使用量OWFT起動 | D61: D:\sktoksei\App\Sougyou\conf\binas\D202.bat | I61: 低 | T61: =ROUNDUP(SUM(J61:S61)*T$8,1) -> 0 | U61: =SUM(J61:T61) -> 0 | V61: =U61/20 -> 0 | W61: =((J61*J$9) + (K61*K$9) + (L61*L$9) + (M61*M$9) + (N61*N$9) + (O61*O$9) + (P61*P$9) + (Q61*Q$9) + (R61*R$9) + (S61*S$9) + (T61*T$9))/20 -> 0
A62: =ROW()-9 -> 53 | B62: PG | C62: メール送信 | D62: D:\skhoksei\App\Sougyou\conf\binas\MAIL0301.wsf | E62: バッチ | I62: 中 | J62: =ROUNDUP(IF($E62="画面",画面係数,IF($E62="帳票",帳票係数,IF($E62="バッチ",バッチ係数,0))) * IF($I62="特高",特高係数,IF($I62="高",高係数,IF($I62="中",中係数,IF($I62="低",低係数,IF($I62="特低",特低係数,0))))) * IF(J$7="SA",要件定義係数,IF(J$7="UI",基本設計係数,IF(J$7="SS",詳細設計係数,IF(J$7="PS/PG/PT",製作係数,IF(J$7="IT",結合テスト係数,IF(J$7="ST",総合テスト係数,IF(J$7="OT",受入支援係数,IF(J$7="RL",移行切替係数,IF(J$7="その他",その他係数,0))))))))) * J$8,1) -> 0.6 | K62: =ROUNDUP(IF($E62="画面",画面係数,IF($E62="帳票",帳票係数,IF($E62="バッチ",バッチ係数,0))) * IF($I62="特高",特高係数,IF($I62="高",高係数,IF($I62="中",中係数,IF($I62="低",低係数,IF($I62="特低",特低係数,0))))) * IF(K$7="SA",要件定義係数,IF(K$7="UI",基本設計係数,IF(K$7="SS",詳細設計係数,IF(K$7="PS/PG/PT",製作係数,IF(K$7="IT",結合テスト係数,IF(K$7="ST",総合テスト係数,IF(K$7="OT",受入支援係数,IF(K$7="RL",移行切替係数,IF(K$7="その他",その他係数,0))))))))) * K$8,1) -> 0.7 | L62: =ROUNDUP(IF($E62="画面",画面係数,IF($E62="帳票",帳票係数,IF($E62="バッチ",バッチ係数,0))) * IF($I62="特高",特高係数,IF($I62="高",高係数,IF($I62="中",中係数,IF($I62="低",低係数,IF($I62="特低",特低係数,0))))) * IF(L$7="SA",要件定義係数,IF(L$7="UI",基本設計係数,IF(L$7="SS",詳細設計係数,IF(L$7="PS/PG/PT",製作係数,IF(L$7="IT",結合テスト係数,IF(L$7="ST",総合テスト係数,IF(L$7="OT",受入支援係数,IF(L$7="RL",移行切替係数,IF(L$7="その他",その他係数,0))))))))) * L$8,1) -> 0.7 | M62: =ROUNDUP(IF($E62="画面",画面係数,IF($E62="帳票",帳票係数,IF($E62="バッチ",バッチ係数,0))) * IF($I62="特高",特高係数,IF($I62="高",高係数,IF($I62="中",中係数,IF($I62="低",低係数,IF($I62="特低",特低係数,0))))) * IF(M$7="SA",要件定義係数,IF(M$7="UI",基本設計係数,IF(M$7="SS",詳細設計係数,IF(M$7="PS/PG/PT",製作係数,IF(M$7="IT",結合テスト係数,IF(M$7="ST",総合テスト係数,IF(M$7="OT",受入支援係数,IF(M$7="RL",移行切替係数,IF(M$7="その他",その他係数,0))))))))) * M$8,1) -> 1.3 | N62: =ROUNDUP(IF($E62="画面",画面係数,IF($E62="帳票",帳票係数,IF($E62="バッチ",バッチ係数,0))) * IF($I62="特高",特高係数,IF($I62="高",高係数,IF($I62="中",中係数,IF($I62="低",低係数,IF($I62="特低",特低係数,0))))) * IF(N$7="SA",要件定義係数,IF(N$7="UI",基本設計係数,IF(N$7="SS",詳細設計係数,IF(N$7="PS/PG/PT",製作係数,IF(N$7="IT",結合テスト係数,IF(N$7="ST",総合テスト係数,IF(N$7="OT",受入支援係数,IF(N$7="RL",移行切替係数,IF(N$7="その他",その他係数,0))))))))) * N$8,1) -> 0.8 | O62: =ROUNDUP(IF($E62="画面",画面係数,IF($E62="帳票",帳票係数,IF($E62="バッチ",バッチ係数,0))) * IF($I62="特高",特高係数,IF($I62="高",高係数,IF($I62="中",中係数,IF($I62="低",低係数,IF($I62="特低",特低係数,0))))) * IF(O$7="SA",要件定義係数,IF(O$7="UI",基本設計係数,IF(O$7="SS",詳細設計係数,IF(O$7="PS/PG/PT",製作係数,IF(O$7="IT",結合テスト係数,IF(O$7="ST",総合テスト係数,IF(O$7="OT",受入支援係数,IF(O$7="RL",移行切替係数,IF(O$7="その他",その他係数,0))))))))) * O$8,1) -> 0.6 | P62: =ROUNDUP(IF($E62="画面",画面係数,IF($E62="帳票",帳票係数,IF($E62="バッチ",バッチ係数,0))) * IF($I62="特高",特高係数,IF($I62="高",高係数,IF($I62="中",中係数,IF($I62="低",低係数,IF($I62="特低",特低係数,0))))) * IF(P$7="SA",要件定義係数,IF(P$7="UI",基本設計係数,IF(P$7="SS",詳細設計係数,IF(P$7="PS/PG/PT",製作係数,IF(P$7="IT",結合テスト係数,IF(P$7="ST",総合テスト係数,IF(P$7="OT",受入支援係数,IF(P$7="RL",移行切替係数,IF(P$7="その他",その他係数,0))))))))) * P$8,1) -> 0.2 | Q62: =ROUNDUP(IF($E62="画面",画面係数,IF($E62="帳票",帳票係数,IF($E62="バッチ",バッチ係数,0))) * IF($I62="特高",特高係数,IF($I62="高",高係数,IF($I62="中",中係数,IF($I62="低",低係数,IF($I62="特低",特低係数,0))))) * IF(Q$7="SA",要件定義係数,IF(Q$7="UI",基本設計係数,IF(Q$7="SS",詳細設計係数,IF(Q$7="PS/PG/PT",製作係数,IF(Q$7="IT",結合テスト係数,IF(Q$7="ST",総合テスト係数,IF(Q$7="OT",受入支援係数,IF(Q$7="RL",移行切替係数,IF(Q$7="その他",その他係数,0))))))))) * Q$8,1) -> 0.6 | R62: =ROUNDUP(IF($E62="画面",画面係数,IF($E62="帳票",帳票係数,IF($E62="バッチ",バッチ係数,0))) * IF($I62="特高",特高係数,IF($I62="高",高係数,IF($I62="中",中係数,IF($I62="低",低係数,IF($I62="特低",特低係数,0))))) * IF(R$7="SA",要件定義係数,IF(R$7="UI",基本設計係数,IF(R$7="SS",詳細設計係数,IF(R$7="PS/PG/PT",製作係数,IF(R$7="IT",結合テスト係数,IF(R$7="ST",総合テスト係数,IF(R$7="OT",受入支援係数,IF(R$7="RL",移行切替係数,IF(R$7="その他",その他係数,0))))))))) * R$8,1) -> 0 | T62: =ROUNDUP(SUM(J62:S62)*T$8,1) -> 0.9 | U62: =SUM(J62:T62) -> 6.4 | V62: =U62/20 -> 0.32 | W62: =((J62*J$9) + (K62*K$9) + (L62*L$9) + (M62*M$9) + (N62*N$9) + (O62*O$9) + (P62*P$9) + (Q62*Q$9) + (R62*R$9) + (S62*S$9) + (T62*T$9))/20 -> 338000
A63: =ROW()-9 -> 54 | B63: PG | C63: 不要ファイル削除 | D63: D:\skhoksei\App\Common\DeleteFile\DeleteFile.bat | E63: バッチ | I63: 特低 | J63: =ROUNDUP(IF($E63="画面",画面係数,IF($E63="帳票",帳票係数,IF($E63="バッチ",バッチ係数,0))) * IF($I63="特高",特高係数,IF($I63="高",高係数,IF($I63="中",中係数,IF($I63="低",低係数,IF($I63="特低",特低係数,0))))) * IF(J$7="SA",要件定義係数,IF(J$7="UI",基本設計係数,IF(J$7="SS",詳細設計係数,IF(J$7="PS/PG/PT",製作係数,IF(J$7="IT",結合テスト係数,IF(J$7="ST",総合テスト係数,IF(J$7="OT",受入支援係数,IF(J$7="RL",移行切替係数,IF(J$7="その他",その他係数,0))))))))) * J$8,1) -> 0.2 | K63: =ROUNDUP(IF($E63="画面",画面係数,IF($E63="帳票",帳票係数,IF($E63="バッチ",バッチ係数,0))) * IF($I63="特高",特高係数,IF($I63="高",高係数,IF($I63="中",中係数,IF($I63="低",低係数,IF($I63="特低",特低係数,0))))) * IF(K$7="SA",要件定義係数,IF(K$7="UI",基本設計係数,IF(K$7="SS",詳細設計係数,IF(K$7="PS/PG/PT",製作係数,IF(K$7="IT",結合テスト係数,IF(K$7="ST",総合テスト係数,IF(K$7="OT",受入支援係数,IF(K$7="RL",移行切替係数,IF(K$7="その他",その他係数,0))))))))) * K$8,1) -> 0.2 | L63: =ROUNDUP(IF($E63="画面",画面係数,IF($E63="帳票",帳票係数,IF($E63="バッチ",バッチ係数,0))) * IF($I63="特高",特高係数,IF($I63="高",高係数,IF($I63="中",中係数,IF($I63="低",低係数,IF($I63="特低",特低係数,0))))) * IF(L$7="SA",要件定義係数,IF(L$7="UI",基本設計係数,IF(L$7="SS",詳細設計係数,IF(L$7="PS/PG/PT",製作係数,IF(L$7="IT",結合テスト係数,IF(L$7="ST",総合テスト係数,IF(L$7="OT",受入支援係数,IF(L$7="RL",移行切替係数,IF(L$7="その他",その他係数,0))))))))) * L$8,1) -> 0.2 | M63: =ROUNDUP(IF($E63="画面",画面係数,IF($E63="帳票",帳票係数,IF($E63="バッチ",バッチ係数,0))) * IF($I63="特高",特高係数,IF($I63="高",高係数,IF($I63="中",中係数,IF($I63="低",低係数,IF($I63="特低",特低係数,0))))) * IF(M$7="SA",要件定義係数,IF(M$7="UI",基本設計係数,IF(M$7="SS",詳細設計係数,IF(M$7="PS/PG/PT",製作係数,IF(M$7="IT",結合テスト係数,IF(M$7="ST",総合テスト係数,IF(M$7="OT",受入支援係数,IF(M$7="RL",移行切替係数,IF(M$7="その他",その他係数,0))))))))) * M$8,1) -> 0.3 | N63: =ROUNDUP(IF($E63="画面",画面係数,IF($E63="帳票",帳票係数,IF($E63="バッチ",バッチ係数,0))) * IF($I63="特高",特高係数,IF($I63="高",高係数,IF($I63="中",中係数,IF($I63="低",低係数,IF($I63="特低",特低係数,0))))) * IF(N$7="SA",要件定義係数,IF(N$7="UI",基本設計係数,IF(N$7="SS",詳細設計係数,IF(N$7="PS/PG/PT",製作係数,IF(N$7="IT",結合テスト係数,IF(N$7="ST",総合テスト係数,IF(N$7="OT",受入支援係数,IF(N$7="RL",移行切替係数,IF(N$7="その他",その他係数,0))))))))) * N$8,1) -> 0.2 | O63: =ROUNDUP(IF($E63="画面",画面係数,IF($E63="帳票",帳票係数,IF($E63="バッチ",バッチ係数,0))) * IF($I63="特高",特高係数,IF($I63="高",高係数,IF($I63="中",中係数,IF($I63="低",低係数,IF($I63="特低",特低係数,0))))) * IF(O$7="SA",要件定義係数,IF(O$7="UI",基本設計係数,IF(O$7="SS",詳細設計係数,IF(O$7="PS/PG/PT",製作係数,IF(O$7="IT",結合テスト係数,IF(O$7="ST",総合テスト係数,IF(O$7="OT",受入支援係数,IF(O$7="RL",移行切替係数,IF(O$7="その他",その他係数,0))))))))) * O$8,1) -> 0.2 | P63: =ROUNDUP(IF($E63="画面",画面係数,IF($E63="帳票",帳票係数,IF($E63="バッチ",バッチ係数,0))) * IF($I63="特高",特高係数,IF($I63="高",高係数,IF($I63="中",中係数,IF($I63="低",低係数,IF($I63="特低",特低係数,0))))) * IF(P$7="SA",要件定義係数,IF(P$7="UI",基本設計係数,IF(P$7="SS",詳細設計係数,IF(P$7="PS/PG/PT",製作係数,IF(P$7="IT",結合テスト係数,IF(P$7="ST",総合テスト係数,IF(P$7="OT",受入支援係数,IF(P$7="RL",移行切替係数,IF(P$7="その他",その他係数,0))))))))) * P$8,1) -> 0.1 | Q63: =ROUNDUP(IF($E63="画面",画面係数,IF($E63="帳票",帳票係数,IF($E63="バッチ",バッチ係数,0))) * IF($I63="特高",特高係数,IF($I63="高",高係数,IF($I63="中",中係数,IF($I63="低",低係数,IF($I63="特低",特低係数,0))))) * IF(Q$7="SA",要件定義係数,IF(Q$7="UI",基本設計係数,IF(Q$7="SS",詳細設計係数,IF(Q$7="PS/PG/PT",製作係数,IF(Q$7="IT",結合テスト係数,IF(Q$7="ST",総合テスト係数,IF(Q$7="OT",受入支援係数,IF(Q$7="RL",移行切替係数,IF(Q$7="その他",その他係数,0))))))))) * Q$8,1) -> 0.2 | R63: =ROUNDUP(IF($E63="画面",画面係数,IF($E63="帳票",帳票係数,IF($E63="バッチ",バッチ係数,0))) * IF($I63="特高",特高係数,IF($I63="高",高係数,IF($I63="中",中係数,IF($I63="低",低係数,IF($I63="特低",特低係数,0))))) * IF(R$7="SA",要件定義係数,IF(R$7="UI",基本設計係数,IF(R$7="SS",詳細設計係数,IF(R$7="PS/PG/PT",製作係数,IF(R$7="IT",結合テスト係数,IF(R$7="ST",総合テスト係数,IF(R$7="OT",受入支援係数,IF(R$7="RL",移行切替係数,IF(R$7="その他",その他係数,0))))))))) * R$8,1) -> 0 | T63: =ROUNDUP(SUM(J63:S63)*T$8,1) -> 0.3 | U63: =SUM(J63:T63) -> 1.9 | V63: =U63/20 -> 0.095 | W63: =((J63*J$9) + (K63*K$9) + (L63*L$9) + (M63*M$9) + (N63*N$9) + (O63*O$9) + (P63*P$9) + (Q63*Q$9) + (R63*R$9) + (S63*S$9) + (T63*T$9))/20 -> 101000
A64: =ROW()-9 -> 55 | B64: PG | C64: プロセス監視起動 | D64: D:\skhoksei\App\Sougyou\bin\EAI_LOG_WATCH.bat | E64: バッチ | I64: 低 | J64: =ROUNDUP(IF($E64="画面",画面係数,IF($E64="帳票",帳票係数,IF($E64="バッチ",バッチ係数,0))) * IF($I64="特高",特高係数,IF($I64="高",高係数,IF($I64="中",中係数,IF($I64="低",低係数,IF($I64="特低",特低係数,0))))) * IF(J$7="SA",要件定義係数,IF(J$7="UI",基本設計係数,IF(J$7="SS",詳細設計係数,IF(J$7="PS/PG/PT",製作係数,IF(J$7="IT",結合テスト係数,IF(J$7="ST",総合テスト係数,IF(J$7="OT",受入支援係数,IF(J$7="RL",移行切替係数,IF(J$7="その他",その他係数,0))))))))) * J$8,1) -> 0.4 | K64: =ROUNDUP(IF($E64="画面",画面係数,IF($E64="帳票",帳票係数,IF($E64="バッチ",バッチ係数,0))) * IF($I64="特高",特高係数,IF($I64="高",高係数,IF($I64="中",中係数,IF($I64="低",低係数,IF($I64="特低",特低係数,0))))) * IF(K$7="SA",要件定義係数,IF(K$7="UI",基本設計係数,IF(K$7="SS",詳細設計係数,IF(K$7="PS/PG/PT",製作係数,IF(K$7="IT",結合テスト係数,IF(K$7="ST",総合テスト係数,IF(K$7="OT",受入支援係数,IF(K$7="RL",移行切替係数,IF(K$7="その他",その他係数,0))))))))) * K$8,1) -> 0.4 | L64: =ROUNDUP(IF($E64="画面",画面係数,IF($E64="帳票",帳票係数,IF($E64="バッチ",バッチ係数,0))) * IF($I64="特高",特高係数,IF($I64="高",高係数,IF($I64="中",中係数,IF($I64="低",低係数,IF($I64="特低",特低係数,0))))) * IF(L$7="SA",要件定義係数,IF(L$7="UI",基本設計係数,IF(L$7="SS",詳細設計係数,IF(L$7="PS/PG/PT",製作係数,IF(L$7="IT",結合テスト係数,IF(L$7="ST",総合テスト係数,IF(L$7="OT",受入支援係数,IF(L$7="RL",移行切替係数,IF(L$7="その他",その他係数,0))))))))) * L$8,1) -> 0.5 | M64: =ROUNDUP(IF($E64="画面",画面係数,IF($E64="帳票",帳票係数,IF($E64="バッチ",バッチ係数,0))) * IF($I64="特高",特高係数,IF($I64="高",高係数,IF($I64="中",中係数,IF($I64="低",低係数,IF($I64="特低",特低係数,0))))) * IF(M$7="SA",要件定義係数,IF(M$7="UI",基本設計係数,IF(M$7="SS",詳細設計係数,IF(M$7="PS/PG/PT",製作係数,IF(M$7="IT",結合テスト係数,IF(M$7="ST",総合テスト係数,IF(M$7="OT",受入支援係数,IF(M$7="RL",移行切替係数,IF(M$7="その他",その他係数,0))))))))) * M$8,1) -> 0.8 | N64: =ROUNDUP(IF($E64="画面",画面係数,IF($E64="帳票",帳票係数,IF($E64="バッチ",バッチ係数,0))) * IF($I64="特高",特高係数,IF($I64="高",高係数,IF($I64="中",中係数,IF($I64="低",低係数,IF($I64="特低",特低係数,0))))) * IF(N$7="SA",要件定義係数,IF(N$7="UI",基本設計係数,IF(N$7="SS",詳細設計係数,IF(N$7="PS/PG/PT",製作係数,IF(N$7="IT",結合テスト係数,IF(N$7="ST",総合テスト係数,IF(N$7="OT",受入支援係数,IF(N$7="RL",移行切替係数,IF(N$7="その他",その他係数,0))))))))) * N$8,1) -> 0.5 | O64: =ROUNDUP(IF($E64="画面",画面係数,IF($E64="帳票",帳票係数,IF($E64="バッチ",バッチ係数,0))) * IF($I64="特高",特高係数,IF($I64="高",高係数,IF($I64="中",中係数,IF($I64="低",低係数,IF($I64="特低",特低係数,0))))) * IF(O$7="SA",要件定義係数,IF(O$7="UI",基本設計係数,IF(O$7="SS",詳細設計係数,IF(O$7="PS/PG/PT",製作係数,IF(O$7="IT",結合テスト係数,IF(O$7="ST",総合テスト係数,IF(O$7="OT",受入支援係数,IF(O$7="RL",移行切替係数,IF(O$7="その他",その他係数,0))))))))) * O$8,1) -> 0.4 | P64: =ROUNDUP(IF($E64="画面",画面係数,IF($E64="帳票",帳票係数,IF($E64="バッチ",バッチ係数,0))) * IF($I64="特高",特高係数,IF($I64="高",高係数,IF($I64="中",中係数,IF($I64="低",低係数,IF($I64="特低",特低係数,0))))) * IF(P$7="SA",要件定義係数,IF(P$7="UI",基本設計係数,IF(P$7="SS",詳細設計係数,IF(P$7="PS/PG/PT",製作係数,IF(P$7="IT",結合テスト係数,IF(P$7="ST",総合テスト係数,IF(P$7="OT",受入支援係数,IF(P$7="RL",移行切替係数,IF(P$7="その他",その他係数,0))))))))) * P$8,1) -> 0.2 | Q64: =ROUNDUP(IF($E64="画面",画面係数,IF($E64="帳票",帳票係数,IF($E64="バッチ",バッチ係数,0))) * IF($I64="特高",特高係数,IF($I64="高",高係数,IF($I64="中",中係数,IF($I64="低",低係数,IF($I64="特低",特低係数,0))))) * IF(Q$7="SA",要件定義係数,IF(Q$7="UI",基本設計係数,IF(Q$7="SS",詳細設計係数,IF(Q$7="PS/PG/PT",製作係数,IF(Q$7="IT",結合テスト係数,IF(Q$7="ST",総合テスト係数,IF(Q$7="OT",受入支援係数,IF(Q$7="RL",移行切替係数,IF(Q$7="その他",その他係数,0))))))))) * Q$8,1) -> 0.4 | R64: =ROUNDUP(IF($E64="画面",画面係数,IF($E64="帳票",帳票係数,IF($E64="バッチ",バッチ係数,0))) * IF($I64="特高",特高係数,IF($I64="高",高係数,IF($I64="中",中係数,IF($I64="低",低係数,IF($I64="特低",特低係数,0))))) * IF(R$7="SA",要件定義係数,IF(R$7="UI",基本設計係数,IF(R$7="SS",詳細設計係数,IF(R$7="PS/PG/PT",製作係数,IF(R$7="IT",結合テスト係数,IF(R$7="ST",総合テスト係数,IF(R$7="OT",受入支援係数,IF(R$7="RL",移行切替係数,IF(R$7="その他",その他係数,0))))))))) * R$8,1) -> 0 | T64: =ROUNDUP(SUM(J64:S64)*T$8,1) -> 0.6 | U64: =SUM(J64:T64) -> 4.2 | V64: =U64/20 -> 0.21 | W64: =((J64*J$9) + (K64*K$9) + (L64*L$9) + (M64*M$9) + (N64*N$9) + (O64*O$9) + (P64*P$9) + (Q64*Q$9) + (R64*R$9) + (S64*S$9) + (T64*T$9))/20 -> 222000
A65: =ROW()-9 -> 56 | B65: PG | C65: プロセス監視 | D65: D:\skhoksei\App\Sougyou\bin\EAI_LOG_WATCH.exe | E65: バッチ | I65: 中 | J65: =ROUNDUP(IF($E65="画面",画面係数,IF($E65="帳票",帳票係数,IF($E65="バッチ",バッチ係数,0))) * IF($I65="特高",特高係数,IF($I65="高",高係数,IF($I65="中",中係数,IF($I65="低",低係数,IF($I65="特低",特低係数,0))))) * IF(J$7="SA",要件定義係数,IF(J$7="UI",基本設計係数,IF(J$7="SS",詳細設計係数,IF(J$7="PS/PG/PT",製作係数,IF(J$7="IT",結合テスト係数,IF(J$7="ST",総合テスト係数,IF(J$7="OT",受入支援係数,IF(J$7="RL",移行切替係数,IF(J$7="その他",その他係数,0))))))))) * J$8,1) -> 0.6 | K65: =ROUNDUP(IF($E65="画面",画面係数,IF($E65="帳票",帳票係数,IF($E65="バッチ",バッチ係数,0))) * IF($I65="特高",特高係数,IF($I65="高",高係数,IF($I65="中",中係数,IF($I65="低",低係数,IF($I65="特低",特低係数,0))))) * IF(K$7="SA",要件定義係数,IF(K$7="UI",基本設計係数,IF(K$7="SS",詳細設計係数,IF(K$7="PS/PG/PT",製作係数,IF(K$7="IT",結合テスト係数,IF(K$7="ST",総合テスト係数,IF(K$7="OT",受入支援係数,IF(K$7="RL",移行切替係数,IF(K$7="その他",その他係数,0))))))))) * K$8,1) -> 0.7 | L65: =ROUNDUP(IF($E65="画面",画面係数,IF($E65="帳票",帳票係数,IF($E65="バッチ",バッチ係数,0))) * IF($I65="特高",特高係数,IF($I65="高",高係数,IF($I65="中",中係数,IF($I65="低",低係数,IF($I65="特低",特低係数,0))))) * IF(L$7="SA",要件定義係数,IF(L$7="UI",基本設計係数,IF(L$7="SS",詳細設計係数,IF(L$7="PS/PG/PT",製作係数,IF(L$7="IT",結合テスト係数,IF(L$7="ST",総合テスト係数,IF(L$7="OT",受入支援係数,IF(L$7="RL",移行切替係数,IF(L$7="その他",その他係数,0))))))))) * L$8,1) -> 0.7 | M65: =ROUNDUP(IF($E65="画面",画面係数,IF($E65="帳票",帳票係数,IF($E65="バッチ",バッチ係数,0))) * IF($I65="特高",特高係数,IF($I65="高",高係数,IF($I65="中",中係数,IF($I65="低",低係数,IF($I65="特低",特低係数,0))))) * IF(M$7="SA",要件定義係数,IF(M$7="UI",基本設計係数,IF(M$7="SS",詳細設計係数,IF(M$7="PS/PG/PT",製作係数,IF(M$7="IT",結合テスト係数,IF(M$7="ST",総合テスト係数,IF(M$7="OT",受入支援係数,IF(M$7="RL",移行切替係数,IF(M$7="その他",その他係数,0))))))))) * M$8,1) -> 1.3 | N65: =ROUNDUP(IF($E65="画面",画面係数,IF($E65="帳票",帳票係数,IF($E65="バッチ",バッチ係数,0))) * IF($I65="特高",特高係数,IF($I65="高",高係数,IF($I65="中",中係数,IF($I65="低",低係数,IF($I65="特低",特低係数,0))))) * IF(N$7="SA",要件定義係数,IF(N$7="UI",基本設計係数,IF(N$7="SS",詳細設計係数,IF(N$7="PS/PG/PT",製作係数,IF(N$7="IT",結合テスト係数,IF(N$7="ST",総合テスト係数,IF(N$7="OT",受入支援係数,IF(N$7="RL",移行切替係数,IF(N$7="その他",その他係数,0))))))))) * N$8,1) -> 0.8 | O65: =ROUNDUP(IF($E65="画面",画面係数,IF($E65="帳票",帳票係数,IF($E65="バッチ",バッチ係数,0))) * IF($I65="特高",特高係数,IF($I65="高",高係数,IF($I65="中",中係数,IF($I65="低",低係数,IF($I65="特低",特低係数,0))))) * IF(O$7="SA",要件定義係数,IF(O$7="UI",基本設計係数,IF(O$7="SS",詳細設計係数,IF(O$7="PS/PG/PT",製作係数,IF(O$7="IT",結合テスト係数,IF(O$7="ST",総合テスト係数,IF(O$7="OT",受入支援係数,IF(O$7="RL",移行切替係数,IF(O$7="その他",その他係数,0))))))))) * O$8,1) -> 0.6 | P65: =ROUNDUP(IF($E65="画面",画面係数,IF($E65="帳票",帳票係数,IF($E65="バッチ",バッチ係数,0))) * IF($I65="特高",特高係数,IF($I65="高",高係数,IF($I65="中",中係数,IF($I65="低",低係数,IF($I65="特低",特低係数,0))))) * IF(P$7="SA",要件定義係数,IF(P$7="UI",基本設計係数,IF(P$7="SS",詳細設計係数,IF(P$7="PS/PG/PT",製作係数,IF(P$7="IT",結合テスト係数,IF(P$7="ST",総合テスト係数,IF(P$7="OT",受入支援係数,IF(P$7="RL",移行切替係数,IF(P$7="その他",その他係数,0))))))))) * P$8,1) -> 0.2 | Q65: =ROUNDUP(IF($E65="画面",画面係数,IF($E65="帳票",帳票係数,IF($E65="バッチ",バッチ係数,0))) * IF($I65="特高",特高係数,IF($I65="高",高係数,IF($I65="中",中係数,IF($I65="低",低係数,IF($I65="特低",特低係数,0))))) * IF(Q$7="SA",要件定義係数,IF(Q$7="UI",基本設計係数,IF(Q$7="SS",詳細設計係数,IF(Q$7="PS/PG/PT",製作係数,IF(Q$7="IT",結合テスト係数,IF(Q$7="ST",総合テスト係数,IF(Q$7="OT",受入支援係数,IF(Q$7="RL",移行切替係数,IF(Q$7="その他",その他係数,0))))))))) * Q$8,1) -> 0.6 | R65: =ROUNDUP(IF($E65="画面",画面係数,IF($E65="帳票",帳票係数,IF($E65="バッチ",バッチ係数,0))) * IF($I65="特高",特高係数,IF($I65="高",高係数,IF($I65="中",中係数,IF($I65="低",低係数,IF($I65="特低",特低係数,0))))) * IF(R$7="SA",要件定義係数,IF(R$7="UI",基本設計係数,IF(R$7="SS",詳細設計係数,IF(R$7="PS/PG/PT",製作係数,IF(R$7="IT",結合テスト係数,IF(R$7="ST",総合テスト係数,IF(R$7="OT",受入支援係数,IF(R$7="RL",移行切替係数,IF(R$7="その他",その他係数,0))))))))) * R$8,1) -> 0 | T65: =ROUNDUP(SUM(J65:S65)*T$8,1) -> 0.9 | U65: =SUM(J65:T65) -> 6.4 | V65: =U65/20 -> 0.32 | W65: =((J65*J$9) + (K65*K$9) + (L65*L$9) + (M65*M$9) + (N65*N$9) + (O65*O$9) + (P65*P$9) + (Q65*Q$9) + (R65*R$9) + (S65*S$9) + (T65*T$9))/20 -> 338000
A66: =ROW()-9 -> 57 | B66: PG | C66: ディス容量チェック | D66: D:\Common\ChkDiskFree\ChkDiskFree.exe | E66: バッチ | I66: 低 | J66: =ROUNDUP(IF($E66="画面",画面係数,IF($E66="帳票",帳票係数,IF($E66="バッチ",バッチ係数,0))) * IF($I66="特高",特高係数,IF($I66="高",高係数,IF($I66="中",中係数,IF($I66="低",低係数,IF($I66="特低",特低係数,0))))) * IF(J$7="SA",要件定義係数,IF(J$7="UI",基本設計係数,IF(J$7="SS",詳細設計係数,IF(J$7="PS/PG/PT",製作係数,IF(J$7="IT",結合テスト係数,IF(J$7="ST",総合テスト係数,IF(J$7="OT",受入支援係数,IF(J$7="RL",移行切替係数,IF(J$7="その他",その他係数,0))))))))) * J$8,1) -> 0.4 | K66: =ROUNDUP(IF($E66="画面",画面係数,IF($E66="帳票",帳票係数,IF($E66="バッチ",バッチ係数,0))) * IF($I66="特高",特高係数,IF($I66="高",高係数,IF($I66="中",中係数,IF($I66="低",低係数,IF($I66="特低",特低係数,0))))) * IF(K$7="SA",要件定義係数,IF(K$7="UI",基本設計係数,IF(K$7="SS",詳細設計係数,IF(K$7="PS/PG/PT",製作係数,IF(K$7="IT",結合テスト係数,IF(K$7="ST",総合テスト係数,IF(K$7="OT",受入支援係数,IF(K$7="RL",移行切替係数,IF(K$7="その他",その他係数,0))))))))) * K$8,1) -> 0.4 | L66: =ROUNDUP(IF($E66="画面",画面係数,IF($E66="帳票",帳票係数,IF($E66="バッチ",バッチ係数,0))) * IF($I66="特高",特高係数,IF($I66="高",高係数,IF($I66="中",中係数,IF($I66="低",低係数,IF($I66="特低",特低係数,0))))) * IF(L$7="SA",要件定義係数,IF(L$7="UI",基本設計係数,IF(L$7="SS",詳細設計係数,IF(L$7="PS/PG/PT",製作係数,IF(L$7="IT",結合テスト係数,IF(L$7="ST",総合テスト係数,IF(L$7="OT",受入支援係数,IF(L$7="RL",移行切替係数,IF(L$7="その他",その他係数,0))))))))) * L$8,1) -> 0.5 | M66: =ROUNDUP(IF($E66="画面",画面係数,IF($E66="帳票",帳票係数,IF($E66="バッチ",バッチ係数,0))) * IF($I66="特高",特高係数,IF($I66="高",高係数,IF($I66="中",中係数,IF($I66="低",低係数,IF($I66="特低",特低係数,0))))) * IF(M$7="SA",要件定義係数,IF(M$7="UI",基本設計係数,IF(M$7="SS",詳細設計係数,IF(M$7="PS/PG/PT",製作係数,IF(M$7="IT",結合テスト係数,IF(M$7="ST",総合テスト係数,IF(M$7="OT",受入支援係数,IF(M$7="RL",移行切替係数,IF(M$7="その他",その他係数,0))))))))) * M$8,1) -> 0.8 | N66: =ROUNDUP(IF($E66="画面",画面係数,IF($E66="帳票",帳票係数,IF($E66="バッチ",バッチ係数,0))) * IF($I66="特高",特高係数,IF($I66="高",高係数,IF($I66="中",中係数,IF($I66="低",低係数,IF($I66="特低",特低係数,0))))) * IF(N$7="SA",要件定義係数,IF(N$7="UI",基本設計係数,IF(N$7="SS",詳細設計係数,IF(N$7="PS/PG/PT",製作係数,IF(N$7="IT",結合テスト係数,IF(N$7="ST",総合テスト係数,IF(N$7="OT",受入支援係数,IF(N$7="RL",移行切替係数,IF(N$7="その他",その他係数,0))))))))) * N$8,1) -> 0.5 | O66: =ROUNDUP(IF($E66="画面",画面係数,IF($E66="帳票",帳票係数,IF($E66="バッチ",バッチ係数,0))) * IF($I66="特高",特高係数,IF($I66="高",高係数,IF($I66="中",中係数,IF($I66="低",低係数,IF($I66="特低",特低係数,0))))) * IF(O$7="SA",要件定義係数,IF(O$7="UI",基本設計係数,IF(O$7="SS",詳細設計係数,IF(O$7="PS/PG/PT",製作係数,IF(O$7="IT",結合テスト係数,IF(O$7="ST",総合テスト係数,IF(O$7="OT",受入支援係数,IF(O$7="RL",移行切替係数,IF(O$7="その他",その他係数,0))))))))) * O$8,1) -> 0.4 | P66: =ROUNDUP(IF($E66="画面",画面係数,IF($E66="帳票",帳票係数,IF($E66="バッチ",バッチ係数,0))) * IF($I66="特高",特高係数,IF($I66="高",高係数,IF($I66="中",中係数,IF($I66="低",低係数,IF($I66="特低",特低係数,0))))) * IF(P$7="SA",要件定義係数,IF(P$7="UI",基本設計係数,IF(P$7="SS",詳細設計係数,IF(P$7="PS/PG/PT",製作係数,IF(P$7="IT",結合テスト係数,IF(P$7="ST",総合テスト係数,IF(P$7="OT",受入支援係数,IF(P$7="RL",移行切替係数,IF(P$7="その他",その他係数,0))))))))) * P$8,1) -> 0.2 | Q66: =ROUNDUP(IF($E66="画面",画面係数,IF($E66="帳票",帳票係数,IF($E66="バッチ",バッチ係数,0))) * IF($I66="特高",特高係数,IF($I66="高",高係数,IF($I66="中",中係数,IF($I66="低",低係数,IF($I66="特低",特低係数,0))))) * IF(Q$7="SA",要件定義係数,IF(Q$7="UI",基本設計係数,IF(Q$7="SS",詳細設計係数,IF(Q$7="PS/PG/PT",製作係数,IF(Q$7="IT",結合テスト係数,IF(Q$7="ST",総合テスト係数,IF(Q$7="OT",受入支援係数,IF(Q$7="RL",移行切替係数,IF(Q$7="その他",その他係数,0))))))))) * Q$8,1) -> 0.4 | R66: =ROUNDUP(IF($E66="画面",画面係数,IF($E66="帳票",帳票係数,IF($E66="バッチ",バッチ係数,0))) * IF($I66="特高",特高係数,IF($I66="高",高係数,IF($I66="中",中係数,IF($I66="低",低係数,IF($I66="特低",特低係数,0))))) * IF(R$7="SA",要件定義係数,IF(R$7="UI",基本設計係数,IF(R$7="SS",詳細設計係数,IF(R$7="PS/PG/PT",製作係数,IF(R$7="IT",結合テスト係数,IF(R$7="ST",総合テスト係数,IF(R$7="OT",受入支援係数,IF(R$7="RL",移行切替係数,IF(R$7="その他",その他係数,0))))))))) * R$8,1) -> 0 | T66: =ROUNDUP(SUM(J66:S66)*T$8,1) -> 0.6 | U66: =SUM(J66:T66) -> 4.2 | V66: =U66/20 -> 0.21 | W66: =((J66*J$9) + (K66*K$9) + (L66*L$9) + (M66*M$9) + (N66*N$9) + (O66*O$9) + (P66*P$9) + (Q66*Q$9) + (R66*R$9) + (S66*S$9) + (T66*T$9))/20 -> 222000
A67: =ROW()-9 -> 58 | B67: PG | C67: TAGデータ取込み | D67: D:\skhoksei\App\Common\user\tjy_tag_dat.bat | E67: バッチ | I67: 低 | J67: =ROUNDUP(IF($E67="画面",画面係数,IF($E67="帳票",帳票係数,IF($E67="バッチ",バッチ係数,0))) * IF($I67="特高",特高係数,IF($I67="高",高係数,IF($I67="中",中係数,IF($I67="低",低係数,IF($I67="特低",特低係数,0))))) * IF(J$7="SA",要件定義係数,IF(J$7="UI",基本設計係数,IF(J$7="SS",詳細設計係数,IF(J$7="PS/PG/PT",製作係数,IF(J$7="IT",結合テスト係数,IF(J$7="ST",総合テスト係数,IF(J$7="OT",受入支援係数,IF(J$7="RL",移行切替係数,IF(J$7="その他",その他係数,0))))))))) * J$8,1) -> 0.4 | K67: =ROUNDUP(IF($E67="画面",画面係数,IF($E67="帳票",帳票係数,IF($E67="バッチ",バッチ係数,0))) * IF($I67="特高",特高係数,IF($I67="高",高係数,IF($I67="中",中係数,IF($I67="低",低係数,IF($I67="特低",特低係数,0))))) * IF(K$7="SA",要件定義係数,IF(K$7="UI",基本設計係数,IF(K$7="SS",詳細設計係数,IF(K$7="PS/PG/PT",製作係数,IF(K$7="IT",結合テスト係数,IF(K$7="ST",総合テスト係数,IF(K$7="OT",受入支援係数,IF(K$7="RL",移行切替係数,IF(K$7="その他",その他係数,0))))))))) * K$8,1) -> 0.4 | L67: =ROUNDUP(IF($E67="画面",画面係数,IF($E67="帳票",帳票係数,IF($E67="バッチ",バッチ係数,0))) * IF($I67="特高",特高係数,IF($I67="高",高係数,IF($I67="中",中係数,IF($I67="低",低係数,IF($I67="特低",特低係数,0))))) * IF(L$7="SA",要件定義係数,IF(L$7="UI",基本設計係数,IF(L$7="SS",詳細設計係数,IF(L$7="PS/PG/PT",製作係数,IF(L$7="IT",結合テスト係数,IF(L$7="ST",総合テスト係数,IF(L$7="OT",受入支援係数,IF(L$7="RL",移行切替係数,IF(L$7="その他",その他係数,0))))))))) * L$8,1) -> 0.5 | M67: =ROUNDUP(IF($E67="画面",画面係数,IF($E67="帳票",帳票係数,IF($E67="バッチ",バッチ係数,0))) * IF($I67="特高",特高係数,IF($I67="高",高係数,IF($I67="中",中係数,IF($I67="低",低係数,IF($I67="特低",特低係数,0))))) * IF(M$7="SA",要件定義係数,IF(M$7="UI",基本設計係数,IF(M$7="SS",詳細設計係数,IF(M$7="PS/PG/PT",製作係数,IF(M$7="IT",結合テスト係数,IF(M$7="ST",総合テスト係数,IF(M$7="OT",受入支援係数,IF(M$7="RL",移行切替係数,IF(M$7="その他",その他係数,0))))))))) * M$8,1) -> 0.8 | N67: =ROUNDUP(IF($E67="画面",画面係数,IF($E67="帳票",帳票係数,IF($E67="バッチ",バッチ係数,0))) * IF($I67="特高",特高係数,IF($I67="高",高係数,IF($I67="中",中係数,IF($I67="低",低係数,IF($I67="特低",特低係数,0))))) * IF(N$7="SA",要件定義係数,IF(N$7="UI",基本設計係数,IF(N$7="SS",詳細設計係数,IF(N$7="PS/PG/PT",製作係数,IF(N$7="IT",結合テスト係数,IF(N$7="ST",総合テスト係数,IF(N$7="OT",受入支援係数,IF(N$7="RL",移行切替係数,IF(N$7="その他",その他係数,0))))))))) * N$8,1) -> 0.5 | O67: =ROUNDUP(IF($E67="画面",画面係数,IF($E67="帳票",帳票係数,IF($E67="バッチ",バッチ係数,0))) * IF($I67="特高",特高係数,IF($I67="高",高係数,IF($I67="中",中係数,IF($I67="低",低係数,IF($I67="特低",特低係数,0))))) * IF(O$7="SA",要件定義係数,IF(O$7="UI",基本設計係数,IF(O$7="SS",詳細設計係数,IF(O$7="PS/PG/PT",製作係数,IF(O$7="IT",結合テスト係数,IF(O$7="ST",総合テスト係数,IF(O$7="OT",受入支援係数,IF(O$7="RL",移行切替係数,IF(O$7="その他",その他係数,0))))))))) * O$8,1) -> 0.4 | P67: =ROUNDUP(IF($E67="画面",画面係数,IF($E67="帳票",帳票係数,IF($E67="バッチ",バッチ係数,0))) * IF($I67="特高",特高係数,IF($I67="高",高係数,IF($I67="中",中係数,IF($I67="低",低係数,IF($I67="特低",特低係数,0))))) * IF(P$7="SA",要件定義係数,IF(P$7="UI",基本設計係数,IF(P$7="SS",詳細設計係数,IF(P$7="PS/PG/PT",製作係数,IF(P$7="IT",結合テスト係数,IF(P$7="ST",総合テスト係数,IF(P$7="OT",受入支援係数,IF(P$7="RL",移行切替係数,IF(P$7="その他",その他係数,0))))))))) * P$8,1) -> 0.2 | Q67: =ROUNDUP(IF($E67="画面",画面係数,IF($E67="帳票",帳票係数,IF($E67="バッチ",バッチ係数,0))) * IF($I67="特高",特高係数,IF($I67="高",高係数,IF($I67="中",中係数,IF($I67="低",低係数,IF($I67="特低",特低係数,0))))) * IF(Q$7="SA",要件定義係数,IF(Q$7="UI",基本設計係数,IF(Q$7="SS",詳細設計係数,IF(Q$7="PS/PG/PT",製作係数,IF(Q$7="IT",結合テスト係数,IF(Q$7="ST",総合テスト係数,IF(Q$7="OT",受入支援係数,IF(Q$7="RL",移行切替係数,IF(Q$7="その他",その他係数,0))))))))) * Q$8,1) -> 0.4 | R67: =ROUNDUP(IF($E67="画面",画面係数,IF($E67="帳票",帳票係数,IF($E67="バッチ",バッチ係数,0))) * IF($I67="特高",特高係数,IF($I67="高",高係数,IF($I67="中",中係数,IF($I67="低",低係数,IF($I67="特低",特低係数,0))))) * IF(R$7="SA",要件定義係数,IF(R$7="UI",基本設計係数,IF(R$7="SS",詳細設計係数,IF(R$7="PS/PG/PT",製作係数,IF(R$7="IT",結合テスト係数,IF(R$7="ST",総合テスト係数,IF(R$7="OT",受入支援係数,IF(R$7="RL",移行切替係数,IF(R$7="その他",その他係数,0))))))))) * R$8,1) -> 0 | T67: =ROUNDUP(SUM(J67:S67)*T$8,1) -> 0.6 | U67: =SUM(J67:T67) -> 4.2 | V67: =U67/20 -> 0.21 | W67: =((J67*J$9) + (K67*K$9) + (L67*L$9) + (M67*M$9) + (N67*N$9) + (O67*O$9) + (P67*P$9) + (Q67*Q$9) + (R67*R$9) + (S67*S$9) + (T67*T$9))/20 -> 222000
A68: =ROW()-9 -> 59 | B68: PG | C68: 油種集計 | D68: D:\skhoksei\App\Common\user\YUSYU_SYUUKEI.cmd | E68: バッチ | I68: 低 | J68: =ROUNDUP(IF($E68="画面",画面係数,IF($E68="帳票",帳票係数,IF($E68="バッチ",バッチ係数,0))) * IF($I68="特高",特高係数,IF($I68="高",高係数,IF($I68="中",中係数,IF($I68="低",低係数,IF($I68="特低",特低係数,0))))) * IF(J$7="SA",要件定義係数,IF(J$7="UI",基本設計係数,IF(J$7="SS",詳細設計係数,IF(J$7="PS/PG/PT",製作係数,IF(J$7="IT",結合テスト係数,IF(J$7="ST",総合テスト係数,IF(J$7="OT",受入支援係数,IF(J$7="RL",移行切替係数,IF(J$7="その他",その他係数,0))))))))) * J$8,1) -> 0.4 | K68: =ROUNDUP(IF($E68="画面",画面係数,IF($E68="帳票",帳票係数,IF($E68="バッチ",バッチ係数,0))) * IF($I68="特高",特高係数,IF($I68="高",高係数,IF($I68="中",中係数,IF($I68="低",低係数,IF($I68="特低",特低係数,0))))) * IF(K$7="SA",要件定義係数,IF(K$7="UI",基本設計係数,IF(K$7="SS",詳細設計係数,IF(K$7="PS/PG/PT",製作係数,IF(K$7="IT",結合テスト係数,IF(K$7="ST",総合テスト係数,IF(K$7="OT",受入支援係数,IF(K$7="RL",移行切替係数,IF(K$7="その他",その他係数,0))))))))) * K$8,1) -> 0.4 | L68: =ROUNDUP(IF($E68="画面",画面係数,IF($E68="帳票",帳票係数,IF($E68="バッチ",バッチ係数,0))) * IF($I68="特高",特高係数,IF($I68="高",高係数,IF($I68="中",中係数,IF($I68="低",低係数,IF($I68="特低",特低係数,0))))) * IF(L$7="SA",要件定義係数,IF(L$7="UI",基本設計係数,IF(L$7="SS",詳細設計係数,IF(L$7="PS/PG/PT",製作係数,IF(L$7="IT",結合テスト係数,IF(L$7="ST",総合テスト係数,IF(L$7="OT",受入支援係数,IF(L$7="RL",移行切替係数,IF(L$7="その他",その他係数,0))))))))) * L$8,1) -> 0.5 | M68: =ROUNDUP(IF($E68="画面",画面係数,IF($E68="帳票",帳票係数,IF($E68="バッチ",バッチ係数,0))) * IF($I68="特高",特高係数,IF($I68="高",高係数,IF($I68="中",中係数,IF($I68="低",低係数,IF($I68="特低",特低係数,0))))) * IF(M$7="SA",要件定義係数,IF(M$7="UI",基本設計係数,IF(M$7="SS",詳細設計係数,IF(M$7="PS/PG/PT",製作係数,IF(M$7="IT",結合テスト係数,IF(M$7="ST",総合テスト係数,IF(M$7="OT",受入支援係数,IF(M$7="RL",移行切替係数,IF(M$7="その他",その他係数,0))))))))) * M$8,1) -> 0.8 | N68: =ROUNDUP(IF($E68="画面",画面係数,IF($E68="帳票",帳票係数,IF($E68="バッチ",バッチ係数,0))) * IF($I68="特高",特高係数,IF($I68="高",高係数,IF($I68="中",中係数,IF($I68="低",低係数,IF($I68="特低",特低係数,0))))) * IF(N$7="SA",要件定義係数,IF(N$7="UI",基本設計係数,IF(N$7="SS",詳細設計係数,IF(N$7="PS/PG/PT",製作係数,IF(N$7="IT",結合テスト係数,IF(N$7="ST",総合テスト係数,IF(N$7="OT",受入支援係数,IF(N$7="RL",移行切替係数,IF(N$7="その他",その他係数,0))))))))) * N$8,1) -> 0.5 | O68: =ROUNDUP(IF($E68="画面",画面係数,IF($E68="帳票",帳票係数,IF($E68="バッチ",バッチ係数,0))) * IF($I68="特高",特高係数,IF($I68="高",高係数,IF($I68="中",中係数,IF($I68="低",低係数,IF($I68="特低",特低係数,0))))) * IF(O$7="SA",要件定義係数,IF(O$7="UI",基本設計係数,IF(O$7="SS",詳細設計係数,IF(O$7="PS/PG/PT",製作係数,IF(O$7="IT",結合テスト係数,IF(O$7="ST",総合テスト係数,IF(O$7="OT",受入支援係数,IF(O$7="RL",移行切替係数,IF(O$7="その他",その他係数,0))))))))) * O$8,1) -> 0.4 | P68: =ROUNDUP(IF($E68="画面",画面係数,IF($E68="帳票",帳票係数,IF($E68="バッチ",バッチ係数,0))) * IF($I68="特高",特高係数,IF($I68="高",高係数,IF($I68="中",中係数,IF($I68="低",低係数,IF($I68="特低",特低係数,0))))) * IF(P$7="SA",要件定義係数,IF(P$7="UI",基本設計係数,IF(P$7="SS",詳細設計係数,IF(P$7="PS/PG/PT",製作係数,IF(P$7="IT",結合テスト係数,IF(P$7="ST",総合テスト係数,IF(P$7="OT",受入支援係数,IF(P$7="RL",移行切替係数,IF(P$7="その他",その他係数,0))))))))) * P$8,1) -> 0.2 | Q68: =ROUNDUP(IF($E68="画面",画面係数,IF($E68="帳票",帳票係数,IF($E68="バッチ",バッチ係数,0))) * IF($I68="特高",特高係数,IF($I68="高",高係数,IF($I68="中",中係数,IF($I68="低",低係数,IF($I68="特低",特低係数,0))))) * IF(Q$7="SA",要件定義係数,IF(Q$7="UI",基本設計係数,IF(Q$7="SS",詳細設計係数,IF(Q$7="PS/PG/PT",製作係数,IF(Q$7="IT",結合テスト係数,IF(Q$7="ST",総合テスト係数,IF(Q$7="OT",受入支援係数,IF(Q$7="RL",移行切替係数,IF(Q$7="その他",その他係数,0))))))))) * Q$8,1) -> 0.4 | R68: =ROUNDUP(IF($E68="画面",画面係数,IF($E68="帳票",帳票係数,IF($E68="バッチ",バッチ係数,0))) * IF($I68="特高",特高係数,IF($I68="高",高係数,IF($I68="中",中係数,IF($I68="低",低係数,IF($I68="特低",特低係数,0))))) * IF(R$7="SA",要件定義係数,IF(R$7="UI",基本設計係数,IF(R$7="SS",詳細設計係数,IF(R$7="PS/PG/PT",製作係数,IF(R$7="IT",結合テスト係数,IF(R$7="ST",総合テスト係数,IF(R$7="OT",受入支援係数,IF(R$7="RL",移行切替係数,IF(R$7="その他",その他係数,0))))))))) * R$8,1) -> 0 | T68: =ROUNDUP(SUM(J68:S68)*T$8,1) -> 0.6 | U68: =SUM(J68:T68) -> 4.2 | V68: =U68/20 -> 0.21 | W68: =((J68*J$9) + (K68*K$9) + (L68*L$9) + (M68*M$9) + (N68*N$9) + (O68*O$9) + (P68*P$9) + (Q68*Q$9) + (R68*R$9) + (S68*S$9) + (T68*T$9))/20 -> 222000
A69: =ROW()-9 -> 60 | B69: PG | C69: マテリアライズドビューリフレッシュ | D69: snapshot.bat | E69: バッチ | I69: 低 | J69: =ROUNDUP(IF($E69="画面",画面係数,IF($E69="帳票",帳票係数,IF($E69="バッチ",バッチ係数,0))) * IF($I69="特高",特高係数,IF($I69="高",高係数,IF($I69="中",中係数,IF($I69="低",低係数,IF($I69="特低",特低係数,0))))) * IF(J$7="SA",要件定義係数,IF(J$7="UI",基本設計係数,IF(J$7="SS",詳細設計係数,IF(J$7="PS/PG/PT",製作係数,IF(J$7="IT",結合テスト係数,IF(J$7="ST",総合テスト係数,IF(J$7="OT",受入支援係数,IF(J$7="RL",移行切替係数,IF(J$7="その他",その他係数,0))))))))) * J$8,1) -> 0.4 | K69: =ROUNDUP(IF($E69="画面",画面係数,IF($E69="帳票",帳票係数,IF($E69="バッチ",バッチ係数,0))) * IF($I69="特高",特高係数,IF($I69="高",高係数,IF($I69="中",中係数,IF($I69="低",低係数,IF($I69="特低",特低係数,0))))) * IF(K$7="SA",要件定義係数,IF(K$7="UI",基本設計係数,IF(K$7="SS",詳細設計係数,IF(K$7="PS/PG/PT",製作係数,IF(K$7="IT",結合テスト係数,IF(K$7="ST",総合テスト係数,IF(K$7="OT",受入支援係数,IF(K$7="RL",移行切替係数,IF(K$7="その他",その他係数,0))))))))) * K$8,1) -> 0.4 | L69: =ROUNDUP(IF($E69="画面",画面係数,IF($E69="帳票",帳票係数,IF($E69="バッチ",バッチ係数,0))) * IF($I69="特高",特高係数,IF($I69="高",高係数,IF($I69="中",中係数,IF($I69="低",低係数,IF($I69="特低",特低係数,0))))) * IF(L$7="SA",要件定義係数,IF(L$7="UI",基本設計係数,IF(L$7="SS",詳細設計係数,IF(L$7="PS/PG/PT",製作係数,IF(L$7="IT",結合テスト係数,IF(L$7="ST",総合テスト係数,IF(L$7="OT",受入支援係数,IF(L$7="RL",移行切替係数,IF(L$7="その他",その他係数,0))))))))) * L$8,1) -> 0.5 | M69: =ROUNDUP(IF($E69="画面",画面係数,IF($E69="帳票",帳票係数,IF($E69="バッチ",バッチ係数,0))) * IF($I69="特高",特高係数,IF($I69="高",高係数,IF($I69="中",中係数,IF($I69="低",低係数,IF($I69="特低",特低係数,0))))) * IF(M$7="SA",要件定義係数,IF(M$7="UI",基本設計係数,IF(M$7="SS",詳細設計係数,IF(M$7="PS/PG/PT",製作係数,IF(M$7="IT",結合テスト係数,IF(M$7="ST",総合テスト係数,IF(M$7="OT",受入支援係数,IF(M$7="RL",移行切替係数,IF(M$7="その他",その他係数,0))))))))) * M$8,1) -> 0.8 | N69: =ROUNDUP(IF($E69="画面",画面係数,IF($E69="帳票",帳票係数,IF($E69="バッチ",バッチ係数,0))) * IF($I69="特高",特高係数,IF($I69="高",高係数,IF($I69="中",中係数,IF($I69="低",低係数,IF($I69="特低",特低係数,0))))) * IF(N$7="SA",要件定義係数,IF(N$7="UI",基本設計係数,IF(N$7="SS",詳細設計係数,IF(N$7="PS/PG/PT",製作係数,IF(N$7="IT",結合テスト係数,IF(N$7="ST",総合テスト係数,IF(N$7="OT",受入支援係数,IF(N$7="RL",移行切替係数,IF(N$7="その他",その他係数,0))))))))) * N$8,1) -> 0.5 | O69: =ROUNDUP(IF($E69="画面",画面係数,IF($E69="帳票",帳票係数,IF($E69="バッチ",バッチ係数,0))) * IF($I69="特高",特高係数,IF($I69="高",高係数,IF($I69="中",中係数,IF($I69="低",低係数,IF($I69="特低",特低係数,0))))) * IF(O$7="SA",要件定義係数,IF(O$7="UI",基本設計係数,IF(O$7="SS",詳細設計係数,IF(O$7="PS/PG/PT",製作係数,IF(O$7="IT",結合テスト係数,IF(O$7="ST",総合テスト係数,IF(O$7="OT",受入支援係数,IF(O$7="RL",移行切替係数,IF(O$7="その他",その他係数,0))))))))) * O$8,1) -> 0.4 | P69: =ROUNDUP(IF($E69="画面",画面係数,IF($E69="帳票",帳票係数,IF($E69="バッチ",バッチ係数,0))) * IF($I69="特高",特高係数,IF($I69="高",高係数,IF($I69="中",中係数,IF($I69="低",低係数,IF($I69="特低",特低係数,0))))) * IF(P$7="SA",要件定義係数,IF(P$7="UI",基本設計係数,IF(P$7="SS",詳細設計係数,IF(P$7="PS/PG/PT",製作係数,IF(P$7="IT",結合テスト係数,IF(P$7="ST",総合テスト係数,IF(P$7="OT",受入支援係数,IF(P$7="RL",移行切替係数,IF(P$7="その他",その他係数,0))))))))) * P$8,1) -> 0.2 | Q69: =ROUNDUP(IF($E69="画面",画面係数,IF($E69="帳票",帳票係数,IF($E69="バッチ",バッチ係数,0))) * IF($I69="特高",特高係数,IF($I69="高",高係数,IF($I69="中",中係数,IF($I69="低",低係数,IF($I69="特低",特低係数,0))))) * IF(Q$7="SA",要件定義係数,IF(Q$7="UI",基本設計係数,IF(Q$7="SS",詳細設計係数,IF(Q$7="PS/PG/PT",製作係数,IF(Q$7="IT",結合テスト係数,IF(Q$7="ST",総合テスト係数,IF(Q$7="OT",受入支援係数,IF(Q$7="RL",移行切替係数,IF(Q$7="その他",その他係数,0))))))))) * Q$8,1) -> 0.4 | R69: =ROUNDUP(IF($E69="画面",画面係数,IF($E69="帳票",帳票係数,IF($E69="バッチ",バッチ係数,0))) * IF($I69="特高",特高係数,IF($I69="高",高係数,IF($I69="中",中係数,IF($I69="低",低係数,IF($I69="特低",特低係数,0))))) * IF(R$7="SA",要件定義係数,IF(R$7="UI",基本設計係数,IF(R$7="SS",詳細設計係数,IF(R$7="PS/PG/PT",製作係数,IF(R$7="IT",結合テスト係数,IF(R$7="ST",総合テスト係数,IF(R$7="OT",受入支援係数,IF(R$7="RL",移行切替係数,IF(R$7="その他",その他係数,0))))))))) * R$8,1) -> 0 | T69: =ROUNDUP(SUM(J69:S69)*T$8,1) -> 0.6 | U69: =SUM(J69:T69) -> 4.2 | V69: =U69/20 -> 0.21 | W69: =((J69*J$9) + (K69*K$9) + (L69*L$9) + (M69*M$9) + (N69*N$9) + (O69*O$9) + (P69*P$9) + (Q69*Q$9) + (R69*R$9) + (S69*S$9) + (T69*T$9))/20 -> 222000
A70: =ROW()-9 -> 61 | B70: PG | C70: OWFT廃止対応（FTP送信機能） | E70: バッチ | J70: =ROUNDUP(IF($E70="画面",画面係数,IF($E70="帳票",帳票係数,IF($E70="バッチ",バッチ係数,0))) * IF($I70="特高",特高係数,IF($I70="高",高係数,IF($I70="中",中係数,IF($I70="低",低係数,IF($I70="特低",特低係数,0))))) * IF(J$7="SA",要件定義係数,IF(J$7="UI",基本設計係数,IF(J$7="SS",詳細設計係数,IF(J$7="PS/PG/PT",製作係数,IF(J$7="IT",結合テスト係数,IF(J$7="ST",総合テスト係数,IF(J$7="OT",受入支援係数,IF(J$7="RL",移行切替係数,IF(J$7="その他",その他係数,0))))))))) * J$8,1) -> 0 | K70: =ROUNDUP(IF($E70="画面",画面係数,IF($E70="帳票",帳票係数,IF($E70="バッチ",バッチ係数,0))) * IF($I70="特高",特高係数,IF($I70="高",高係数,IF($I70="中",中係数,IF($I70="低",低係数,IF($I70="特低",特低係数,0))))) * IF(K$7="SA",要件定義係数,IF(K$7="UI",基本設計係数,IF(K$7="SS",詳細設計係数,IF(K$7="PS/PG/PT",製作係数,IF(K$7="IT",結合テスト係数,IF(K$7="ST",総合テスト係数,IF(K$7="OT",受入支援係数,IF(K$7="RL",移行切替係数,IF(K$7="その他",その他係数,0))))))))) * K$8,1) -> 0 | L70: =ROUNDUP(IF($E70="画面",画面係数,IF($E70="帳票",帳票係数,IF($E70="バッチ",バッチ係数,0))) * IF($I70="特高",特高係数,IF($I70="高",高係数,IF($I70="中",中係数,IF($I70="低",低係数,IF($I70="特低",特低係数,0))))) * IF(L$7="SA",要件定義係数,IF(L$7="UI",基本設計係数,IF(L$7="SS",詳細設計係数,IF(L$7="PS/PG/PT",製作係数,IF(L$7="IT",結合テスト係数,IF(L$7="ST",総合テスト係数,IF(L$7="OT",受入支援係数,IF(L$7="RL",移行切替係数,IF(L$7="その他",その他係数,0))))))))) * L$8,1) -> 0 | M70: =ROUNDUP(IF($E70="画面",画面係数,IF($E70="帳票",帳票係数,IF($E70="バッチ",バッチ係数,0))) * IF($I70="特高",特高係数,IF($I70="高",高係数,IF($I70="中",中係数,IF($I70="低",低係数,IF($I70="特低",特低係数,0))))) * IF(M$7="SA",要件定義係数,IF(M$7="UI",基本設計係数,IF(M$7="SS",詳細設計係数,IF(M$7="PS/PG/PT",製作係数,IF(M$7="IT",結合テスト係数,IF(M$7="ST",総合テスト係数,IF(M$7="OT",受入支援係数,IF(M$7="RL",移行切替係数,IF(M$7="その他",その他係数,0))))))))) * M$8,1) -> 0 | N70: =ROUNDUP(IF($E70="画面",画面係数,IF($E70="帳票",帳票係数,IF($E70="バッチ",バッチ係数,0))) * IF($I70="特高",特高係数,IF($I70="高",高係数,IF($I70="中",中係数,IF($I70="低",低係数,IF($I70="特低",特低係数,0))))) * IF(N$7="SA",要件定義係数,IF(N$7="UI",基本設計係数,IF(N$7="SS",詳細設計係数,IF(N$7="PS/PG/PT",製作係数,IF(N$7="IT",結合テスト係数,IF(N$7="ST",総合テスト係数,IF(N$7="OT",受入支援係数,IF(N$7="RL",移行切替係数,IF(N$7="その他",その他係数,0))))))))) * N$8,1) -> 0 | O70: =ROUNDUP(IF($E70="画面",画面係数,IF($E70="帳票",帳票係数,IF($E70="バッチ",バッチ係数,0))) * IF($I70="特高",特高係数,IF($I70="高",高係数,IF($I70="中",中係数,IF($I70="低",低係数,IF($I70="特低",特低係数,0))))) * IF(O$7="SA",要件定義係数,IF(O$7="UI",基本設計係数,IF(O$7="SS",詳細設計係数,IF(O$7="PS/PG/PT",製作係数,IF(O$7="IT",結合テスト係数,IF(O$7="ST",総合テスト係数,IF(O$7="OT",受入支援係数,IF(O$7="RL",移行切替係数,IF(O$7="その他",その他係数,0))))))))) * O$8,1) -> 0 | P70: =ROUNDUP(IF($E70="画面",画面係数,IF($E70="帳票",帳票係数,IF($E70="バッチ",バッチ係数,0))) * IF($I70="特高",特高係数,IF($I70="高",高係数,IF($I70="中",中係数,IF($I70="低",低係数,IF($I70="特低",特低係数,0))))) * IF(P$7="SA",要件定義係数,IF(P$7="UI",基本設計係数,IF(P$7="SS",詳細設計係数,IF(P$7="PS/PG/PT",製作係数,IF(P$7="IT",結合テスト係数,IF(P$7="ST",総合テスト係数,IF(P$7="OT",受入支援係数,IF(P$7="RL",移行切替係数,IF(P$7="その他",その他係数,0))))))))) * P$8,1) -> 0 | Q70: =ROUNDUP(IF($E70="画面",画面係数,IF($E70="帳票",帳票係数,IF($E70="バッチ",バッチ係数,0))) * IF($I70="特高",特高係数,IF($I70="高",高係数,IF($I70="中",中係数,IF($I70="低",低係数,IF($I70="特低",特低係数,0))))) * IF(Q$7="SA",要件定義係数,IF(Q$7="UI",基本設計係数,IF(Q$7="SS",詳細設計係数,IF(Q$7="PS/PG/PT",製作係数,IF(Q$7="IT",結合テスト係数,IF(Q$7="ST",総合テスト係数,IF(Q$7="OT",受入支援係数,IF(Q$7="RL",移行切替係数,IF(Q$7="その他",その他係数,0))))))))) * Q$8,1) -> 0 | R70: =ROUNDUP(IF($E70="画面",画面係数,IF($E70="帳票",帳票係数,IF($E70="バッチ",バッチ係数,0))) * IF($I70="特高",特高係数,IF($I70="高",高係数,IF($I70="中",中係数,IF($I70="低",低係数,IF($I70="特低",特低係数,0))))) * IF(R$7="SA",要件定義係数,IF(R$7="UI",基本設計係数,IF(R$7="SS",詳細設計係数,IF(R$7="PS/PG/PT",製作係数,IF(R$7="IT",結合テスト係数,IF(R$7="ST",総合テスト係数,IF(R$7="OT",受入支援係数,IF(R$7="RL",移行切替係数,IF(R$7="その他",その他係数,0))))))))) * R$8,1) -> 0 | T70: =ROUNDUP(SUM(J70:S70)*T$8,1) -> 0 | U70: =SUM(J70:T70) -> 0 | V70: =U70/20 -> 0 | W70: =((J70*J$9) + (K70*K$9) + (L70*L$9) + (M70*M$9) + (N70*N$9) + (O70*O$9) + (P70*P$9) + (Q70*Q$9) + (R70*R$9) + (S70*S$9) + (T70*T$9))/20 -> 0
A71: =ROW()-9 -> 62 | B71: PG | C71: オフサイト実績DB取り込み | D71: G:\EAI\skhoksei\EXE\File2Db.exe | E71: バッチ | I71: 低 | J71: =ROUNDUP(IF($E71="画面",画面係数,IF($E71="帳票",帳票係数,IF($E71="バッチ",バッチ係数,0))) * IF($I71="特高",特高係数,IF($I71="高",高係数,IF($I71="中",中係数,IF($I71="低",低係数,IF($I71="特低",特低係数,0))))) * IF(J$7="SA",要件定義係数,IF(J$7="UI",基本設計係数,IF(J$7="SS",詳細設計係数,IF(J$7="PS/PG/PT",製作係数,IF(J$7="IT",結合テスト係数,IF(J$7="ST",総合テスト係数,IF(J$7="OT",受入支援係数,IF(J$7="RL",移行切替係数,IF(J$7="その他",その他係数,0))))))))) * J$8,1) -> 0.4 | K71: =ROUNDUP(IF($E71="画面",画面係数,IF($E71="帳票",帳票係数,IF($E71="バッチ",バッチ係数,0))) * IF($I71="特高",特高係数,IF($I71="高",高係数,IF($I71="中",中係数,IF($I71="低",低係数,IF($I71="特低",特低係数,0))))) * IF(K$7="SA",要件定義係数,IF(K$7="UI",基本設計係数,IF(K$7="SS",詳細設計係数,IF(K$7="PS/PG/PT",製作係数,IF(K$7="IT",結合テスト係数,IF(K$7="ST",総合テスト係数,IF(K$7="OT",受入支援係数,IF(K$7="RL",移行切替係数,IF(K$7="その他",その他係数,0))))))))) * K$8,1) -> 0.4 | L71: =ROUNDUP(IF($E71="画面",画面係数,IF($E71="帳票",帳票係数,IF($E71="バッチ",バッチ係数,0))) * IF($I71="特高",特高係数,IF($I71="高",高係数,IF($I71="中",中係数,IF($I71="低",低係数,IF($I71="特低",特低係数,0))))) * IF(L$7="SA",要件定義係数,IF(L$7="UI",基本設計係数,IF(L$7="SS",詳細設計係数,IF(L$7="PS/PG/PT",製作係数,IF(L$7="IT",結合テスト係数,IF(L$7="ST",総合テスト係数,IF(L$7="OT",受入支援係数,IF(L$7="RL",移行切替係数,IF(L$7="その他",その他係数,0))))))))) * L$8,1) -> 0.5 | M71: =ROUNDUP(IF($E71="画面",画面係数,IF($E71="帳票",帳票係数,IF($E71="バッチ",バッチ係数,0))) * IF($I71="特高",特高係数,IF($I71="高",高係数,IF($I71="中",中係数,IF($I71="低",低係数,IF($I71="特低",特低係数,0))))) * IF(M$7="SA",要件定義係数,IF(M$7="UI",基本設計係数,IF(M$7="SS",詳細設計係数,IF(M$7="PS/PG/PT",製作係数,IF(M$7="IT",結合テスト係数,IF(M$7="ST",総合テスト係数,IF(M$7="OT",受入支援係数,IF(M$7="RL",移行切替係数,IF(M$7="その他",その他係数,0))))))))) * M$8,1) -> 0.8 | N71: =ROUNDUP(IF($E71="画面",画面係数,IF($E71="帳票",帳票係数,IF($E71="バッチ",バッチ係数,0))) * IF($I71="特高",特高係数,IF($I71="高",高係数,IF($I71="中",中係数,IF($I71="低",低係数,IF($I71="特低",特低係数,0))))) * IF(N$7="SA",要件定義係数,IF(N$7="UI",基本設計係数,IF(N$7="SS",詳細設計係数,IF(N$7="PS/PG/PT",製作係数,IF(N$7="IT",結合テスト係数,IF(N$7="ST",総合テスト係数,IF(N$7="OT",受入支援係数,IF(N$7="RL",移行切替係数,IF(N$7="その他",その他係数,0))))))))) * N$8,1) -> 0.5 | O71: =ROUNDUP(IF($E71="画面",画面係数,IF($E71="帳票",帳票係数,IF($E71="バッチ",バッチ係数,0))) * IF($I71="特高",特高係数,IF($I71="高",高係数,IF($I71="中",中係数,IF($I71="低",低係数,IF($I71="特低",特低係数,0))))) * IF(O$7="SA",要件定義係数,IF(O$7="UI",基本設計係数,IF(O$7="SS",詳細設計係数,IF(O$7="PS/PG/PT",製作係数,IF(O$7="IT",結合テスト係数,IF(O$7="ST",総合テスト係数,IF(O$7="OT",受入支援係数,IF(O$7="RL",移行切替係数,IF(O$7="その他",その他係数,0))))))))) * O$8,1) -> 0.4 | P71: =ROUNDUP(IF($E71="画面",画面係数,IF($E71="帳票",帳票係数,IF($E71="バッチ",バッチ係数,0))) * IF($I71="特高",特高係数,IF($I71="高",高係数,IF($I71="中",中係数,IF($I71="低",低係数,IF($I71="特低",特低係数,0))))) * IF(P$7="SA",要件定義係数,IF(P$7="UI",基本設計係数,IF(P$7="SS",詳細設計係数,IF(P$7="PS/PG/PT",製作係数,IF(P$7="IT",結合テスト係数,IF(P$7="ST",総合テスト係数,IF(P$7="OT",受入支援係数,IF(P$7="RL",移行切替係数,IF(P$7="その他",その他係数,0))))))))) * P$8,1) -> 0.2 | Q71: =ROUNDUP(IF($E71="画面",画面係数,IF($E71="帳票",帳票係数,IF($E71="バッチ",バッチ係数,0))) * IF($I71="特高",特高係数,IF($I71="高",高係数,IF($I71="中",中係数,IF($I71="低",低係数,IF($I71="特低",特低係数,0))))) * IF(Q$7="SA",要件定義係数,IF(Q$7="UI",基本設計係数,IF(Q$7="SS",詳細設計係数,IF(Q$7="PS/PG/PT",製作係数,IF(Q$7="IT",結合テスト係数,IF(Q$7="ST",総合テスト係数,IF(Q$7="OT",受入支援係数,IF(Q$7="RL",移行切替係数,IF(Q$7="その他",その他係数,0))))))))) * Q$8,1) -> 0.4 | R71: =ROUNDUP(IF($E71="画面",画面係数,IF($E71="帳票",帳票係数,IF($E71="バッチ",バッチ係数,0))) * IF($I71="特高",特高係数,IF($I71="高",高係数,IF($I71="中",中係数,IF($I71="低",低係数,IF($I71="特低",特低係数,0))))) * IF(R$7="SA",要件定義係数,IF(R$7="UI",基本設計係数,IF(R$7="SS",詳細設計係数,IF(R$7="PS/PG/PT",製作係数,IF(R$7="IT",結合テスト係数,IF(R$7="ST",総合テスト係数,IF(R$7="OT",受入支援係数,IF(R$7="RL",移行切替係数,IF(R$7="その他",その他係数,0))))))))) * R$8,1) -> 0 | T71: =ROUNDUP(SUM(J71:S71)*T$8,1) -> 0.6 | U71: =SUM(J71:T71) -> 4.2 | V71: =U71/20 -> 0.21 | W71: =((J71*J$9) + (K71*K$9) + (L71*L$9) + (M71*M$9) + (N71*N$9) + (O71*O$9) + (P71*P$9) + (Q71*Q$9) + (R71*R$9) + (S71*S$9) + (T71*T$9))/20 -> 222000
A72: =ROW()-9 -> 63 | B72: PG | C72: 新IRIS連携 変換処理 | D72: G:\EAI\skhoksei\EXE\IRIS_convert.exe | E72: バッチ | I72: 低 | J72: =ROUNDUP(IF($E72="画面",画面係数,IF($E72="帳票",帳票係数,IF($E72="バッチ",バッチ係数,0))) * IF($I72="特高",特高係数,IF($I72="高",高係数,IF($I72="中",中係数,IF($I72="低",低係数,IF($I72="特低",特低係数,0))))) * IF(J$7="SA",要件定義係数,IF(J$7="UI",基本設計係数,IF(J$7="SS",詳細設計係数,IF(J$7="PS/PG/PT",製作係数,IF(J$7="IT",結合テスト係数,IF(J$7="ST",総合テスト係数,IF(J$7="OT",受入支援係数,IF(J$7="RL",移行切替係数,IF(J$7="その他",その他係数,0))))))))) * J$8,1) -> 0.4 | K72: =ROUNDUP(IF($E72="画面",画面係数,IF($E72="帳票",帳票係数,IF($E72="バッチ",バッチ係数,0))) * IF($I72="特高",特高係数,IF($I72="高",高係数,IF($I72="中",中係数,IF($I72="低",低係数,IF($I72="特低",特低係数,0))))) * IF(K$7="SA",要件定義係数,IF(K$7="UI",基本設計係数,IF(K$7="SS",詳細設計係数,IF(K$7="PS/PG/PT",製作係数,IF(K$7="IT",結合テスト係数,IF(K$7="ST",総合テスト係数,IF(K$7="OT",受入支援係数,IF(K$7="RL",移行切替係数,IF(K$7="その他",その他係数,0))))))))) * K$8,1) -> 0.4 | L72: =ROUNDUP(IF($E72="画面",画面係数,IF($E72="帳票",帳票係数,IF($E72="バッチ",バッチ係数,0))) * IF($I72="特高",特高係数,IF($I72="高",高係数,IF($I72="中",中係数,IF($I72="低",低係数,IF($I72="特低",特低係数,0))))) * IF(L$7="SA",要件定義係数,IF(L$7="UI",基本設計係数,IF(L$7="SS",詳細設計係数,IF(L$7="PS/PG/PT",製作係数,IF(L$7="IT",結合テスト係数,IF(L$7="ST",総合テスト係数,IF(L$7="OT",受入支援係数,IF(L$7="RL",移行切替係数,IF(L$7="その他",その他係数,0))))))))) * L$8,1) -> 0.5 | M72: =ROUNDUP(IF($E72="画面",画面係数,IF($E72="帳票",帳票係数,IF($E72="バッチ",バッチ係数,0))) * IF($I72="特高",特高係数,IF($I72="高",高係数,IF($I72="中",中係数,IF($I72="低",低係数,IF($I72="特低",特低係数,0))))) * IF(M$7="SA",要件定義係数,IF(M$7="UI",基本設計係数,IF(M$7="SS",詳細設計係数,IF(M$7="PS/PG/PT",製作係数,IF(M$7="IT",結合テスト係数,IF(M$7="ST",総合テスト係数,IF(M$7="OT",受入支援係数,IF(M$7="RL",移行切替係数,IF(M$7="その他",その他係数,0))))))))) * M$8,1) -> 0.8 | N72: =ROUNDUP(IF($E72="画面",画面係数,IF($E72="帳票",帳票係数,IF($E72="バッチ",バッチ係数,0))) * IF($I72="特高",特高係数,IF($I72="高",高係数,IF($I72="中",中係数,IF($I72="低",低係数,IF($I72="特低",特低係数,0))))) * IF(N$7="SA",要件定義係数,IF(N$7="UI",基本設計係数,IF(N$7="SS",詳細設計係数,IF(N$7="PS/PG/PT",製作係数,IF(N$7="IT",結合テスト係数,IF(N$7="ST",総合テスト係数,IF(N$7="OT",受入支援係数,IF(N$7="RL",移行切替係数,IF(N$7="その他",その他係数,0))))))))) * N$8,1) -> 0.5 | O72: =ROUNDUP(IF($E72="画面",画面係数,IF($E72="帳票",帳票係数,IF($E72="バッチ",バッチ係数,0))) * IF($I72="特高",特高係数,IF($I72="高",高係数,IF($I72="中",中係数,IF($I72="低",低係数,IF($I72="特低",特低係数,0))))) * IF(O$7="SA",要件定義係数,IF(O$7="UI",基本設計係数,IF(O$7="SS",詳細設計係数,IF(O$7="PS/PG/PT",製作係数,IF(O$7="IT",結合テスト係数,IF(O$7="ST",総合テスト係数,IF(O$7="OT",受入支援係数,IF(O$7="RL",移行切替係数,IF(O$7="その他",その他係数,0))))))))) * O$8,1) -> 0.4 | P72: =ROUNDUP(IF($E72="画面",画面係数,IF($E72="帳票",帳票係数,IF($E72="バッチ",バッチ係数,0))) * IF($I72="特高",特高係数,IF($I72="高",高係数,IF($I72="中",中係数,IF($I72="低",低係数,IF($I72="特低",特低係数,0))))) * IF(P$7="SA",要件定義係数,IF(P$7="UI",基本設計係数,IF(P$7="SS",詳細設計係数,IF(P$7="PS/PG/PT",製作係数,IF(P$7="IT",結合テスト係数,IF(P$7="ST",総合テスト係数,IF(P$7="OT",受入支援係数,IF(P$7="RL",移行切替係数,IF(P$7="その他",その他係数,0))))))))) * P$8,1) -> 0.2 | Q72: =ROUNDUP(IF($E72="画面",画面係数,IF($E72="帳票",帳票係数,IF($E72="バッチ",バッチ係数,0))) * IF($I72="特高",特高係数,IF($I72="高",高係数,IF($I72="中",中係数,IF($I72="低",低係数,IF($I72="特低",特低係数,0))))) * IF(Q$7="SA",要件定義係数,IF(Q$7="UI",基本設計係数,IF(Q$7="SS",詳細設計係数,IF(Q$7="PS/PG/PT",製作係数,IF(Q$7="IT",結合テスト係数,IF(Q$7="ST",総合テスト係数,IF(Q$7="OT",受入支援係数,IF(Q$7="RL",移行切替係数,IF(Q$7="その他",その他係数,0))))))))) * Q$8,1) -> 0.4 | R72: =ROUNDUP(IF($E72="画面",画面係数,IF($E72="帳票",帳票係数,IF($E72="バッチ",バッチ係数,0))) * IF($I72="特高",特高係数,IF($I72="高",高係数,IF($I72="中",中係数,IF($I72="低",低係数,IF($I72="特低",特低係数,0))))) * IF(R$7="SA",要件定義係数,IF(R$7="UI",基本設計係数,IF(R$7="SS",詳細設計係数,IF(R$7="PS/PG/PT",製作係数,IF(R$7="IT",結合テスト係数,IF(R$7="ST",総合テスト係数,IF(R$7="OT",受入支援係数,IF(R$7="RL",移行切替係数,IF(R$7="その他",その他係数,0))))))))) * R$8,1) -> 0 | T72: =ROUNDUP(SUM(J72:S72)*T$8,1) -> 0.6 | U72: =SUM(J72:T72) -> 4.2 | V72: =U72/20 -> 0.21 | W72: =((J72*J$9) + (K72*K$9) + (L72*L$9) + (M72*M$9) + (N72*N$9) + (O72*O$9) + (P72*P$9) + (Q72*Q$9) + (R72*R$9) + (S72*S$9) + (T72*T$9))/20 -> 222000
A73: =ROW()-9 -> 64 | B73: PG | C73: XMLファイル読み込み | D73: G:\EAI\skhoksei\EXE\ReadXml.dll | E73: バッチ | I73: 低 | J73: =ROUNDUP(IF($E73="画面",画面係数,IF($E73="帳票",帳票係数,IF($E73="バッチ",バッチ係数,0))) * IF($I73="特高",特高係数,IF($I73="高",高係数,IF($I73="中",中係数,IF($I73="低",低係数,IF($I73="特低",特低係数,0))))) * IF(J$7="SA",要件定義係数,IF(J$7="UI",基本設計係数,IF(J$7="SS",詳細設計係数,IF(J$7="PS/PG/PT",製作係数,IF(J$7="IT",結合テスト係数,IF(J$7="ST",総合テスト係数,IF(J$7="OT",受入支援係数,IF(J$7="RL",移行切替係数,IF(J$7="その他",その他係数,0))))))))) * J$8,1) -> 0.4 | K73: =ROUNDUP(IF($E73="画面",画面係数,IF($E73="帳票",帳票係数,IF($E73="バッチ",バッチ係数,0))) * IF($I73="特高",特高係数,IF($I73="高",高係数,IF($I73="中",中係数,IF($I73="低",低係数,IF($I73="特低",特低係数,0))))) * IF(K$7="SA",要件定義係数,IF(K$7="UI",基本設計係数,IF(K$7="SS",詳細設計係数,IF(K$7="PS/PG/PT",製作係数,IF(K$7="IT",結合テスト係数,IF(K$7="ST",総合テスト係数,IF(K$7="OT",受入支援係数,IF(K$7="RL",移行切替係数,IF(K$7="その他",その他係数,0))))))))) * K$8,1) -> 0.4 | L73: =ROUNDUP(IF($E73="画面",画面係数,IF($E73="帳票",帳票係数,IF($E73="バッチ",バッチ係数,0))) * IF($I73="特高",特高係数,IF($I73="高",高係数,IF($I73="中",中係数,IF($I73="低",低係数,IF($I73="特低",特低係数,0))))) * IF(L$7="SA",要件定義係数,IF(L$7="UI",基本設計係数,IF(L$7="SS",詳細設計係数,IF(L$7="PS/PG/PT",製作係数,IF(L$7="IT",結合テスト係数,IF(L$7="ST",総合テスト係数,IF(L$7="OT",受入支援係数,IF(L$7="RL",移行切替係数,IF(L$7="その他",その他係数,0))))))))) * L$8,1) -> 0.5 | M73: =ROUNDUP(IF($E73="画面",画面係数,IF($E73="帳票",帳票係数,IF($E73="バッチ",バッチ係数,0))) * IF($I73="特高",特高係数,IF($I73="高",高係数,IF($I73="中",中係数,IF($I73="低",低係数,IF($I73="特低",特低係数,0))))) * IF(M$7="SA",要件定義係数,IF(M$7="UI",基本設計係数,IF(M$7="SS",詳細設計係数,IF(M$7="PS/PG/PT",製作係数,IF(M$7="IT",結合テスト係数,IF(M$7="ST",総合テスト係数,IF(M$7="OT",受入支援係数,IF(M$7="RL",移行切替係数,IF(M$7="その他",その他係数,0))))))))) * M$8,1) -> 0.8 | N73: =ROUNDUP(IF($E73="画面",画面係数,IF($E73="帳票",帳票係数,IF($E73="バッチ",バッチ係数,0))) * IF($I73="特高",特高係数,IF($I73="高",高係数,IF($I73="中",中係数,IF($I73="低",低係数,IF($I73="特低",特低係数,0))))) * IF(N$7="SA",要件定義係数,IF(N$7="UI",基本設計係数,IF(N$7="SS",詳細設計係数,IF(N$7="PS/PG/PT",製作係数,IF(N$7="IT",結合テスト係数,IF(N$7="ST",総合テスト係数,IF(N$7="OT",受入支援係数,IF(N$7="RL",移行切替係数,IF(N$7="その他",その他係数,0))))))))) * N$8,1) -> 0.5 | O73: =ROUNDUP(IF($E73="画面",画面係数,IF($E73="帳票",帳票係数,IF($E73="バッチ",バッチ係数,0))) * IF($I73="特高",特高係数,IF($I73="高",高係数,IF($I73="中",中係数,IF($I73="低",低係数,IF($I73="特低",特低係数,0))))) * IF(O$7="SA",要件定義係数,IF(O$7="UI",基本設計係数,IF(O$7="SS",詳細設計係数,IF(O$7="PS/PG/PT",製作係数,IF(O$7="IT",結合テスト係数,IF(O$7="ST",総合テスト係数,IF(O$7="OT",受入支援係数,IF(O$7="RL",移行切替係数,IF(O$7="その他",その他係数,0))))))))) * O$8,1) -> 0.4 | P73: =ROUNDUP(IF($E73="画面",画面係数,IF($E73="帳票",帳票係数,IF($E73="バッチ",バッチ係数,0))) * IF($I73="特高",特高係数,IF($I73="高",高係数,IF($I73="中",中係数,IF($I73="低",低係数,IF($I73="特低",特低係数,0))))) * IF(P$7="SA",要件定義係数,IF(P$7="UI",基本設計係数,IF(P$7="SS",詳細設計係数,IF(P$7="PS/PG/PT",製作係数,IF(P$7="IT",結合テスト係数,IF(P$7="ST",総合テスト係数,IF(P$7="OT",受入支援係数,IF(P$7="RL",移行切替係数,IF(P$7="その他",その他係数,0))))))))) * P$8,1) -> 0.2 | Q73: =ROUNDUP(IF($E73="画面",画面係数,IF($E73="帳票",帳票係数,IF($E73="バッチ",バッチ係数,0))) * IF($I73="特高",特高係数,IF($I73="高",高係数,IF($I73="中",中係数,IF($I73="低",低係数,IF($I73="特低",特低係数,0))))) * IF(Q$7="SA",要件定義係数,IF(Q$7="UI",基本設計係数,IF(Q$7="SS",詳細設計係数,IF(Q$7="PS/PG/PT",製作係数,IF(Q$7="IT",結合テスト係数,IF(Q$7="ST",総合テスト係数,IF(Q$7="OT",受入支援係数,IF(Q$7="RL",移行切替係数,IF(Q$7="その他",その他係数,0))))))))) * Q$8,1) -> 0.4 | R73: =ROUNDUP(IF($E73="画面",画面係数,IF($E73="帳票",帳票係数,IF($E73="バッチ",バッチ係数,0))) * IF($I73="特高",特高係数,IF($I73="高",高係数,IF($I73="中",中係数,IF($I73="低",低係数,IF($I73="特低",特低係数,0))))) * IF(R$7="SA",要件定義係数,IF(R$7="UI",基本設計係数,IF(R$7="SS",詳細設計係数,IF(R$7="PS/PG/PT",製作係数,IF(R$7="IT",結合テスト係数,IF(R$7="ST",総合テスト係数,IF(R$7="OT",受入支援係数,IF(R$7="RL",移行切替係数,IF(R$7="その他",その他係数,0))))))))) * R$8,1) -> 0 | T73: =ROUNDUP(SUM(J73:S73)*T$8,1) -> 0.6 | U73: =SUM(J73:T73) -> 4.2 | V73: =U73/20 -> 0.21 | W73: =((J73*J$9) + (K73*K$9) + (L73*L$9) + (M73*M$9) + (N73*N$9) + (O73*O$9) + (P73*P$9) + (Q73*Q$9) + (R73*R$9) + (S73*S$9) + (T73*T$9))/20 -> 222000
A74: =ROW()-9 -> 65 | B74: PG | C74: 共通ログ出力 | D74: D:\skhoksei\App\Sougyou\bin\LogOutput.EXE | E74: バッチ | I74: 低 | J74: =ROUNDUP(IF($E74="画面",画面係数,IF($E74="帳票",帳票係数,IF($E74="バッチ",バッチ係数,0))) * IF($I74="特高",特高係数,IF($I74="高",高係数,IF($I74="中",中係数,IF($I74="低",低係数,IF($I74="特低",特低係数,0))))) * IF(J$7="SA",要件定義係数,IF(J$7="UI",基本設計係数,IF(J$7="SS",詳細設計係数,IF(J$7="PS/PG/PT",製作係数,IF(J$7="IT",結合テスト係数,IF(J$7="ST",総合テスト係数,IF(J$7="OT",受入支援係数,IF(J$7="RL",移行切替係数,IF(J$7="その他",その他係数,0))))))))) * J$8,1) -> 0.4 | K74: =ROUNDUP(IF($E74="画面",画面係数,IF($E74="帳票",帳票係数,IF($E74="バッチ",バッチ係数,0))) * IF($I74="特高",特高係数,IF($I74="高",高係数,IF($I74="中",中係数,IF($I74="低",低係数,IF($I74="特低",特低係数,0))))) * IF(K$7="SA",要件定義係数,IF(K$7="UI",基本設計係数,IF(K$7="SS",詳細設計係数,IF(K$7="PS/PG/PT",製作係数,IF(K$7="IT",結合テスト係数,IF(K$7="ST",総合テスト係数,IF(K$7="OT",受入支援係数,IF(K$7="RL",移行切替係数,IF(K$7="その他",その他係数,0))))))))) * K$8,1) -> 0.4 | L74: =ROUNDUP(IF($E74="画面",画面係数,IF($E74="帳票",帳票係数,IF($E74="バッチ",バッチ係数,0))) * IF($I74="特高",特高係数,IF($I74="高",高係数,IF($I74="中",中係数,IF($I74="低",低係数,IF($I74="特低",特低係数,0))))) * IF(L$7="SA",要件定義係数,IF(L$7="UI",基本設計係数,IF(L$7="SS",詳細設計係数,IF(L$7="PS/PG/PT",製作係数,IF(L$7="IT",結合テスト係数,IF(L$7="ST",総合テスト係数,IF(L$7="OT",受入支援係数,IF(L$7="RL",移行切替係数,IF(L$7="その他",その他係数,0))))))))) * L$8,1) -> 0.5 | M74: =ROUNDUP(IF($E74="画面",画面係数,IF($E74="帳票",帳票係数,IF($E74="バッチ",バッチ係数,0))) * IF($I74="特高",特高係数,IF($I74="高",高係数,IF($I74="中",中係数,IF($I74="低",低係数,IF($I74="特低",特低係数,0))))) * IF(M$7="SA",要件定義係数,IF(M$7="UI",基本設計係数,IF(M$7="SS",詳細設計係数,IF(M$7="PS/PG/PT",製作係数,IF(M$7="IT",結合テスト係数,IF(M$7="ST",総合テスト係数,IF(M$7="OT",受入支援係数,IF(M$7="RL",移行切替係数,IF(M$7="その他",その他係数,0))))))))) * M$8,1) -> 0.8 | N74: =ROUNDUP(IF($E74="画面",画面係数,IF($E74="帳票",帳票係数,IF($E74="バッチ",バッチ係数,0))) * IF($I74="特高",特高係数,IF($I74="高",高係数,IF($I74="中",中係数,IF($I74="低",低係数,IF($I74="特低",特低係数,0))))) * IF(N$7="SA",要件定義係数,IF(N$7="UI",基本設計係数,IF(N$7="SS",詳細設計係数,IF(N$7="PS/PG/PT",製作係数,IF(N$7="IT",結合テスト係数,IF(N$7="ST",総合テスト係数,IF(N$7="OT",受入支援係数,IF(N$7="RL",移行切替係数,IF(N$7="その他",その他係数,0))))))))) * N$8,1) -> 0.5 | O74: =ROUNDUP(IF($E74="画面",画面係数,IF($E74="帳票",帳票係数,IF($E74="バッチ",バッチ係数,0))) * IF($I74="特高",特高係数,IF($I74="高",高係数,IF($I74="中",中係数,IF($I74="低",低係数,IF($I74="特低",特低係数,0))))) * IF(O$7="SA",要件定義係数,IF(O$7="UI",基本設計係数,IF(O$7="SS",詳細設計係数,IF(O$7="PS/PG/PT",製作係数,IF(O$7="IT",結合テスト係数,IF(O$7="ST",総合テスト係数,IF(O$7="OT",受入支援係数,IF(O$7="RL",移行切替係数,IF(O$7="その他",その他係数,0))))))))) * O$8,1) -> 0.4 | P74: =ROUNDUP(IF($E74="画面",画面係数,IF($E74="帳票",帳票係数,IF($E74="バッチ",バッチ係数,0))) * IF($I74="特高",特高係数,IF($I74="高",高係数,IF($I74="中",中係数,IF($I74="低",低係数,IF($I74="特低",特低係数,0))))) * IF(P$7="SA",要件定義係数,IF(P$7="UI",基本設計係数,IF(P$7="SS",詳細設計係数,IF(P$7="PS/PG/PT",製作係数,IF(P$7="IT",結合テスト係数,IF(P$7="ST",総合テスト係数,IF(P$7="OT",受入支援係数,IF(P$7="RL",移行切替係数,IF(P$7="その他",その他係数,0))))))))) * P$8,1) -> 0.2 | Q74: =ROUNDUP(IF($E74="画面",画面係数,IF($E74="帳票",帳票係数,IF($E74="バッチ",バッチ係数,0))) * IF($I74="特高",特高係数,IF($I74="高",高係数,IF($I74="中",中係数,IF($I74="低",低係数,IF($I74="特低",特低係数,0))))) * IF(Q$7="SA",要件定義係数,IF(Q$7="UI",基本設計係数,IF(Q$7="SS",詳細設計係数,IF(Q$7="PS/PG/PT",製作係数,IF(Q$7="IT",結合テスト係数,IF(Q$7="ST",総合テスト係数,IF(Q$7="OT",受入支援係数,IF(Q$7="RL",移行切替係数,IF(Q$7="その他",その他係数,0))))))))) * Q$8,1) -> 0.4 | R74: =ROUNDUP(IF($E74="画面",画面係数,IF($E74="帳票",帳票係数,IF($E74="バッチ",バッチ係数,0))) * IF($I74="特高",特高係数,IF($I74="高",高係数,IF($I74="中",中係数,IF($I74="低",低係数,IF($I74="特低",特低係数,0))))) * IF(R$7="SA",要件定義係数,IF(R$7="UI",基本設計係数,IF(R$7="SS",詳細設計係数,IF(R$7="PS/PG/PT",製作係数,IF(R$7="IT",結合テスト係数,IF(R$7="ST",総合テスト係数,IF(R$7="OT",受入支援係数,IF(R$7="RL",移行切替係数,IF(R$7="その他",その他係数,0))))))))) * R$8,1) -> 0 | T74: =ROUNDUP(SUM(J74:S74)*T$8,1) -> 0.6 | U74: =SUM(J74:T74) -> 4.2 | V74: =U74/20 -> 0.21 | W74: =((J74*J$9) + (K74*K$9) + (L74*L$9) + (M74*M$9) + (N74*N$9) + (O74*O$9) + (P74*P$9) + (Q74*Q$9) + (R74*R$9) + (S74*S$9) + (T74*T$9))/20 -> 222000
