Workbook
Name その他係数: 積算基準!$L$35
Name バッチ係数: 積算基準!$F$29
Name 移行切替係数: 積算基準!$K$35
Name 画面係数: 積算基準!$D$29
Name 基本設計係数: 積算基準!$E$35
Name 結合テスト係数: 積算基準!$H$35
Name 高係数: 積算基準!$E$41
Name 参照上限高: 積算基準!$E$17
Name 参照上限中: 積算基準!$F$17
Name 参照上限低: 積算基準!$G$17
Name 参照上限特高: 積算基準!$D$17
Name 参照上限特低: 積算基準!$H$17
Name 受入支援係数: 積算基準!$J$35
Name 詳細設計係数: 積算基準!$F$35
Name 製作係数: 積算基準!$G$35
Name 総合テスト係数: 積算基準!$I$35
Name 中係数: 積算基準!$F$41
Name 帳票係数: 積算基準!$E$29
Name 低係数: 積算基準!$G$41
Name 登録上限高: 積算基準!$E$16
Name 登録上限中: 積算基準!$F$16
Name 登録上限低: 積算基準!$G$16
Name 登録上限特高: 積算基準!$D$16
Name 登録上限特低: 積算基準!$H$16
Name 特高係数: 積算基準!$D$41
Name 特低係数: 積算基準!$H$41
Name 要件定義係数: 積算基準!$D$35

Sheet サマリ
B1: 千葉運転管理システム（制御通信サーバ）
B3: ■最適工期 | E3: ■御見積金額(全工程の場合) | L3: ■御見積金額(全工程の場合) ：工数丸め
B5: 全体工期 | C5: =(工数算出!U4^(1/3))*2.69 -> 18.35342 | E5: 見積金額合計 | F5: =SUM(I9:I19) -> 347991000 | L5: 見積金額合計 | M5: =SUM(P9:P19) -> 339150000
B8: 工程 | C8: 工期 | E8: 工程 | F8: 工数 | H8: 単価 | I8: 金額 | L8: 工程 | M8: 工数 | O8: 単価 | P8: 金額
B9: 要件定義（SA） | C9: =C5*積算基準!P35 -> 2.0392689 | E9: 要件定義（SA） | F9: 1 | G9: =工数算出!$J4 -> 30.75 | H9: 1050000 | I9: =G9*H9 -> 32287500 | L9: 要件定義（SA） | M9: 1 | N9: 15 | O9: 1050000 | P9: =N9*O9 -> 15750000
B10: 基本設計（UI） | C10: =C5*積算基準!Q35 -> 2.8141911 | E10: 基本設計（UI） | F10: 1 | G10: =工数算出!$K4 -> 34.59 | H10: 1050000 | I10: =G10*H10 -> 36319500 | L10: 基本設計（UI） | M10: 1 | N10: 35 | O10: 1050000 | P10: =N10*O10 -> 36750000
B11: 詳細設計（SS） | C11: =C5*積算基準!R35 -> 2.379147 | E11: 詳細設計（SS） | F11: 1 | G11: =工数算出!$L4 -> 35.77 | H11: 1050000 | I11: =G11*H11 -> 37558500 | L11: 詳細設計（SS） | M11: 1 | N11: 36 | O11: 1050000 | P11: =N11*O11 -> 37800000
B12: 開発（PS/PG/PT） | C12: =C5*積算基準!S35 -> 3.3851864 | E12: 開発（PS/PG/PT） | F12: 1 | G12: =工数算出!$M4 -> 65.28 | H12: 1050000 | I12: =G12*H12 -> 68544000 | L12: 開発（PS/PG/PT） | M12: 1 | N12: 65 | O12: 1050000 | P12: =N12*O12 -> 68250000
B13: 結合テスト（IT） | C13: =C5*積算基準!T35 -> 2.6238593 | E13: 結合テスト（IT） | F13: 1 | G13: =工数算出!$N4 -> 40.65 | H13: 1050000 | I13: =G13*H13 -> 42682500 | L13: 結合テスト（IT） | M13: 1 | N13: 40 | O13: 1050000 | P13: =N13*O13 -> 42000000
B14: システムテスト（ST） | C14: =C5*積算基準!U35 -> 2.3927422 | E14: システムテスト（ST） | F14: 1 | G14: =工数算出!$O4 -> 27.32 | H14: 1050000 | I14: =G14*H14 -> 28686000 | L14: システムテスト（ST） | M14: 1 | N14: 30 | O14: 1050000 | P14: =N14*O14 -> 31500000
B15: 運用テスト（OT） | C15: =C5*積算基準!V35 -> 0.6797563 | E15: 運用テスト（OT） | F15: 1 | G15: =工数算出!$P4 -> 11.07 | H15: 1050000 | I15: =G15*H15 -> 11623500 | L15: 運用テスト（OT） | M15: 1 | N15: 12 | O15: 1050000 | P15: =N15*O15 -> 12600000
B16: 本番移行・初期流動（RL） | C16: =サマリ!C5*積算基準!W35 -> 2.0392689 | E16: 本番移行・初期流動（RL） | F16: 1 | G16: =工数算出!$Q4 -> 30.75 | H16: 1050000 | I16: =G16*H16 -> 32287500 | L16: 本番移行・初期流動（RL） | M16: 1 | N16: 30 | O16: 1050000 | P16: =N16*O16 -> 31500000
B17: その他 | C17: - | E17: その他 | F17: 1 | G17: =工数算出!R4 -> 0 | H17: 1050000 | I17: =G17*H17 -> 0 | L17: その他 | M17: 1 | N17: =工数算出!AD4 -> 0 | O17: 1050000 | P17: =N17*O17 -> 0
B18: 調整 | C18: - | E18: 調整 | F18: - | H18: 1050000 | I18: =G18*H18 -> 0 | L18: 調整 | M18: - | O18: 1050000 | P18: =N18*O18 -> 0
B19: プロジェクト管理（PM） | C19: - | E19: プロジェクト管理（PM） | F19: 0.15 | G19: =工数算出!T4 -> 41.43 | H19: 1400000 | I19: =G19*H19 -> 58002000 | L19: プロジェクト管理（PM） | M19: 0.15 | N19: 45 | O19: 1400000 | P19: =N19*O19 -> 63000000
B23: 参考：STEP数からの見積工数
B25: 工数＝ステップ数÷開発生産性
B26: STEP数 | C26: 557000
B27: 開発生産性（STEP数/月） | C27: 1000
B28: 工数 | C28: =C26/C27 -> 557

Sheet 積算基準
A1: 積算基準
B3: １．難易度を「特高」～「特低」までの５段階に分類する。
C5: 難易度
C6: 特高
C7: 高
C8: 中
C9: 低
C10: 特低
B12: ２．難易度の判断基準は、項目数により、区別する。
C14: 難易度判定：基準項目数
C15: 難易度 | D15: 特高 | E15: 高 | F15: 中 | G15: 低 | H15: 特低
C16: 登録 | D16: 50 | E16: 40 | F16: 30 | G16: 20 | H16: 0
C17: 参照 | D17: 60 | E17: 48 | F17: 36 | G17: 24 | H17: 12
B19: ３．IPA発行「ソフトウェア開発データ白書」に基づく、各工程の工数比率を使用する。
C21: 工数比率（IPA ソフトウェア開発データ白書 2018-2019より） | O21: 工期比率（IPA ソフトウェア開発データ白書 2018-2019より）
C22: 工程 | D22: 基本設計 | E22: 詳細設計 | F22: 製作 | G22: 結合テスト | H22: 総合テスト | I22: 計 | O22: 工程 | P22: 基本設計 | Q22: 詳細設計 | R22: 製作 | S22: 結合テスト | T22: 総合テスト | U22: 計
C23: 工数比率 | D23: 0.169 | E23: 0.175 | F23: 0.326 | G23: 0.2 | H23: 0.13 | I23: =SUM(D23:H23) -> 1 | O23: 工期比率 | P23: 0.207 | Q23: 0.175 | R23: 0.249 | S23: 0.193 | T23: 0.176 | U23: =SUM(P23:T23) -> 1
B25: ４．難易度「中」の基本設計～システムテストまでの標準工数を以下とする。
C27: 標準工数（JUASソフトウェアメトリックス調査より）
C28: 種別 | D28: 画面 | E28: 帳票 | F28: バッチ
C29: 登録 | D29: =0.97*20 -> 19.4 | E29: =0.97*0.7*20 -> 13.58 | F29: =0.26*20 -> 5.2 | H29: =SUM(D29:E29) -> 32.98
B31: ５．他の工程の工数を下記の基準により算出する。
C33: 工程 | D33: 要件定義 | E33: 基本設計 | F33: 詳細設計 | G33: 製作 | H33: 結合テスト | I33: 総合テスト | J33: 運用テスト | K33: 移行切替 | L33: その他 | M33: 計 | O33: 工程 | P33: 要件定義 | Q33: 基本設計 | R33: 詳細設計 | S33: 製作 | T33: 結合テスト | U33: 総合テスト | V33: 運用テスト | W33: 移行切替 | X33: その他 | Y33: 計
C34: 5工程基準 | D34: =SUM(E34:I34)*0.15 -> 0.15 | E34: =D23 -> 0.169 | F34: =E23 -> 0.175 | G34: =F23 -> 0.326 | H34: =G23 -> 0.2 | I34: =H23 -> 0.13 | J34: =SUM(E34:I34)*0.05 -> 0.05 | K34: 0.15 | L34: 0 | M34: =SUM(D34:L34) -> 1.35 | O34: 5工程基準 | P34: =SUM(Q34:U34)*0.15 -> 0.15 | Q34: =P23 -> 0.207 | R34: =Q23 -> 0.175 | S34: =R23 -> 0.249 | T34: =S23 -> 0.193 | U34: =T23 -> 0.176 | V34: =SUM(Q34:U34)*0.05 -> 0.05 | W34: 0.15 | X34: 0 | Y34: =SUM(P34:X34) -> 1.35
C35: 全体比率 | D35: =D34/$M34 -> 0.11111111 | E35: =E34/$M34 -> 0.12518519 | F35: =F34/$M34 -> 0.12962963 | G35: =G34/$M34 -> 0.24148148 | H35: =H34/$M34 -> 0.14814815 | I35: =I34/$M34 -> 0.096296296 | J35: =J34/$M34 -> 0.037037037 | K35: =K34/$M34 -> 0.11111111 | L35: =L34/$M34 -> 0 | M35: =SUM(D35:L35) -> 1 | O35: 全体比率 | P35: =P34/$Y34 -> 0.11111111 | Q35: =Q34/$Y34 -> 0.15333333 | R35: =R34/$Y34 -> 0.12962963 | S35: =S34/$Y34 -> 0.18444444 | T35: =T34/$Y34 -> 0.14296296 | U35: =U34/$Y34 -> 0.13037037 | V35: =V34/$Y34 -> 0.037037037 | W35: =W34/$Y34 -> 0.11111111 | X35: =X34/$Y34 -> 0 | Y35: =SUM(P35:X35) -> 1
B37: ６．他の難易度の工数は、下記の係数に基づき、積算する。
C39: 難易度別の工数係数
C40: 難易度 | D40: 特高 | E40: 高 | F40: 中 | G40: 低 | H40: 特低
C41: 工数比率 | D41: 3 | E41: 1.4 | F41: 1 | G41: 0.6 | H41: 0.2

Sheet 工数算出
A1: =サマリ!B1 -> 千葉運転管理システム（制御通信サーバ） | J1: SA | K1: UI | L1: SS | M1: PS/PG/PT | N1: IT | O1: ST | P1: OT | Q1: RL | R1: その他 | S1: 調整 | T1: PM | U1: 合計
G2: 工数（人日） | J2: =SUM(J10:J450) -> 614.9 | K2: =SUM(K10:K450) -> 691.8 | L2: =SUM(L10:L450) -> 715.3 | M2: =SUM(M10:M450) -> 1305.6 | N2: =SUM(N10:N450) -> 812.9 | O2: =SUM(O10:O450) -> 546.4 | P2: =SUM(P10:P450) -> 221.3 | Q2: =SUM(Q10:Q450) -> 614.9 | ... T2: =SUM(T10:T450) -> 850.1 | U2: =SUM(J2:T2) -> 6373.2
G3: 工数（人月） | J3: =J2/20 -> 30.745 | K3: =K2/20 -> 34.59 | L3: =L2/20 -> 35.765 | M3: =M2/20 -> 65.28 | N3: =N2/20 -> 40.645 | O3: =O2/20 -> 27.32 | P3: =P2/20 -> 11.065 | Q3: =Q2/20 -> 30.745 | ... T3: =T2/20 -> 42.505 | U3: =SUM(J3:T3) -> 318.66
A4: 見積金額 | D4: =U5 -> 347991000 | G4: 調整後工数（人月） | J4: =ROUNDUP(J3,2) -> 30.75 | K4: =ROUNDUP(K3,2) -> 34.59 | L4: =ROUNDUP(L3,2) -> 35.77 | M4: =ROUNDUP(M3,2) -> 65.28 | N4: =ROUNDUP(N3,2) -> 40.65 | O4: =ROUNDUP(O3,2) -> 27.32 | P4: =ROUNDUP(P3,2) -> 11.07 | Q4: =ROUNDUP(Q3,2) -> 30.75 | ... S4: =ROUNDUP(S3,2) -> 0 | T4: =ROUNDUP(SUM(J4:S4)*T8,2) -> 41.43 | U4: =SUM(J4:T4) -> 317.61
G5: 金額 | J5: =J4*J9 -> 32287500 | K5: =K4*K9 -> 36319500 | L5: =L4*L9 -> 37558500 | M5: =M4*M9 -> 68544000 | N5: =N4*N9 -> 42682500 | O5: =O4*O9 -> 28686000 | P5: =P4*P9 -> 11623500 | Q5: =Q4*Q9 -> 32287500 | ... T5: =T4*T9 -> 58002000 | U5: =SUM(J5:T5) -> 347991000
A7: No, | B7: 分類 | D7: 項目 | E7: 種別 | F7: 登録 | G7: 項目数 | H7: STEP数 | I7: 難易度 | J7: SA | K7: UI | L7: SS | M7: PS/PG/PT | N7: IT | O7: ST | P7: OT | Q7: RL | R7: その他 | S7: 調整 | T7: PM | U7: 合計（人日） | V7: 合計（人月） | W7: 金額 | X7: 備考
J8: =サマリ!F9 -> 1 | K8: =サマリ!F10 -> 1 | L8: =サマリ!F11 -> 1 | M8: =サマリ!F12 -> 1 | N8: =サマリ!F13 -> 1 | O8: =サマリ!F14 -> 1 | P8: =サマリ!F15 -> 1 | Q8: =サマリ!F16 -> 1 | R8: =サマリ!F17 -> 1 | S8: =サマリ!F18 -> - | T8: =サマリ!F19 -> 0.15
J9: =サマリ!H9 -> 1050000 | K9: =サマリ!H10 -> 1050000 | L9: =サマリ!H11 -> 1050000 | M9: =サマリ!H12 -> 1050000 | N9: =サマリ!H13 -> 1050000 | O9: =サマリ!H14 -> 1050000 | P9: =サマリ!H15 -> 1050000 | Q9: =サマリ!H16 -> 1050000 | R9: =サマリ!H17 -> 1050000 | S9: =サマリ!H18 -> 1050000 | T9: =サマリ!H19 -> 1400000
A10: =ROW()-9 -> 1 | B10: メニュー | C10: メインメニュー | D10: メニュー | E10: 画面 | I10: 低 | J10: =ROUNDUP(IF($E10="画面",画面係数,IF($E10="帳票",帳票係数,IF($E10="バッチ",バッチ係数,0))) * IF($I10="特高",特高係数,IF($I10="高",高係数,IF($I10="中",中係数,IF($I10="低",低係数,IF($I10="特低",特低係数,0))))) * IF(J$7="SA",要件定義係数,IF(J$7="UI",基本設計係数,IF(J$7="SS",詳細設計係数,IF(J$7="PS/PG/PT",製作係数,IF(J$7="IT",結合テスト係数,IF(J$7="ST",総合テスト係数,IF(J$7="OT",受入支援係数,IF(J$7="RL",移行切替係数,IF(J$7="その他",その他係数,0))))))))) * J$8,1) -> 1.3 | K10: =ROUNDUP(IF($E10="画面",画面係数,IF($E10="帳票",帳票係数,IF($E10="バッチ",バッチ係数,0))) * IF($I10="特高",特高係数,IF($I10="高",高係数,IF($I10="中",中係数,IF($I10="低",低係数,IF($I10="特低",特低係数,0))))) * IF(K$7="SA",要件定義係数,IF(K$7="UI",基本設計係数,IF(K$7="SS",詳細設計係数,IF(K$7="PS/PG/PT",製作係数,IF(K$7="IT",結合テスト係数,IF(K$7="ST",総合テスト係数,IF(K$7="OT",受入支援係数,IF(K$7="RL",移行切替係数,IF(K$7="その他",その他係数,0))))))))) * K$8,1) -> 1.5 | L10: =ROUNDUP(IF($E10="画面",画面係数,IF($E10="帳票",帳票係数,IF($E10="バッチ",バッチ係数,0))) * IF($I10="特高",特高係数,IF($I10="高",高係数,IF($I10="中",中係数,IF($I10="低",低係数,IF($I10="特低",特低係数,0))))) * IF(L$7="SA",要件定義係数,IF(L$7="UI",基本設計係数,IF(L$7="SS",詳細設計係数,IF(L$7="PS/PG/PT",製作係数,IF(L$7="IT",結合テスト係数,IF(L$7="ST",総合テスト係数,IF(L$7="OT",受入支援係数,IF(L$7="RL",移行切替係数,IF(L$7="その他",その他係数,0))))))))) * L$8,1) -> 1.6 | M10: =ROUNDUP(IF($E10="画面",画面係数,IF($E10="帳票",帳票係数,IF($E10="バッチ",バッチ係数,0))) * IF($I10="特高",特高係数,IF($I10="高",高係数,IF($I10="中",中係数,IF($I10="低",低係数,IF($I10="特低",特低係数,0))))) * IF(M$7="SA",要件定義係数,IF(M$7="UI",基本設計係数,IF(M$7="SS",詳細設計係数,IF(M$7="PS/PG/PT",製作係数,IF(M$7="IT",結合テスト係数,IF(M$7="ST",総合テスト係数,IF(M$7="OT",受入支援係数,IF(M$7="RL",移行切替係数,IF(M$7="その他",その他係数,0))))))))) * M$8,1) -> 2.9 | N10: =ROUNDUP(IF($E10="画面",画面係数,IF($E10="帳票",帳票係数,IF($E10="バッチ",バッチ係数,0))) * IF($I10="特高",特高係数,IF($I10="高",高係数,IF($I10="中",中係数,IF($I10="低",低係数,IF($I10="特低",特低係数,0))))) * IF(N$7="SA",要件定義係数,IF(N$7="UI",基本設計係数,IF(N$7="SS",詳細設計係数,IF(N$7="PS/PG/PT",製作係数,IF(N$7="IT",結合テスト係数,IF(N$7="ST",総合テスト係数,IF(N$7="OT",受入支援係数,IF(N$7="RL",移行切替係数,IF(N$7="その他",その他係数,0))))))))) * N$8,1) -> 1.8 | O10: =ROUNDUP(IF($E10="画面",画面係数,IF($E10="帳票",帳票係数,IF($E10="バッチ",バッチ係数,0))) * IF($I10="特高",特高係数,IF($I10="高",高係数,IF($I10="中",中係数,IF($I10="低",低係数,IF($I10="特低",特低係数,0))))) * IF(O$7="SA",要件定義係数,IF(O$7="UI",基本設計係数,IF(O$7="SS",詳細設計係数,IF(O$7="PS/PG/PT",製作係数,IF(O$7="IT",結合テスト係数,IF(O$7="ST",総合テスト係数,IF(O$7="OT",受入支援係数,IF(O$7="RL",移行切替係数,IF(O$7="その他",その他係数,0))))))))) * O$8,1) -> 1.2 | P10: =ROUNDUP(IF($E10="画面",画面係数,IF($E10="帳票",帳票係数,IF($E10="バッチ",バッチ係数,0))) * IF($I10="特高",特高係数,IF($I10="高",高係数,IF($I10="中",中係数,IF($I10="低",低係数,IF($I10="特低",特低係数,0))))) * IF(P$7="SA",要件定義係数,IF(P$7="UI",基本設計係数,IF(P$7="SS",詳細設計係数,IF(P$7="PS/PG/PT",製作係数,IF(P$7="IT",結合テスト係数,IF(P$7="ST",総合テスト係数,IF(P$7="OT",受入支援係数,IF(P$7="RL",移行切替係数,IF(P$7="その他",その他係数,0))))))))) * P$8,1) -> 0.5 | Q10: =ROUNDUP(IF($E10="画面",画面係数,IF($E10="帳票",帳票係数,IF($E10="バッチ",バッチ係数,0))) * IF($I10="特高",特高係数,IF($I10="高",高係数,IF($I10="中",中係数,IF($I10="低",低係数,IF($I10="特低",特低係数,0))))) * IF(Q$7="SA",要件定義係数,IF(Q$7="UI",基本設計係数,IF(Q$7="SS",詳細設計係数,IF(Q$7="PS/PG/PT",製作係数,IF(Q$7="IT",結合テスト係数,IF(Q$7="ST",総合テスト係数,IF(Q$7="OT",受入支援係数,IF(Q$7="RL",移行切替係数,IF(Q$7="その他",その他係数,0))))))))) * Q$8,1) -> 1.3 | R10: =ROUNDUP(IF($E10="画面",画面係数,IF($E10="帳票",帳票係数,IF($E10="バッチ",バッチ係数,0))) * IF($I10="特高",特高係数,IF($I10="高",高係数,IF($I10="中",中係数,IF($I10="低",低係数,IF($I10="特低",特低係数,0))))) * IF(R$7="SA",要件定義係数,IF(R$7="UI",基本設計係数,IF(R$7="SS",詳細設計係数,IF(R$7="PS/PG/PT",製作係数,IF(R$7="IT",結合テスト係数,IF(R$7="ST",総合テスト係数,IF(R$7="OT",受入支援係数,IF(R$7="RL",移行切替係数,IF(R$7="その他",その他係数,0))))))))) * R$8,1) -> 0 | T10: =ROUNDUP(SUM(J10:S10)*T$8,1) -> 1.9 | U10: =SUM(J10:T10) -> 14 | V10: =U10/20 -> 0.7 | W10: =((J10*J$9) + (K10*K$9) + (L10*L$9) + (M10*M$9) + (N10*N$9) + (O10*O$9) + (P10*P$9) + (Q10*Q$9) + (R10*R$9) + (S10*S$9) + (T10*T$9))/20 -> 768250 | X10: Javaに作り直し
A11: =ROW()-9 -> 2 | B11: メニュー | C11: 受注・入出荷メニュー | D11: メニュー | E11: 画面 | I11: 低 | J11: =ROUNDUP(IF($E11="画面",画面係数,IF($E11="帳票",帳票係数,IF($E11="バッチ",バッチ係数,0))) * IF($I11="特高",特高係数,IF($I11="高",高係数,IF($I11="中",中係数,IF($I11="低",低係数,IF($I11="特低",特低係数,0))))) * IF(J$7="SA",要件定義係数,IF(J$7="UI",基本設計係数,IF(J$7="SS",詳細設計係数,IF(J$7="PS/PG/PT",製作係数,IF(J$7="IT",結合テスト係数,IF(J$7="ST",総合テスト係数,IF(J$7="OT",受入支援係数,IF(J$7="RL",移行切替係数,IF(J$7="その他",その他係数,0))))))))) * J$8,1) -> 1.3 | K11: =ROUNDUP(IF($E11="画面",画面係数,IF($E11="帳票",帳票係数,IF($E11="バッチ",バッチ係数,0))) * IF($I11="特高",特高係数,IF($I11="高",高係数,IF($I11="中",中係数,IF($I11="低",低係数,IF($I11="特低",特低係数,0))))) * IF(K$7="SA",要件定義係数,IF(K$7="UI",基本設計係数,IF(K$7="SS",詳細設計係数,IF(K$7="PS/PG/PT",製作係数,IF(K$7="IT",結合テスト係数,IF(K$7="ST",総合テスト係数,IF(K$7="OT",受入支援係数,IF(K$7="RL",移行切替係数,IF(K$7="その他",その他係数,0))))))))) * K$8,1) -> 1.5 | L11: =ROUNDUP(IF($E11="画面",画面係数,IF($E11="帳票",帳票係数,IF($E11="バッチ",バッチ係数,0))) * IF($I11="特高",特高係数,IF($I11="高",高係数,IF($I11="中",中係数,IF($I11="低",低係数,IF($I11="特低",特低係数,0))))) * IF(L$7="SA",要件定義係数,IF(L$7="UI",基本設計係数,IF(L$7="SS",詳細設計係数,IF(L$7="PS/PG/PT",製作係数,IF(L$7="IT",結合テスト係数,IF(L$7="ST",総合テスト係数,IF(L$7="OT",受入支援係数,IF(L$7="RL",移行切替係数,IF(L$7="その他",その他係数,0))))))))) * L$8,1) -> 1.6 | M11: =ROUNDUP(IF($E11="画面",画面係数,IF($E11="帳票",帳票係数,IF($E11="バッチ",バッチ係数,0))) * IF($I11="特高",特高係数,IF($I11="高",高係数,IF($I11="中",中係数,IF($I11="低",低係数,IF($I11="特低",特低係数,0))))) * IF(M$7="SA",要件定義係数,IF(M$7="UI",基本設計係数,IF(M$7="SS",詳細設計係数,IF(M$7="PS/PG/PT",製作係数,IF(M$7="IT",結合テスト係数,IF(M$7="ST",総合テスト係数,IF(M$7="OT",受入支援係数,IF(M$7="RL",移行切替係数,IF(M$7="その他",その他係数,0))))))))) * M$8,1) -> 2.9 | N11: =ROUNDUP(IF($E11="画面",画面係数,IF($E11="帳票",帳票係数,IF($E11="バッチ",バッチ係数,0))) * IF($I11="特高",特高係数,IF($I11="高",高係数,IF($I11="中",中係数,IF($I11="低",低係数,IF($I11="特低",特低係数,0))))) * IF(N$7="SA",要件定義係数,IF(N$7="UI",基本設計係数,IF(N$7="SS",詳細設計係数,IF(N$7="PS/PG/PT",製作係数,IF(N$7="IT",結合テスト係数,IF(N$7="ST",総合テスト係数,IF(N$7="OT",受入支援係数,IF(N$7="RL",移行切替係数,IF(N$7="その他",その他係数,0))))))))) * N$8,1) -> 1.8 | O11: =ROUNDUP(IF($E11="画面",画面係数,IF($E11="帳票",帳票係数,IF($E11="バッチ",バッチ係数,0))) * IF($I11="特高",特高係数,IF($I11="高",高係数,IF($I11="中",中係数,IF($I11="低",低係数,IF($I11="特低",特低係数,0))))) * IF(O$7="SA",要件定義係数,IF(O$7="UI",基本設計係数,IF(O$7="SS",詳細設計係数,IF(O$7="PS/PG/PT",製作係数,IF(O$7="IT",結合テスト係数,IF(O$7="ST",総合テスト係数,IF(O$7="OT",受入支援係数,IF(O$7="RL",移行切替係数,IF(O$7="その他",その他係数,0))))))))) * O$8,1) -> 1.2 | P11: =ROUNDUP(IF($E11="画面",画面係数,IF($E11="帳票",帳票係数,IF($E11="バッチ",バッチ係数,0))) * IF($I11="特高",特高係数,IF($I11="高",高係数,IF($I11="中",中係数,IF($I11="低",低係数,IF($I11="特低",特低係数,0))))) * IF(P$7="SA",要件定義係数,IF(P$7="UI",基本設計係数,IF(P$7="SS",詳細設計係数,IF(P$7="PS/PG/PT",製作係数,IF(P$7="IT",結合テスト係数,IF(P$7="ST",総合テスト係数,IF(P$7="OT",受入支援係数,IF(P$7="RL",移行切替係数,IF(P$7="その他",その他係数,0))))))))) * P$8,1) -> 0.5 | Q11: =ROUNDUP(IF($E11="画面",画面係数,IF($E11="帳票",帳票係数,IF($E11="バッチ",バッチ係数,0))) * IF($I11="特高",特高係数,IF($I11="高",高係数,IF($I11="中",中係数,IF($I11="低",低係数,IF($I11="特低",特低係数,0))))) * IF(Q$7="SA",要件定義係数,IF(Q$7="UI",基本設計係数,IF(Q$7="SS",詳細設計係数,IF(Q$7="PS/PG/PT",製作係数,IF(Q$7="IT",結合テスト係数,IF(Q$7="ST",総合テスト係数,IF(Q$7="OT",受入支援係数,IF(Q$7="RL",移行切替係数,IF(Q$7="その他",その他係数,0))))))))) * Q$8,1) -> 1.3 | R11: =ROUNDUP(IF($E11="画面",画面係数,IF($E11="帳票",帳票係数,IF($E11="バッチ",バッチ係数,0))) * IF($I11="特高",特高係数,IF($I11="高",高係数,IF($I11="中",中係数,IF($I11="低",低係数,IF($I11="特低",特低係数,0))))) * IF(R$7="SA",要件定義係数,IF(R$7="UI",基本設計係数,IF(R$7="SS",詳細設計係数,IF(R$7="PS/PG/PT",製作係数,IF(R$7="IT",結合テスト係数,IF(R$7="ST",総合テスト係数,IF(R$7="OT",受入支援係数,IF(R$7="RL",移行切替係数,IF(R$7="その他",その他係数,0))))))))) * R$8,1) -> 0 | T11: =ROUNDUP(SUM(J11:S11)*T$8,1) -> 1.9 | U11: =SUM(J11:T11) -> 14 | V11: =U11/20 -> 0.7 | W11: =((J11*J$9) + (K11*K$9) + (L11*L$9) + (M11*M$9) + (N11*N$9) + (O11*O$9) + (P11*P$9) + (Q11*Q$9) + (R11*R$9) + (S11*S$9) + (T11*T$9))/20 -> 768250 | X11: Javaに作り直し
A12: =ROW()-9 -> 3 | B12: メニュー | C12: BO荷繰／シフト計画メニュー | D12: メニュー | E12: 画面 | I12: 低 | J12: =ROUNDUP(IF($E12="画面",画面係数,IF($E12="帳票",帳票係数,IF($E12="バッチ",バッチ係数,0))) * IF($I12="特高",特高係数,IF($I12="高",高係数,IF($I12="中",中係数,IF($I12="低",低係数,IF($I12="特低",特低係数,0))))) * IF(J$7="SA",要件定義係数,IF(J$7="UI",基本設計係数,IF(J$7="SS",詳細設計係数,IF(J$7="PS/PG/PT",製作係数,IF(J$7="IT",結合テスト係数,IF(J$7="ST",総合テスト係数,IF(J$7="OT",受入支援係数,IF(J$7="RL",移行切替係数,IF(J$7="その他",その他係数,0))))))))) * J$8,1) -> 1.3 | K12: =ROUNDUP(IF($E12="画面",画面係数,IF($E12="帳票",帳票係数,IF($E12="バッチ",バッチ係数,0))) * IF($I12="特高",特高係数,IF($I12="高",高係数,IF($I12="中",中係数,IF($I12="低",低係数,IF($I12="特低",特低係数,0))))) * IF(K$7="SA",要件定義係数,IF(K$7="UI",基本設計係数,IF(K$7="SS",詳細設計係数,IF(K$7="PS/PG/PT",製作係数,IF(K$7="IT",結合テスト係数,IF(K$7="ST",総合テスト係数,IF(K$7="OT",受入支援係数,IF(K$7="RL",移行切替係数,IF(K$7="その他",その他係数,0))))))))) * K$8,1) -> 1.5 | L12: =ROUNDUP(IF($E12="画面",画面係数,IF($E12="帳票",帳票係数,IF($E12="バッチ",バッチ係数,0))) * IF($I12="特高",特高係数,IF($I12="高",高係数,IF($I12="中",中係数,IF($I12="低",低係数,IF($I12="特低",特低係数,0))))) * IF(L$7="SA",要件定義係数,IF(L$7="UI",基本設計係数,IF(L$7="SS",詳細設計係数,IF(L$7="PS/PG/PT",製作係数,IF(L$7="IT",結合テスト係数,IF(L$7="ST",総合テスト係数,IF(L$7="OT",受入支援係数,IF(L$7="RL",移行切替係数,IF(L$7="その他",その他係数,0))))))))) * L$8,1) -> 1.6 | M12: =ROUNDUP(IF($E12="画面",画面係数,IF($E12="帳票",帳票係数,IF($E12="バッチ",バッチ係数,0))) * IF($I12="特高",特高係数,IF($I12="高",高係数,IF($I12="中",中係数,IF($I12="低",低係数,IF($I12="特低",特低係数,0))))) * IF(M$7="SA",要件定義係数,IF(M$7="UI",基本設計係数,IF(M$7="SS",詳細設計係数,IF(M$7="PS/PG/PT",製作係数,IF(M$7="IT",結合テスト係数,IF(M$7="ST",総合テスト係数,IF(M$7="OT",受入支援係数,IF(M$7="RL",移行切替係数,IF(M$7="その他",その他係数,0))))))))) * M$8,1) -> 2.9 | N12: =ROUNDUP(IF($E12="画面",画面係数,IF($E12="帳票",帳票係数,IF($E12="バッチ",バッチ係数,0))) * IF($I12="特高",特高係数,IF($I12="高",高係数,IF($I12="中",中係数,IF($I12="低",低係数,IF($I12="特低",特低係数,0))))) * IF(N$7="SA",要件定義係数,IF(N$7="UI",基本設計係数,IF(N$7="SS",詳細設計係数,IF(N$7="PS/PG/PT",製作係数,IF(N$7="IT",結合テスト係数,IF(N$7="ST",総合テスト係数,IF(N$7="OT",受入支援係数,IF(N$7="RL",移行切替係数,IF(N$7="その他",その他係数,0))))))))) * N$8,1) -> 1.8 | O12: =ROUNDUP(IF($E12="画面",画面係数,IF($E12="帳票",帳票係数,IF($E12="バッチ",バッチ係数,0))) * IF($I12="特高",特高係数,IF($I12="高",高係数,IF($I12="中",中係数,IF($I12="低",低係数,IF($I12="特低",特低係数,0))))) * IF(O$7="SA",要件定義係数,IF(O$7="UI",基本設計係数,IF(O$7="SS",詳細設計係数,IF(O$7="PS/PG/PT",製作係数,IF(O$7="IT",結合テスト係数,IF(O$7="ST",総合テスト係数,IF(O$7="OT",受入支援係数,IF(O$7="RL",移行切替係数,IF(O$7="その他",その他係数,0))))))))) * O$8,1) -> 1.2 | P12: =ROUNDUP(IF($E12="画面",画面係数,IF($E12="帳票",帳票係数,IF($E12="バッチ",バッチ係数,0))) * IF($I12="特高",特高係数,IF($I12="高",高係数,IF($I12="中",中係数,IF($I12="低",低係数,IF($I12="特低",特低係数,0))))) * IF(P$7="SA",要件定義係数,IF(P$7="UI",基本設計係数,IF(P$7="SS",詳細設計係数,IF(P$7="PS/PG/PT",製作係数,IF(P$7="IT",結合テスト係数,IF(P$7="ST",総合テスト係数,IF(P$7="OT",受入支援係数,IF(P$7="RL",移行切替係数,IF(P$7="その他",その他係数,0))))))))) * P$8,1) -> 0.5 | Q12: =ROUNDUP(IF($E12="画面",画面係数,IF($E12="帳票",帳票係数,IF($E12="バッチ",バッチ係数,0))) * IF($I12="特高",特高係数,IF($I12="高",高係数,IF($I12="中",中係数,IF($I12="低",低係数,IF($I12="特低",特低係数,0))))) * IF(Q$7="SA",要件定義係数,IF(Q$7="UI",基本設計係数,IF(Q$7="SS",詳細設計係数,IF(Q$7="PS/PG/PT",製作係数,IF(Q$7="IT",結合テスト係数,IF(Q$7="ST",総合テスト係数,IF(Q$7="OT",受入支援係数,IF(Q$7="RL",移行切替係数,IF(Q$7="その他",その他係数,0))))))))) * Q$8,1) -> 1.3 | R12: =ROUNDUP(IF($E12="画面",画面係数,IF($E12="帳票",帳票係数,IF($E12="バッチ",バッチ係数,0))) * IF($I12="特高",特高係数,IF($I12="高",高係数,IF($I12="中",中係数,IF($I12="低",低係数,IF($I12="特低",特低係数,0))))) * IF(R$7="SA",要件定義係数,IF(R$7="UI",基本設計係数,IF(R$7="SS",詳細設計係数,IF(R$7="PS/PG/PT",製作係数,IF(R$7="IT",結合テスト係数,IF(R$7="ST",総合テスト係数,IF(R$7="OT",受入支援係数,IF(R$7="RL",移行切替係数,IF(R$7="その他",その他係数,0))))))))) * R$8,1) -> 0 | T12: =ROUNDUP(SUM(J12:S12)*T$8,1) -> 1.9 | U12: =SUM(J12:T12) -> 14 | V12: =U12/20 -> 0.7 | W12: =((J12*J$9) + (K12*K$9) + (L12*L$9) + (M12*M$9) + (N12*N$9) + (O12*O$9) + (P12*P$9) + (Q12*Q$9) + (R12*R$9) + (S12*S$9) + (T12*T$9))/20 -> 768250 | X12: Javaに作り直し
A13: =ROW()-9 -> 4 | B13: メニュー | C13: 生産計画・発注メニュー | D13: メニュー | E13: 画面 | I13: 低 | J13: =ROUNDUP(IF($E13="画面",画面係数,IF($E13="帳票",帳票係数,IF($E13="バッチ",バッチ係数,0))) * IF($I13="特高",特高係数,IF($I13="高",高係数,IF($I13="中",中係数,IF($I13="低",低係数,IF($I13="特低",特低係数,0))))) * IF(J$7="SA",要件定義係数,IF(J$7="UI",基本設計係数,IF(J$7="SS",詳細設計係数,IF(J$7="PS/PG/PT",製作係数,IF(J$7="IT",結合テスト係数,IF(J$7="ST",総合テスト係数,IF(J$7="OT",受入支援係数,IF(J$7="RL",移行切替係数,IF(J$7="その他",その他係数,0))))))))) * J$8,1) -> 1.3 | K13: =ROUNDUP(IF($E13="画面",画面係数,IF($E13="帳票",帳票係数,IF($E13="バッチ",バッチ係数,0))) * IF($I13="特高",特高係数,IF($I13="高",高係数,IF($I13="中",中係数,IF($I13="低",低係数,IF($I13="特低",特低係数,0))))) * IF(K$7="SA",要件定義係数,IF(K$7="UI",基本設計係数,IF(K$7="SS",詳細設計係数,IF(K$7="PS/PG/PT",製作係数,IF(K$7="IT",結合テスト係数,IF(K$7="ST",総合テスト係数,IF(K$7="OT",受入支援係数,IF(K$7="RL",移行切替係数,IF(K$7="その他",その他係数,0))))))))) * K$8,1) -> 1.5 | L13: =ROUNDUP(IF($E13="画面",画面係数,IF($E13="帳票",帳票係数,IF($E13="バッチ",バッチ係数,0))) * IF($I13="特高",特高係数,IF($I13="高",高係数,IF($I13="中",中係数,IF($I13="低",低係数,IF($I13="特低",特低係数,0))))) * IF(L$7="SA",要件定義係数,IF(L$7="UI",基本設計係数,IF(L$7="SS",詳細設計係数,IF(L$7="PS/PG/PT",製作係数,IF(L$7="IT",結合テスト係数,IF(L$7="ST",総合テスト係数,IF(L$7="OT",受入支援係数,IF(L$7="RL",移行切替係数,IF(L$7="その他",その他係数,0))))))))) * L$8,1) -> 1.6 | M13: =ROUNDUP(IF($E13="画面",画面係数,IF($E13="帳票",帳票係数,IF($E13="バッチ",バッチ係数,0))) * IF($I13="特高",特高係数,IF($I13="高",高係数,IF($I13="中",中係数,IF($I13="低",低係数,IF($I13="特低",特低係数,0))))) * IF(M$7="SA",要件定義係数,IF(M$7="UI",基本設計係数,IF(M$7="SS",詳細設計係数,IF(M$7="PS/PG/PT",製作係数,IF(M$7="IT",結合テスト係数,IF(M$7="ST",総合テスト係数,IF(M$7="OT",受入支援係数,IF(M$7="RL",移行切替係数,IF(M$7="その他",その他係数,0))))))))) * M$8,1) -> 2.9 | N13: =ROUNDUP(IF($E13="画面",画面係数,IF($E13="帳票",帳票係数,IF($E13="バッチ",バッチ係数,0))) * IF($I13="特高",特高係数,IF($I13="高",高係数,IF($I13="中",中係数,IF($I13="低",低係数,IF($I13="特低",特低係数,0))))) * IF(N$7="SA",要件定義係数,IF(N$7="UI",基本設計係数,IF(N$7="SS",詳細設計係数,IF(N$7="PS/PG/PT",製作係数,IF(N$7="IT",結合テスト係数,IF(N$7="ST",総合テスト係数,IF(N$7="OT",受入支援係数,IF(N$7="RL",移行切替係数,IF(N$7="その他",その他係数,0))))))))) * N$8,1) -> 1.8 | O13: =ROUNDUP(IF($E13="画面",画面係数,IF($E13="帳票",帳票係数,IF($E13="バッチ",バッチ係数,0))) * IF($I13="特高",特高係数,IF($I13="高",高係数,IF($I13="中",中係数,IF($I13="低",低係数,IF($I13="特低",特低係数,0))))) * IF(O$7="SA",要件定義係数,IF(O$7="UI",基本設計係数,IF(O$7="SS",詳細設計係数,IF(O$7="PS/PG/PT",製作係数,IF(O$7="IT",結合テスト係数,IF(O$7="ST",総合テスト係数,IF(O$7="OT",受入支援係数,IF(O$7="RL",移行切替係数,IF(O$7="その他",その他係数,0))))))))) * O$8,1) -> 1.2 | P13: =ROUNDUP(IF($E13="画面",画面係数,IF($E13="帳票",帳票係数,IF($E13="バッチ",バッチ係数,0))) * IF($I13="特高",特高係数,IF($I13="高",高係数,IF($I13="中",中係数,IF($I13="低",低係数,IF($I13="特低",特低係数,0))))) * IF(P$7="SA",要件定義係数,IF(P$7="UI",基本設計係数,IF(P$7="SS",詳細設計係数,IF(P$7="PS/PG/PT",製作係数,IF(P$7="IT",結合テスト係数,IF(P$7="ST",総合テスト係数,IF(P$7="OT",受入支援係数,IF(P$7="RL",移行切替係数,IF(P$7="その他",その他係数,0))))))))) * P$8,1) -> 0.5 | Q13: =ROUNDUP(IF($E13="画面",画面係数,IF($E13="帳票",帳票係数,IF($E13="バッチ",バッチ係数,0))) * IF($I13="特高",特高係数,IF($I13="高",高係数,IF($I13="中",中係数,IF($I13="低",低係数,IF($I13="特低",特低係数,0))))) * IF(Q$7="SA",要件定義係数,IF(Q$7="UI",基本設計係数,IF(Q$7="SS",詳細設計係数,IF(Q$7="PS/PG/PT",製作係数,IF(Q$7="IT",結合テスト係数,IF(Q$7="ST",総合テスト係数,IF(Q$7="OT",受入支援係数,IF(Q$7="RL",移行切替係数,IF(Q$7="その他",その他係数,0))))))))) * Q$8,1) -> 1.3 | R13: =ROUNDUP(IF($E13="画面",画面係数,IF($E13="帳票",帳票係数,IF($E13="バッチ",バッチ係数,0))) * IF($I13="特高",特高係数,IF($I13="高",高係数,IF($I13="中",中係数,IF($I13="低",低係数,IF($I13="特低",特低係数,0))))) * IF(R$7="SA",要件定義係数,IF(R$7="UI",基本設計係数,IF(R$7="SS",詳細設計係数,IF(R$7="PS/PG/PT",製作係数,IF(R$7="IT",結合テスト係数,IF(R$7="ST",総合テスト係数,IF(R$7="OT",受入支援係数,IF(R$7="RL",移行切替係数,IF(R$7="その他",その他係数,0))))))))) * R$8,1) -> 0 | T13: =ROUNDUP(SUM(J13:S13)*T$8,1) -> 1.9 | U13: =SUM(J13:T13) -> 14 | V13: =U13/20 -> 0.7 | W13: =((J13*J$9) + (K13*K$9) + (L13*L$9) + (M13*M$9) + (N13*N$9) + (O13*O$9) + (P13*P$9) + (Q13*Q$9) + (R13*R$9) + (S13*S$9) + (T13*T$9))/20 -> 768250 | X13: Javaに作り直し
A14: =ROW()-9 -> 5 | B14: メニュー | C14: 商品管理メニュー | D14: メニュー | E14: 画面 | I14: 低 | J14: =ROUNDUP(IF($E14="画面",画面係数,IF($E14="帳票",帳票係数,IF($E14="バッチ",バッチ係数,0))) * IF($I14="特高",特高係数,IF($I14="高",高係数,IF($I14="中",中係数,IF($I14="低",低係数,IF($I14="特低",特低係数,0))))) * IF(J$7="SA",要件定義係数,IF(J$7="UI",基本設計係数,IF(J$7="SS",詳細設計係数,IF(J$7="PS/PG/PT",製作係数,IF(J$7="IT",結合テスト係数,IF(J$7="ST",総合テスト係数,IF(J$7="OT",受入支援係数,IF(J$7="RL",移行切替係数,IF(J$7="その他",その他係数,0))))))))) * J$8,1) -> 1.3 | K14: =ROUNDUP(IF($E14="画面",画面係数,IF($E14="帳票",帳票係数,IF($E14="バッチ",バッチ係数,0))) * IF($I14="特高",特高係数,IF($I14="高",高係数,IF($I14="中",中係数,IF($I14="低",低係数,IF($I14="特低",特低係数,0))))) * IF(K$7="SA",要件定義係数,IF(K$7="UI",基本設計係数,IF(K$7="SS",詳細設計係数,IF(K$7="PS/PG/PT",製作係数,IF(K$7="IT",結合テスト係数,IF(K$7="ST",総合テスト係数,IF(K$7="OT",受入支援係数,IF(K$7="RL",移行切替係数,IF(K$7="その他",その他係数,0))))))))) * K$8,1) -> 1.5 | L14: =ROUNDUP(IF($E14="画面",画面係数,IF($E14="帳票",帳票係数,IF($E14="バッチ",バッチ係数,0))) * IF($I14="特高",特高係数,IF($I14="高",高係数,IF($I14="中",中係数,IF($I14="低",低係数,IF($I14="特低",特低係数,0))))) * IF(L$7="SA",要件定義係数,IF(L$7="UI",基本設計係数,IF(L$7="SS",詳細設計係数,IF(L$7="PS/PG/PT",製作係数,IF(L$7="IT",結合テスト係数,IF(L$7="ST",総合テスト係数,IF(L$7="OT",受入支援係数,IF(L$7="RL",移行切替係数,IF(L$7="その他",その他係数,0))))))))) * L$8,1) -> 1.6 | M14: =ROUNDUP(IF($E14="画面",画面係数,IF($E14="帳票",帳票係数,IF($E14="バッチ",バッチ係数,0))) * IF($I14="特高",特高係数,IF($I14="高",高係数,IF($I14="中",中係数,IF($I14="低",低係数,IF($I14="特低",特低係数,0))))) * IF(M$7="SA",要件定義係数,IF(M$7="UI",基本設計係数,IF(M$7="SS",詳細設計係数,IF(M$7="PS/PG/PT",製作係数,IF(M$7="IT",結合テスト係数,IF(M$7="ST",総合テスト係数,IF(M$7="OT",受入支援係数,IF(M$7="RL",移行切替係数,IF(M$7="その他",その他係数,0))))))))) * M$8,1) -> 2.9 | N14: =ROUNDUP(IF($E14="画面",画面係数,IF($E14="帳票",帳票係数,IF($E14="バッチ",バッチ係数,0))) * IF($I14="特高",特高係数,IF($I14="高",高係数,IF($I14="中",中係数,IF($I14="低",低係数,IF($I14="特低",特低係数,0))))) * IF(N$7="SA",要件定義係数,IF(N$7="UI",基本設計係数,IF(N$7="SS",詳細設計係数,IF(N$7="PS/PG/PT",製作係数,IF(N$7="IT",結合テスト係数,IF(N$7="ST",総合テスト係数,IF(N$7="OT",受入支援係数,IF(N$7="RL",移行切替係数,IF(N$7="その他",その他係数,0))))))))) * N$8,1) -> 1.8 | O14: =ROUNDUP(IF($E14="画面",画面係数,IF($E14="帳票",帳票係数,IF($E14="バッチ",バッチ係数,0))) * IF($I14="特高",特高係数,IF($I14="高",高係数,IF($I14="中",中係数,IF($I14="低",低係数,IF($I14="特低",特低係数,0))))) * IF(O$7="SA",要件定義係数,IF(O$7="UI",基本設計係数,IF(O$7="SS",詳細設計係数,IF(O$7="PS/PG/PT",製作係数,IF(O$7="IT",結合テスト係数,IF(O$7="ST",総合テスト係数,IF(O$7="OT",受入支援係数,IF(O$7="RL",移行切替係数,IF(O$7="その他",その他係数,0))))))))) * O$8,1) -> 1.2 | P14: =ROUNDUP(IF($E14="画面",画面係数,IF($E14="帳票",帳票係数,IF($E14="バッチ",バッチ係数,0))) * IF($I14="特高",特高係数,IF($I14="高",高係数,IF($I14="中",中係数,IF($I14="低",低係数,IF($I14="特低",特低係数,0))))) * IF(P$7="SA",要件定義係数,IF(P$7="UI",基本設計係数,IF(P$7="SS",詳細設計係数,IF(P$7="PS/PG/PT",製作係数,IF(P$7="IT",結合テスト係数,IF(P$7="ST",総合テスト係数,IF(P$7="OT",受入支援係数,IF(P$7="RL",移行切替係数,IF(P$7="その他",その他係数,0))))))))) * P$8,1) -> 0.5 | Q14: =ROUNDUP(IF($E14="画面",画面係数,IF($E14="帳票",帳票係数,IF($E14="バッチ",バッチ係数,0))) * IF($I14="特高",特高係数,IF($I14="高",高係数,IF($I14="中",中係数,IF($I14="低",低係数,IF($I14="特低",特低係数,0))))) * IF(Q$7="SA",要件定義係数,IF(Q$7="UI",基本設計係数,IF(Q$7="SS",詳細設計係数,IF(Q$7="PS/PG/PT",製作係数,IF(Q$7="IT",結合テスト係数,IF(Q$7="ST",総合テスト係数,IF(Q$7="OT",受入支援係数,IF(Q$7="RL",移行切替係数,IF(Q$7="その他",その他係数,0))))))))) * Q$8,1) -> 1.3 | R14: =ROUNDUP(IF($E14="画面",画面係数,IF($E14="帳票",帳票係数,IF($E14="バッチ",バッチ係数,0))) * IF($I14="特高",特高係数,IF($I14="高",高係数,IF($I14="中",中係数,IF($I14="低",低係数,IF($I14="特低",特低係数,0))))) * IF(R$7="SA",要件定義係数,IF(R$7="UI",基本設計係数,IF(R$7="SS",詳細設計係数,IF(R$7="PS/PG/PT",製作係数,IF(R$7="IT",結合テスト係数,IF(R$7="ST",総合テスト係数,IF(R$7="OT",受入支援係数,IF(R$7="RL",移行切替係数,IF(R$7="その他",その他係数,0))))))))) * R$8,1) -> 0 | T14: =ROUNDUP(SUM(J14:S14)*T$8,1) -> 1.9 | U14: =SUM(J14:T14) -> 14 | V14: =U14/20 -> 0.7 | W14: =((J14*J$9) + (K14*K$9) + (L14*L$9) + (M14*M$9) + (N14*N$9) + (O14*O$9) + (P14*P$9) + (Q14*Q$9) + (R14*R$9) + (S14*S$9) + (T14*T$9))/20 -> 768250 | X14: Javaに作り直し
A15: =ROW()-9 -> 6 | B15: メニュー | C15: 品質管理メニュー | D15: メニュー | E15: 画面 | I15: 低 | J15: =ROUNDUP(IF($E15="画面",画面係数,IF($E15="帳票",帳票係数,IF($E15="バッチ",バッチ係数,0))) * IF($I15="特高",特高係数,IF($I15="高",高係数,IF($I15="中",中係数,IF($I15="低",低係数,IF($I15="特低",特低係数,0))))) * IF(J$7="SA",要件定義係数,IF(J$7="UI",基本設計係数,IF(J$7="SS",詳細設計係数,IF(J$7="PS/PG/PT",製作係数,IF(J$7="IT",結合テスト係数,IF(J$7="ST",総合テスト係数,IF(J$7="OT",受入支援係数,IF(J$7="RL",移行切替係数,IF(J$7="その他",その他係数,0))))))))) * J$8,1) -> 1.3 | K15: =ROUNDUP(IF($E15="画面",画面係数,IF($E15="帳票",帳票係数,IF($E15="バッチ",バッチ係数,0))) * IF($I15="特高",特高係数,IF($I15="高",高係数,IF($I15="中",中係数,IF($I15="低",低係数,IF($I15="特低",特低係数,0))))) * IF(K$7="SA",要件定義係数,IF(K$7="UI",基本設計係数,IF(K$7="SS",詳細設計係数,IF(K$7="PS/PG/PT",製作係数,IF(K$7="IT",結合テスト係数,IF(K$7="ST",総合テスト係数,IF(K$7="OT",受入支援係数,IF(K$7="RL",移行切替係数,IF(K$7="その他",その他係数,0))))))))) * K$8,1) -> 1.5 | L15: =ROUNDUP(IF($E15="画面",画面係数,IF($E15="帳票",帳票係数,IF($E15="バッチ",バッチ係数,0))) * IF($I15="特高",特高係数,IF($I15="高",高係数,IF($I15="中",中係数,IF($I15="低",低係数,IF($I15="特低",特低係数,0))))) * IF(L$7="SA",要件定義係数,IF(L$7="UI",基本設計係数,IF(L$7="SS",詳細設計係数,IF(L$7="PS/PG/PT",製作係数,IF(L$7="IT",結合テスト係数,IF(L$7="ST",総合テスト係数,IF(L$7="OT",受入支援係数,IF(L$7="RL",移行切替係数,IF(L$7="その他",その他係数,0))))))))) * L$8,1) -> 1.6 | M15: =ROUNDUP(IF($E15="画面",画面係数,IF($E15="帳票",帳票係数,IF($E15="バッチ",バッチ係数,0))) * IF($I15="特高",特高係数,IF($I15="高",高係数,IF($I15="中",中係数,IF($I15="低",低係数,IF($I15="特低",特低係数,0))))) * IF(M$7="SA",要件定義係数,IF(M$7="UI",基本設計係数,IF(M$7="SS",詳細設計係数,IF(M$7="PS/PG/PT",製作係数,IF(M$7="IT",結合テスト係数,IF(M$7="ST",総合テスト係数,IF(M$7="OT",受入支援係数,IF(M$7="RL",移行切替係数,IF(M$7="その他",その他係数,0))))))))) * M$8,1) -> 2.9 | N15: =ROUNDUP(IF($E15="画面",画面係数,IF($E15="帳票",帳票係数,IF($E15="バッチ",バッチ係数,0))) * IF($I15="特高",特高係数,IF($I15="高",高係数,IF($I15="中",中係数,IF($I15="低",低係数,IF($I15="特低",特低係数,0))))) * IF(N$7="SA",要件定義係数,IF(N$7="UI",基本設計係数,IF(N$7="SS",詳細設計係数,IF(N$7="PS/PG/PT",製作係数,IF(N$7="IT",結合テスト係数,IF(N$7="ST",総合テスト係数,IF(N$7="OT",受入支援係数,IF(N$7="RL",移行切替係数,IF(N$7="その他",その他係数,0))))))))) * N$8,1) -> 1.8 | O15: =ROUNDUP(IF($E15="画面",画面係数,IF($E15="帳票",帳票係数,IF($E15="バッチ",バッチ係数,0))) * IF($I15="特高",特高係数,IF($I15="高",高係数,IF($I15="中",中係数,IF($I15="低",低係数,IF($I15="特低",特低係数,0))))) * IF(O$7="SA",要件定義係数,IF(O$7="UI",基本設計係数,IF(O$7="SS",詳細設計係数,IF(O$7="PS/PG/PT",製作係数,IF(O$7="IT",結合テスト係数,IF(O$7="ST",総合テスト係数,IF(O$7="OT",受入支援係数,IF(O$7="RL",移行切替係数,IF(O$7="その他",その他係数,0))))))))) * O$8,1) -> 1.2 | P15: =ROUNDUP(IF($E15="画面",画面係数,IF($E15="帳票",帳票係数,IF($E15="バッチ",バッチ係数,0))) * IF($I15="特高",特高係数,IF($I15="高",高係数,IF($I15="中",中係数,IF($I15="低",低係数,IF($I15="特低",特低係数,0))))) * IF(P$7="SA",要件定義係数,IF(P$7="UI",基本設計係数,IF(P$7="SS",詳細設計係数,IF(P$7="PS/PG/PT",製作係数,IF(P$7="IT",結合テスト係数,IF(P$7="ST",総合テスト係数,IF(P$7="OT",受入支援係数,IF(P$7="RL",移行切替係数,IF(P$7="その他",その他係数,0))))))))) * P$8,1) -> 0.5 | Q15: =ROUNDUP(IF($E15="画面",画面係数,IF($E15="帳票",帳票係数,IF($E15="バッチ",バッチ係数,0))) * IF($I15="特高",特高係数,IF($I15="高",高係数,IF($I15="中",中係数,IF($I15="低",低係数,IF($I15="特低",特低係数,0))))) * IF(Q$7="SA",要件定義係数,IF(Q$7="UI",基本設計係数,IF(Q$7="SS",詳細設計係数,IF(Q$7="PS/PG/PT",製作係数,IF(Q$7="IT",結合テスト係数,IF(Q$7="ST",総合テスト係数,IF(Q$7="OT",受入支援係数,IF(Q$7="RL",移行切替係数,IF(Q$7="その他",その他係数,0))))))))) * Q$8,1) -> 1.3 | R15: =ROUNDUP(IF($E15="画面",画面係数,IF($E15="帳票",帳票係数,IF($E15="バッチ",バッチ係数,0))) * IF($I15="特高",特高係数,IF($I15="高",高係数,IF($I15="中",中係数,IF($I15="低",低係数,IF($I15="特低",特低係数,0))))) * IF(R$7="SA",要件定義係数,IF(R$7="UI",基本設計係数,IF(R$7="SS",詳細設計係数,IF(R$7="PS/PG/PT",製作係数,IF(R$7="IT",結合テスト係数,IF(R$7="ST",総合テスト係数,IF(R$7="OT",受入支援係数,IF(R$7="RL",移行切替係数,IF(R$7="その他",その他係数,0))))))))) * R$8,1) -> 0 | T15: =ROUNDUP(SUM(J15:S15)*T$8,1) -> 1.9 | U15: =SUM(J15:T15) -> 14 | V15: =U15/20 -> 0.7 | W15: =((J15*J$9) + (K15*K$9) + (L15*L$9) + (M15*M$9) + (N15*N$9) + (O15*O$9) + (P15*P$9) + (Q15*Q$9) + (R15*R$9) + (S15*S$9) + (T15*T$9))/20 -> 768250 | X15: Javaに作り直し
A16: =ROW()-9 -> 7 | B16: メニュー | C16: マスタデータ保守メニュー | D16: メニュー | E16: 画面 | I16: 低 | J16: =ROUNDUP(IF($E16="画面",画面係数,IF($E16="帳票",帳票係数,IF($E16="バッチ",バッチ係数,0))) * IF($I16="特高",特高係数,IF($I16="高",高係数,IF($I16="中",中係数,IF($I16="低",低係数,IF($I16="特低",特低係数,0))))) * IF(J$7="SA",要件定義係数,IF(J$7="UI",基本設計係数,IF(J$7="SS",詳細設計係数,IF(J$7="PS/PG/PT",製作係数,IF(J$7="IT",結合テスト係数,IF(J$7="ST",総合テスト係数,IF(J$7="OT",受入支援係数,IF(J$7="RL",移行切替係数,IF(J$7="その他",その他係数,0))))))))) * J$8,1) -> 1.3 | K16: =ROUNDUP(IF($E16="画面",画面係数,IF($E16="帳票",帳票係数,IF($E16="バッチ",バッチ係数,0))) * IF($I16="特高",特高係数,IF($I16="高",高係数,IF($I16="中",中係数,IF($I16="低",低係数,IF($I16="特低",特低係数,0))))) * IF(K$7="SA",要件定義係数,IF(K$7="UI",基本設計係数,IF(K$7="SS",詳細設計係数,IF(K$7="PS/PG/PT",製作係数,IF(K$7="IT",結合テスト係数,IF(K$7="ST",総合テスト係数,IF(K$7="OT",受入支援係数,IF(K$7="RL",移行切替係数,IF(K$7="その他",その他係数,0))))))))) * K$8,1) -> 1.5 | L16: =ROUNDUP(IF($E16="画面",画面係数,IF($E16="帳票",帳票係数,IF($E16="バッチ",バッチ係数,0))) * IF($I16="特高",特高係数,IF($I16="高",高係数,IF($I16="中",中係数,IF($I16="低",低係数,IF($I16="特低",特低係数,0))))) * IF(L$7="SA",要件定義係数,IF(L$7="UI",基本設計係数,IF(L$7="SS",詳細設計係数,IF(L$7="PS/PG/PT",製作係数,IF(L$7="IT",結合テスト係数,IF(L$7="ST",総合テスト係数,IF(L$7="OT",受入支援係数,IF(L$7="RL",移行切替係数,IF(L$7="その他",その他係数,0))))))))) * L$8,1) -> 1.6 | M16: =ROUNDUP(IF($E16="画面",画面係数,IF($E16="帳票",帳票係数,IF($E16="バッチ",バッチ係数,0))) * IF($I16="特高",特高係数,IF($I16="高",高係数,IF($I16="中",中係数,IF($I16="低",低係数,IF($I16="特低",特低係数,0))))) * IF(M$7="SA",要件定義係数,IF(M$7="UI",基本設計係数,IF(M$7="SS",詳細設計係数,IF(M$7="PS/PG/PT",製作係数,IF(M$7="IT",結合テスト係数,IF(M$7="ST",総合テスト係数,IF(M$7="OT",受入支援係数,IF(M$7="RL",移行切替係数,IF(M$7="その他",その他係数,0))))))))) * M$8,1) -> 2.9 | N16: =ROUNDUP(IF($E16="画面",画面係数,IF($E16="帳票",帳票係数,IF($E16="バッチ",バッチ係数,0))) * IF($I16="特高",特高係数,IF($I16="高",高係数,IF($I16="中",中係数,IF($I16="低",低係数,IF($I16="特低",特低係数,0))))) * IF(N$7="SA",要件定義係数,IF(N$7="UI",基本設計係数,IF(N$7="SS",詳細設計係数,IF(N$7="PS/PG/PT",製作係数,IF(N$7="IT",結合テスト係数,IF(N$7="ST",総合テスト係数,IF(N$7="OT",受入支援係数,IF(N$7="RL",移行切替係数,IF(N$7="その他",その他係数,0))))))))) * N$8,1) -> 1.8 | O16: =ROUNDUP(IF($E16="画面",画面係数,IF($E16="帳票",帳票係数,IF($E16="バッチ",バッチ係数,0))) * IF($I16="特高",特高係数,IF($I16="高",高係数,IF($I16="中",中係数,IF($I16="低",低係数,IF($I16="特低",特低係数,0))))) * IF(O$7="SA",要件定義係数,IF(O$7="UI",基本設計係数,IF(O$7="SS",詳細設計係数,IF(O$7="PS/PG/PT",製作係数,IF(O$7="IT",結合テスト係数,IF(O$7="ST",総合テスト係数,IF(O$7="OT",受入支援係数,IF(O$7="RL",移行切替係数,IF(O$7="その他",その他係数,0))))))))) * O$8,1) -> 1.2 | P16: =ROUNDUP(IF($E16="画面",画面係数,IF($E16="帳票",帳票係数,IF($E16="バッチ",バッチ係数,0))) * IF($I16="特高",特高係数,IF($I16="高",高係数,IF($I16="中",中係数,IF($I16="低",低係数,IF($I16="特低",特低係数,0))))) * IF(P$7="SA",要件定義係数,IF(P$7="UI",基本設計係数,IF(P$7="SS",詳細設計係数,IF(P$7="PS/PG/PT",製作係数,IF(P$7="IT",結合テスト係数,IF(P$7="ST",総合テスト係数,IF(P$7="OT",受入支援係数,IF(P$7="RL",移行切替係数,IF(P$7="その他",その他係数,0))))))))) * P$8,1) -> 0.5 | Q16: =ROUNDUP(IF($E16="画面",画面係数,IF($E16="帳票",帳票係数,IF($E16="バッチ",バッチ係数,0))) * IF($I16="特高",特高係数,IF($I16="高",高係数,IF($I16="中",中係数,IF($I16="低",低係数,IF($I16="特低",特低係数,0))))) * IF(Q$7="SA",要件定義係数,IF(Q$7="UI",基本設計係数,IF(Q$7="SS",詳細設計係数,IF(Q$7="PS/PG/PT",製作係数,IF(Q$7="IT",結合テスト係数,IF(Q$7="ST",総合テスト係数,IF(Q$7="OT",受入支援係数,IF(Q$7="RL",移行切替係数,IF(Q$7="その他",その他係数,0))))))))) * Q$8,1) -> 1.3 | R16: =ROUNDUP(IF($E16="画面",画面係数,IF($E16="帳票",帳票係数,IF($E16="バッチ",バッチ係数,0))) * IF($I16="特高",特高係数,IF($I16="高",高係数,IF($I16="中",中係数,IF($I16="低",低係数,IF($I16="特低",特低係数,0))))) * IF(R$7="SA",要件定義係数,IF(R$7="UI",基本設計係数,IF(R$7="SS",詳細設計係数,IF(R$7="PS/PG/PT",製作係数,IF(R$7="IT",結合テスト係数,IF(R$7="ST",総合テスト係数,IF(R$7="OT",受入支援係数,IF(R$7="RL",移行切替係数,IF(R$7="その他",その他係数,0))))))))) * R$8,1) -> 0 | T16: =ROUNDUP(SUM(J16:S16)*T$8,1) -> 1.9 | U16: =SUM(J16:T16) -> 14 | V16: =U16/20 -> 0.7 | W16: =((J16*J$9) + (K16*K$9) + (L16*L$9) + (M16*M$9) + (N16*N$9) + (O16*O$9) + (P16*P$9) + (Q16*Q$9) + (R16*R$9) + (S16*S$9) + (T16*T$9))/20 -> 768250 | X16: Javaに作り直し
A17: =ROW()-9 -> 8 | B17: メニュー | C17: 検索／管理資料メニュー | D17: メニュー | E17: 画面 | I17: 低 | J17: =ROUNDUP(IF($E17="画面",画面係数,IF($E17="帳票",帳票係数,IF($E17="バッチ",バッチ係数,0))) * IF($I17="特高",特高係数,IF($I17="高",高係数,IF($I17="中",中係数,IF($I17="低",低係数,IF($I17="特低",特低係数,0))))) * IF(J$7="SA",要件定義係数,IF(J$7="UI",基本設計係数,IF(J$7="SS",詳細設計係数,IF(J$7="PS/PG/PT",製作係数,IF(J$7="IT",結合テスト係数,IF(J$7="ST",総合テスト係数,IF(J$7="OT",受入支援係数,IF(J$7="RL",移行切替係数,IF(J$7="その他",その他係数,0))))))))) * J$8,1) -> 1.3 | K17: =ROUNDUP(IF($E17="画面",画面係数,IF($E17="帳票",帳票係数,IF($E17="バッチ",バッチ係数,0))) * IF($I17="特高",特高係数,IF($I17="高",高係数,IF($I17="中",中係数,IF($I17="低",低係数,IF($I17="特低",特低係数,0))))) * IF(K$7="SA",要件定義係数,IF(K$7="UI",基本設計係数,IF(K$7="SS",詳細設計係数,IF(K$7="PS/PG/PT",製作係数,IF(K$7="IT",結合テスト係数,IF(K$7="ST",総合テスト係数,IF(K$7="OT",受入支援係数,IF(K$7="RL",移行切替係数,IF(K$7="その他",その他係数,0))))))))) * K$8,1) -> 1.5 | L17: =ROUNDUP(IF($E17="画面",画面係数,IF($E17="帳票",帳票係数,IF($E17="バッチ",バッチ係数,0))) * IF($I17="特高",特高係数,IF($I17="高",高係数,IF($I17="中",中係数,IF($I17="低",低係数,IF($I17="特低",特低係数,0))))) * IF(L$7="SA",要件定義係数,IF(L$7="UI",基本設計係数,IF(L$7="SS",詳細設計係数,IF(L$7="PS/PG/PT",製作係数,IF(L$7="IT",結合テスト係数,IF(L$7="ST",総合テスト係数,IF(L$7="OT",受入支援係数,IF(L$7="RL",移行切替係数,IF(L$7="その他",その他係数,0))))))))) * L$8,1) -> 1.6 | M17: =ROUNDUP(IF($E17="画面",画面係数,IF($E17="帳票",帳票係数,IF($E17="バッチ",バッチ係数,0))) * IF($I17="特高",特高係数,IF($I17="高",高係数,IF($I17="中",中係数,IF($I17="低",低係数,IF($I17="特低",特低係数,0))))) * IF(M$7="SA",要件定義係数,IF(M$7="UI",基本設計係数,IF(M$7="SS",詳細設計係数,IF(M$7="PS/PG/PT",製作係数,IF(M$7="IT",結合テスト係数,IF(M$7="ST",総合テスト係数,IF(M$7="OT",受入支援係数,IF(M$7="RL",移行切替係数,IF(M$7="その他",その他係数,0))))))))) * M$8,1) -> 2.9 | N17: =ROUNDUP(IF($E17="画面",画面係数,IF($E17="帳票",帳票係数,IF($E17="バッチ",バッチ係数,0))) * IF($I17="特高",特高係数,IF($I17="高",高係数,IF($I17="中",中係数,IF($I17="低",低係数,IF($I17="特低",特低係数,0))))) * IF(N$7="SA",要件定義係数,IF(N$7="UI",基本設計係数,IF(N$7="SS",詳細設計係数,IF(N$7="PS/PG/PT",製作係数,IF(N$7="IT",結合テスト係数,IF(N$7="ST",総合テスト係数,IF(N$7="OT",受入支援係数,IF(N$7="RL",移行切替係数,IF(N$7="その他",その他係数,0))))))))) * N$8,1) -> 1.8 | O17: =ROUNDUP(IF($E17="画面",画面係数,IF($E17="帳票",帳票係数,IF($E17="バッチ",バッチ係数,0))) * IF($I17="特高",特高係数,IF($I17="高",高係数,IF($I17="中",中係数,IF($I17="低",低係数,IF($I17="特低",特低係数,0))))) * IF(O$7="SA",要件定義係数,IF(O$7="UI",基本設計係数,IF(O$7="SS",詳細設計係数,IF(O$7="PS/PG/PT",製作係数,IF(O$7="IT",結合テスト係数,IF(O$7="ST",総合テスト係数,IF(O$7="OT",受入支援係数,IF(O$7="RL",移行切替係数,IF(O$7="その他",その他係数,0))))))))) * O$8,1) -> 1.2 | P17: =ROUNDUP(IF($E17="画面",画面係数,IF($E17="帳票",帳票係数,IF($E17="バッチ",バッチ係数,0))) * IF($I17="特高",特高係数,IF($I17="高",高係数,IF($I17="中",中係数,IF($I17="低",低係数,IF($I17="特低",特低係数,0))))) * IF(P$7="SA",要件定義係数,IF(P$7="UI",基本設計係数,IF(P$7="SS",詳細設計係数,IF(P$7="PS/PG/PT",製作係数,IF(P$7="IT",結合テスト係数,IF(P$7="ST",総合テスト係数,IF(P$7="OT",受入支援係数,IF(P$7="RL",移行切替係数,IF(P$7="その他",その他係数,0))))))))) * P$8,1) -> 0.5 | Q17: =ROUNDUP(IF($E17="画面",画面係数,IF($E17="帳票",帳票係数,IF($E17="バッチ",バッチ係数,0))) * IF($I17="特高",特高係数,IF($I17="高",高係数,IF($I17="中",中係数,IF($I17="低",低係数,IF($I17="特低",特低係数,0))))) * IF(Q$7="SA",要件定義係数,IF(Q$7="UI",基本設計係数,IF(Q$7="SS",詳細設計係数,IF(Q$7="PS/PG/PT",製作係数,IF(Q$7="IT",結合テスト係数,IF(Q$7="ST",総合テスト係数,IF(Q$7="OT",受入支援係数,IF(Q$7="RL",移行切替係数,IF(Q$7="その他",その他係数,0))))))))) * Q$8,1) -> 1.3 | R17: =ROUNDUP(IF($E17="画面",画面係数,IF($E17="帳票",帳票係数,IF($E17="バッチ",バッチ係数,0))) * IF($I17="特高",特高係数,IF($I17="高",高係数,IF($I17="中",中係数,IF($I17="低",低係数,IF($I17="特低",特低係数,0))))) * IF(R$7="SA",要件定義係数,IF(R$7="UI",基本設計係数,IF(R$7="SS",詳細設計係数,IF(R$7="PS/PG/PT",製作係数,IF(R$7="IT",結合テスト係数,IF(R$7="ST",総合テスト係数,IF(R$7="OT",受入支援係数,IF(R$7="RL",移行切替係数,IF(R$7="その他",その他係数,0))))))))) * R$8,1) -> 0 | T17: =ROUNDUP(SUM(J17:S17)*T$8,1) -> 1.9 | U17: =SUM(J17:T17) -> 14 | V17: =U17/20 -> 0.7 | W17: =((J17*J$9) + (K17*K$9) + (L17*L$9) + (M17*M$9) + (N17*N$9) + (O17*O$9) + (P17*P$9) + (Q17*Q$9) + (R17*R$9) + (S17*S$9) + (T17*T$9))/20 -> 768250 | X17: Javaに作り直し
A18: =ROW()-9 -> 9 | B18: メニュー | C18: ユーティリティ | D18: メニュー | E18: 画面 | I18: 低 | J18: =ROUNDUP(IF($E18="画面",画面係数,IF($E18="帳票",帳票係数,IF($E18="バッチ",バッチ係数,0))) * IF($I18="特高",特高係数,IF($I18="高",高係数,IF($I18="中",中係数,IF($I18="低",低係数,IF($I18="特低",特低係数,0))))) * IF(J$7="SA",要件定義係数,IF(J$7="UI",基本設計係数,IF(J$7="SS",詳細設計係数,IF(J$7="PS/PG/PT",製作係数,IF(J$7="IT",結合テスト係数,IF(J$7="ST",総合テスト係数,IF(J$7="OT",受入支援係数,IF(J$7="RL",移行切替係数,IF(J$7="その他",その他係数,0))))))))) * J$8,1) -> 1.3 | K18: =ROUNDUP(IF($E18="画面",画面係数,IF($E18="帳票",帳票係数,IF($E18="バッチ",バッチ係数,0))) * IF($I18="特高",特高係数,IF($I18="高",高係数,IF($I18="中",中係数,IF($I18="低",低係数,IF($I18="特低",特低係数,0))))) * IF(K$7="SA",要件定義係数,IF(K$7="UI",基本設計係数,IF(K$7="SS",詳細設計係数,IF(K$7="PS/PG/PT",製作係数,IF(K$7="IT",結合テスト係数,IF(K$7="ST",総合テスト係数,IF(K$7="OT",受入支援係数,IF(K$7="RL",移行切替係数,IF(K$7="その他",その他係数,0))))))))) * K$8,1) -> 1.5 | L18: =ROUNDUP(IF($E18="画面",画面係数,IF($E18="帳票",帳票係数,IF($E18="バッチ",バッチ係数,0))) * IF($I18="特高",特高係数,IF($I18="高",高係数,IF($I18="中",中係数,IF($I18="低",低係数,IF($I18="特低",特低係数,0))))) * IF(L$7="SA",要件定義係数,IF(L$7="UI",基本設計係数,IF(L$7="SS",詳細設計係数,IF(L$7="PS/PG/PT",製作係数,IF(L$7="IT",結合テスト係数,IF(L$7="ST",総合テスト係数,IF(L$7="OT",受入支援係数,IF(L$7="RL",移行切替係数,IF(L$7="その他",その他係数,0))))))))) * L$8,1) -> 1.6 | M18: =ROUNDUP(IF($E18="画面",画面係数,IF($E18="帳票",帳票係数,IF($E18="バッチ",バッチ係数,0))) * IF($I18="特高",特高係数,IF($I18="高",高係数,IF($I18="中",中係数,IF($I18="低",低係数,IF($I18="特低",特低係数,0))))) * IF(M$7="SA",要件定義係数,IF(M$7="UI",基本設計係数,IF(M$7="SS",詳細設計係数,IF(M$7="PS/PG/PT",製作係数,IF(M$7="IT",結合テスト係数,IF(M$7="ST",総合テスト係数,IF(M$7="OT",受入支援係数,IF(M$7="RL",移行切替係数,IF(M$7="その他",その他係数,0))))))))) * M$8,1) -> 2.9 | N18: =ROUNDUP(IF($E18="画面",画面係数,IF($E18="帳票",帳票係数,IF($E18="バッチ",バッチ係数,0))) * IF($I18="特高",特高係数,IF($I18="高",高係数,IF($I18="中",中係数,IF($I18="低",低係数,IF($I18="特低",特低係数,0))))) * IF(N$7="SA",要件定義係数,IF(N$7="UI",基本設計係数,IF(N$7="SS",詳細設計係数,IF(N$7="PS/PG/PT",製作係数,IF(N$7="IT",結合テスト係数,IF(N$7="ST",総合テスト係数,IF(N$7="OT",受入支援係数,IF(N$7="RL",移行切替係数,IF(N$7="その他",その他係数,0))))))))) * N$8,1) -> 1.8 | O18: =ROUNDUP(IF($E18="画面",画面係数,IF($E18="帳票",帳票係数,IF($E18="バッチ",バッチ係数,0))) * IF($I18="特高",特高係数,IF($I18="高",高係数,IF($I18="中",中係数,IF($I18="低",低係数,IF($I18="特低",特低係数,0))))) * IF(O$7="SA",要件定義係数,IF(O$7="UI",基本設計係数,IF(O$7="SS",詳細設計係数,IF(O$7="PS/PG/PT",製作係数,IF(O$7="IT",結合テスト係数,IF(O$7="ST",総合テスト係数,IF(O$7="OT",受入支援係数,IF(O$7="RL",移行切替係数,IF(O$7="その他",その他係数,0))))))))) * O$8,1) -> 1.2 | P18: =ROUNDUP(IF($E18="画面",画面係数,IF($E18="帳票",帳票係数,IF($E18="バッチ",バッチ係数,0))) * IF($I18="特高",特高係数,IF($I18="高",高係数,IF($I18="中",中係数,IF($I18="低",低係数,IF($I18="特低",特低係数,0))))) * IF(P$7="SA",要件定義係数,IF(P$7="UI",基本設計係数,IF(P$7="SS",詳細設計係数,IF(P$7="PS/PG/PT",製作係数,IF(P$7="IT",結合テスト係数,IF(P$7="ST",総合テスト係数,IF(P$7="OT",受入支援係数,IF(P$7="RL",移行切替係数,IF(P$7="その他",その他係数,0))))))))) * P$8,1) -> 0.5 | Q18: =ROUNDUP(IF($E18="画面",画面係数,IF($E18="帳票",帳票係数,IF($E18="バッチ",バッチ係数,0))) * IF($I18="特高",特高係数,IF($I18="高",高係数,IF($I18="中",中係数,IF($I18="低",低係数,IF($I18="特低",特低係数,0))))) * IF(Q$7="SA",要件定義係数,IF(Q$7="UI",基本設計係数,IF(Q$7="SS",詳細設計係数,IF(Q$7="PS/PG/PT",製作係数,IF(Q$7="IT",結合テスト係数,IF(Q$7="ST",総合テスト係数,IF(Q$7="OT",受入支援係数,IF(Q$7="RL",移行切替係数,IF(Q$7="その他",その他係数,0))))))))) * Q$8,1) -> 1.3 | R18: =ROUNDUP(IF($E18="画面",画面係数,IF($E18="帳票",帳票係数,IF($E18="バッチ",バッチ係数,0))) * IF($I18="特高",特高係数,IF($I18="高",高係数,IF($I18="中",中係数,IF($I18="低",低係数,IF($I18="特低",特低係数,0))))) * IF(R$7="SA",要件定義係数,IF(R$7="UI",基本設計係数,IF(R$7="SS",詳細設計係数,IF(R$7="PS/PG/PT",製作係数,IF(R$7="IT",結合テスト係数,IF(R$7="ST",総合テスト係数,IF(R$7="OT",受入支援係数,IF(R$7="RL",移行切替係数,IF(R$7="その他",その他係数,0))))))))) * R$8,1) -> 0 | T18: =ROUNDUP(SUM(J18:S18)*T$8,1) -> 1.9 | U18: =SUM(J18:T18) -> 14 | V18: =U18/20 -> 0.7 | W18: =((J18*J$9) + (K18*K$9) + (L18*L$9) + (M18*M$9) + (N18*N$9) + (O18*O$9) + (P18*P$9) + (Q18*Q$9) + (R18*R$9) + (S18*S$9) + (T18*T$9))/20 -> 768250 | X18: Javaに作り直し
A19: =ROW()-9 -> 10 | B19: 業務画面 | C19: 入出荷予定受信 | D19: 受注・入出荷／オーダー入力 | E19: 画面 | I19: 中 | J19: =ROUNDUP(IF($E19="画面",画面係数,IF($E19="帳票",帳票係数,IF($E19="バッチ",バッチ係数,0))) * IF($I19="特高",特高係数,IF($I19="高",高係数,IF($I19="中",中係数,IF($I19="低",低係数,IF($I19="特低",特低係数,0))))) * IF(J$7="SA",要件定義係数,IF(J$7="UI",基本設計係数,IF(J$7="SS",詳細設計係数,IF(J$7="PS/PG/PT",製作係数,IF(J$7="IT",結合テスト係数,IF(J$7="ST",総合テスト係数,IF(J$7="OT",受入支援係数,IF(J$7="RL",移行切替係数,IF(J$7="その他",その他係数,0))))))))) * J$8,1) -> 2.2 | K19: =ROUNDUP(IF($E19="画面",画面係数,IF($E19="帳票",帳票係数,IF($E19="バッチ",バッチ係数,0))) * IF($I19="特高",特高係数,IF($I19="高",高係数,IF($I19="中",中係数,IF($I19="低",低係数,IF($I19="特低",特低係数,0))))) * IF(K$7="SA",要件定義係数,IF(K$7="UI",基本設計係数,IF(K$7="SS",詳細設計係数,IF(K$7="PS/PG/PT",製作係数,IF(K$7="IT",結合テスト係数,IF(K$7="ST",総合テスト係数,IF(K$7="OT",受入支援係数,IF(K$7="RL",移行切替係数,IF(K$7="その他",その他係数,0))))))))) * K$8,1) -> 2.5 | L19: =ROUNDUP(IF($E19="画面",画面係数,IF($E19="帳票",帳票係数,IF($E19="バッチ",バッチ係数,0))) * IF($I19="特高",特高係数,IF($I19="高",高係数,IF($I19="中",中係数,IF($I19="低",低係数,IF($I19="特低",特低係数,0))))) * IF(L$7="SA",要件定義係数,IF(L$7="UI",基本設計係数,IF(L$7="SS",詳細設計係数,IF(L$7="PS/PG/PT",製作係数,IF(L$7="IT",結合テスト係数,IF(L$7="ST",総合テスト係数,IF(L$7="OT",受入支援係数,IF(L$7="RL",移行切替係数,IF(L$7="その他",その他係数,0))))))))) * L$8,1) -> 2.6 | M19: =ROUNDUP(IF($E19="画面",画面係数,IF($E19="帳票",帳票係数,IF($E19="バッチ",バッチ係数,0))) * IF($I19="特高",特高係数,IF($I19="高",高係数,IF($I19="中",中係数,IF($I19="低",低係数,IF($I19="特低",特低係数,0))))) * IF(M$7="SA",要件定義係数,IF(M$7="UI",基本設計係数,IF(M$7="SS",詳細設計係数,IF(M$7="PS/PG/PT",製作係数,IF(M$7="IT",結合テスト係数,IF(M$7="ST",総合テスト係数,IF(M$7="OT",受入支援係数,IF(M$7="RL",移行切替係数,IF(M$7="その他",その他係数,0))))))))) * M$8,1) -> 4.7 | N19: =ROUNDUP(IF($E19="画面",画面係数,IF($E19="帳票",帳票係数,IF($E19="バッチ",バッチ係数,0))) * IF($I19="特高",特高係数,IF($I19="高",高係数,IF($I19="中",中係数,IF($I19="低",低係数,IF($I19="特低",特低係数,0))))) * IF(N$7="SA",要件定義係数,IF(N$7="UI",基本設計係数,IF(N$7="SS",詳細設計係数,IF(N$7="PS/PG/PT",製作係数,IF(N$7="IT",結合テスト係数,IF(N$7="ST",総合テスト係数,IF(N$7="OT",受入支援係数,IF(N$7="RL",移行切替係数,IF(N$7="その他",その他係数,0))))))))) * N$8,1) -> 2.9 | O19: =ROUNDUP(IF($E19="画面",画面係数,IF($E19="帳票",帳票係数,IF($E19="バッチ",バッチ係数,0))) * IF($I19="特高",特高係数,IF($I19="高",高係数,IF($I19="中",中係数,IF($I19="低",低係数,IF($I19="特低",特低係数,0))))) * IF(O$7="SA",要件定義係数,IF(O$7="UI",基本設計係数,IF(O$7="SS",詳細設計係数,IF(O$7="PS/PG/PT",製作係数,IF(O$7="IT",結合テスト係数,IF(O$7="ST",総合テスト係数,IF(O$7="OT",受入支援係数,IF(O$7="RL",移行切替係数,IF(O$7="その他",その他係数,0))))))))) * O$8,1) -> 1.9 | P19: =ROUNDUP(IF($E19="画面",画面係数,IF($E19="帳票",帳票係数,IF($E19="バッチ",バッチ係数,0))) * IF($I19="特高",特高係数,IF($I19="高",高係数,IF($I19="中",中係数,IF($I19="低",低係数,IF($I19="特低",特低係数,0))))) * IF(P$7="SA",要件定義係数,IF(P$7="UI",基本設計係数,IF(P$7="SS",詳細設計係数,IF(P$7="PS/PG/PT",製作係数,IF(P$7="IT",結合テスト係数,IF(P$7="ST",総合テスト係数,IF(P$7="OT",受入支援係数,IF(P$7="RL",移行切替係数,IF(P$7="その他",その他係数,0))))))))) * P$8,1) -> 0.8 | Q19: =ROUNDUP(IF($E19="画面",画面係数,IF($E19="帳票",帳票係数,IF($E19="バッチ",バッチ係数,0))) * IF($I19="特高",特高係数,IF($I19="高",高係数,IF($I19="中",中係数,IF($I19="低",低係数,IF($I19="特低",特低係数,0))))) * IF(Q$7="SA",要件定義係数,IF(Q$7="UI",基本設計係数,IF(Q$7="SS",詳細設計係数,IF(Q$7="PS/PG/PT",製作係数,IF(Q$7="IT",結合テスト係数,IF(Q$7="ST",総合テスト係数,IF(Q$7="OT",受入支援係数,IF(Q$7="RL",移行切替係数,IF(Q$7="その他",その他係数,0))))))))) * Q$8,1) -> 2.2 | R19: =ROUNDUP(IF($E19="画面",画面係数,IF($E19="帳票",帳票係数,IF($E19="バッチ",バッチ係数,0))) * IF($I19="特高",特高係数,IF($I19="高",高係数,IF($I19="中",中係数,IF($I19="低",低係数,IF($I19="特低",特低係数,0))))) * IF(R$7="SA",要件定義係数,IF(R$7="UI",基本設計係数,IF(R$7="SS",詳細設計係数,IF(R$7="PS/PG/PT",製作係数,IF(R$7="IT",結合テスト係数,IF(R$7="ST",総合テスト係数,IF(R$7="OT",受入支援係数,IF(R$7="RL",移行切替係数,IF(R$7="その他",その他係数,0))))))))) * R$8,1) -> 0 | T19: =ROUNDUP(SUM(J19:S19)*T$8,1) -> 3 | U19: =SUM(J19:T19) -> 22.8 | V19: =U19/20 -> 1.14 | W19: =((J19*J$9) + (K19*K$9) + (L19*L$9) + (M19*M$9) + (N19*N$9) + (O19*O$9) + (P19*P$9) + (Q19*Q$9) + (R19*R$9) + (S19*S$9) + (T19*T$9))/20 -> 1249500 | X19: Javaに作り直し
A20: =ROW()-9 -> 11 | B20: 業務画面 | C20: 入出荷予定再登録 | D20: 受注・入出荷／オーダー入力 | E20: 画面 | I20: 中 | J20: =ROUNDUP(IF($E20="画面",画面係数,IF($E20="帳票",帳票係数,IF($E20="バッチ",バッチ係数,0))) * IF($I20="特高",特高係数,IF($I20="高",高係数,IF($I20="中",中係数,IF($I20="低",低係数,IF($I20="特低",特低係数,0))))) * IF(J$7="SA",要件定義係数,IF(J$7="UI",基本設計係数,IF(J$7="SS",詳細設計係数,IF(J$7="PS/PG/PT",製作係数,IF(J$7="IT",結合テスト係数,IF(J$7="ST",総合テスト係数,IF(J$7="OT",受入支援係数,IF(J$7="RL",移行切替係数,IF(J$7="その他",その他係数,0))))))))) * J$8,1) -> 2.2 | K20: =ROUNDUP(IF($E20="画面",画面係数,IF($E20="帳票",帳票係数,IF($E20="バッチ",バッチ係数,0))) * IF($I20="特高",特高係数,IF($I20="高",高係数,IF($I20="中",中係数,IF($I20="低",低係数,IF($I20="特低",特低係数,0))))) * IF(K$7="SA",要件定義係数,IF(K$7="UI",基本設計係数,IF(K$7="SS",詳細設計係数,IF(K$7="PS/PG/PT",製作係数,IF(K$7="IT",結合テスト係数,IF(K$7="ST",総合テスト係数,IF(K$7="OT",受入支援係数,IF(K$7="RL",移行切替係数,IF(K$7="その他",その他係数,0))))))))) * K$8,1) -> 2.5 | L20: =ROUNDUP(IF($E20="画面",画面係数,IF($E20="帳票",帳票係数,IF($E20="バッチ",バッチ係数,0))) * IF($I20="特高",特高係数,IF($I20="高",高係数,IF($I20="中",中係数,IF($I20="低",低係数,IF($I20="特低",特低係数,0))))) * IF(L$7="SA",要件定義係数,IF(L$7="UI",基本設計係数,IF(L$7="SS",詳細設計係数,IF(L$7="PS/PG/PT",製作係数,IF(L$7="IT",結合テスト係数,IF(L$7="ST",総合テスト係数,IF(L$7="OT",受入支援係数,IF(L$7="RL",移行切替係数,IF(L$7="その他",その他係数,0))))))))) * L$8,1) -> 2.6 | M20: =ROUNDUP(IF($E20="画面",画面係数,IF($E20="帳票",帳票係数,IF($E20="バッチ",バッチ係数,0))) * IF($I20="特高",特高係数,IF($I20="高",高係数,IF($I20="中",中係数,IF($I20="低",低係数,IF($I20="特低",特低係数,0))))) * IF(M$7="SA",要件定義係数,IF(M$7="UI",基本設計係数,IF(M$7="SS",詳細設計係数,IF(M$7="PS/PG/PT",製作係数,IF(M$7="IT",結合テスト係数,IF(M$7="ST",総合テスト係数,IF(M$7="OT",受入支援係数,IF(M$7="RL",移行切替係数,IF(M$7="その他",その他係数,0))))))))) * M$8,1) -> 4.7 | N20: =ROUNDUP(IF($E20="画面",画面係数,IF($E20="帳票",帳票係数,IF($E20="バッチ",バッチ係数,0))) * IF($I20="特高",特高係数,IF($I20="高",高係数,IF($I20="中",中係数,IF($I20="低",低係数,IF($I20="特低",特低係数,0))))) * IF(N$7="SA",要件定義係数,IF(N$7="UI",基本設計係数,IF(N$7="SS",詳細設計係数,IF(N$7="PS/PG/PT",製作係数,IF(N$7="IT",結合テスト係数,IF(N$7="ST",総合テスト係数,IF(N$7="OT",受入支援係数,IF(N$7="RL",移行切替係数,IF(N$7="その他",その他係数,0))))))))) * N$8,1) -> 2.9 | O20: =ROUNDUP(IF($E20="画面",画面係数,IF($E20="帳票",帳票係数,IF($E20="バッチ",バッチ係数,0))) * IF($I20="特高",特高係数,IF($I20="高",高係数,IF($I20="中",中係数,IF($I20="低",低係数,IF($I20="特低",特低係数,0))))) * IF(O$7="SA",要件定義係数,IF(O$7="UI",基本設計係数,IF(O$7="SS",詳細設計係数,IF(O$7="PS/PG/PT",製作係数,IF(O$7="IT",結合テスト係数,IF(O$7="ST",総合テスト係数,IF(O$7="OT",受入支援係数,IF(O$7="RL",移行切替係数,IF(O$7="その他",その他係数,0))))))))) * O$8,1) -> 1.9 | P20: =ROUNDUP(IF($E20="画面",画面係数,IF($E20="帳票",帳票係数,IF($E20="バッチ",バッチ係数,0))) * IF($I20="特高",特高係数,IF($I20="高",高係数,IF($I20="中",中係数,IF($I20="低",低係数,IF($I20="特低",特低係数,0))))) * IF(P$7="SA",要件定義係数,IF(P$7="UI",基本設計係数,IF(P$7="SS",詳細設計係数,IF(P$7="PS/PG/PT",製作係数,IF(P$7="IT",結合テスト係数,IF(P$7="ST",総合テスト係数,IF(P$7="OT",受入支援係数,IF(P$7="RL",移行切替係数,IF(P$7="その他",その他係数,0))))))))) * P$8,1) -> 0.8 | Q20: =ROUNDUP(IF($E20="画面",画面係数,IF($E20="帳票",帳票係数,IF($E20="バッチ",バッチ係数,0))) * IF($I20="特高",特高係数,IF($I20="高",高係数,IF($I20="中",中係数,IF($I20="低",低係数,IF($I20="特低",特低係数,0))))) * IF(Q$7="SA",要件定義係数,IF(Q$7="UI",基本設計係数,IF(Q$7="SS",詳細設計係数,IF(Q$7="PS/PG/PT",製作係数,IF(Q$7="IT",結合テスト係数,IF(Q$7="ST",総合テスト係数,IF(Q$7="OT",受入支援係数,IF(Q$7="RL",移行切替係数,IF(Q$7="その他",その他係数,0))))))))) * Q$8,1) -> 2.2 | R20: =ROUNDUP(IF($E20="画面",画面係数,IF($E20="帳票",帳票係数,IF($E20="バッチ",バッチ係数,0))) * IF($I20="特高",特高係数,IF($I20="高",高係数,IF($I20="中",中係数,IF($I20="低",低係数,IF($I20="特低",特低係数,0))))) * IF(R$7="SA",要件定義係数,IF(R$7="UI",基本設計係数,IF(R$7="SS",詳細設計係数,IF(R$7="PS/PG/PT",製作係数,IF(R$7="IT",結合テスト係数,IF(R$7="ST",総合テスト係数,IF(R$7="OT",受入支援係数,IF(R$7="RL",移行切替係数,IF(R$7="その他",その他係数,0))))))))) * R$8,1) -> 0 | T20: =ROUNDUP(SUM(J20:S20)*T$8,1) -> 3 | U20: =SUM(J20:T20) -> 22.8 | V20: =U20/20 -> 1.14 | W20: =((J20*J$9) + (K20*K$9) + (L20*L$9) + (M20*M$9) + (N20*N$9) + (O20*O$9) + (P20*P$9) + (Q20*Q$9) + (R20*R$9) + (S20*S$9) + (T20*T$9))/20 -> 1249500 | X20: Javaに作り直し
A21: =ROW()-9 -> 12 | B21: 業務画面 | C21: オーダー新規入力 | D21: 受注・入出荷／オーダー入力 | E21: 画面 | I21: 高 | J21: =ROUNDUP(IF($E21="画面",画面係数,IF($E21="帳票",帳票係数,IF($E21="バッチ",バッチ係数,0))) * IF($I21="特高",特高係数,IF($I21="高",高係数,IF($I21="中",中係数,IF($I21="低",低係数,IF($I21="特低",特低係数,0))))) * IF(J$7="SA",要件定義係数,IF(J$7="UI",基本設計係数,IF(J$7="SS",詳細設計係数,IF(J$7="PS/PG/PT",製作係数,IF(J$7="IT",結合テスト係数,IF(J$7="ST",総合テスト係数,IF(J$7="OT",受入支援係数,IF(J$7="RL",移行切替係数,IF(J$7="その他",その他係数,0))))))))) * J$8,1) -> 3.1 | K21: =ROUNDUP(IF($E21="画面",画面係数,IF($E21="帳票",帳票係数,IF($E21="バッチ",バッチ係数,0))) * IF($I21="特高",特高係数,IF($I21="高",高係数,IF($I21="中",中係数,IF($I21="低",低係数,IF($I21="特低",特低係数,0))))) * IF(K$7="SA",要件定義係数,IF(K$7="UI",基本設計係数,IF(K$7="SS",詳細設計係数,IF(K$7="PS/PG/PT",製作係数,IF(K$7="IT",結合テスト係数,IF(K$7="ST",総合テスト係数,IF(K$7="OT",受入支援係数,IF(K$7="RL",移行切替係数,IF(K$7="その他",その他係数,0))))))))) * K$8,1) -> 3.5 | L21: =ROUNDUP(IF($E21="画面",画面係数,IF($E21="帳票",帳票係数,IF($E21="バッチ",バッチ係数,0))) * IF($I21="特高",特高係数,IF($I21="高",高係数,IF($I21="中",中係数,IF($I21="低",低係数,IF($I21="特低",特低係数,0))))) * IF(L$7="SA",要件定義係数,IF(L$7="UI",基本設計係数,IF(L$7="SS",詳細設計係数,IF(L$7="PS/PG/PT",製作係数,IF(L$7="IT",結合テスト係数,IF(L$7="ST",総合テスト係数,IF(L$7="OT",受入支援係数,IF(L$7="RL",移行切替係数,IF(L$7="その他",その他係数,0))))))))) * L$8,1) -> 3.6 | M21: =ROUNDUP(IF($E21="画面",画面係数,IF($E21="帳票",帳票係数,IF($E21="バッチ",バッチ係数,0))) * IF($I21="特高",特高係数,IF($I21="高",高係数,IF($I21="中",中係数,IF($I21="低",低係数,IF($I21="特低",特低係数,0))))) * IF(M$7="SA",要件定義係数,IF(M$7="UI",基本設計係数,IF(M$7="SS",詳細設計係数,IF(M$7="PS/PG/PT",製作係数,IF(M$7="IT",結合テスト係数,IF(M$7="ST",総合テスト係数,IF(M$7="OT",受入支援係数,IF(M$7="RL",移行切替係数,IF(M$7="その他",その他係数,0))))))))) * M$8,1) -> 6.6 | N21: =ROUNDUP(IF($E21="画面",画面係数,IF($E21="帳票",帳票係数,IF($E21="バッチ",バッチ係数,0))) * IF($I21="特高",特高係数,IF($I21="高",高係数,IF($I21="中",中係数,IF($I21="低",低係数,IF($I21="特低",特低係数,0))))) * IF(N$7="SA",要件定義係数,IF(N$7="UI",基本設計係数,IF(N$7="SS",詳細設計係数,IF(N$7="PS/PG/PT",製作係数,IF(N$7="IT",結合テスト係数,IF(N$7="ST",総合テスト係数,IF(N$7="OT",受入支援係数,IF(N$7="RL",移行切替係数,IF(N$7="その他",その他係数,0))))))))) * N$8,1) -> 4.1 | O21: =ROUNDUP(IF($E21="画面",画面係数,IF($E21="帳票",帳票係数,IF($E21="バッチ",バッチ係数,0))) * IF($I21="特高",特高係数,IF($I21="高",高係数,IF($I21="中",中係数,IF($I21="低",低係数,IF($I21="特低",特低係数,0))))) * IF(O$7="SA",要件定義係数,IF(O$7="UI",基本設計係数,IF(O$7="SS",詳細設計係数,IF(O$7="PS/PG/PT",製作係数,IF(O$7="IT",結合テスト係数,IF(O$7="ST",総合テスト係数,IF(O$7="OT",受入支援係数,IF(O$7="RL",移行切替係数,IF(O$7="その他",その他係数,0))))))))) * O$8,1) -> 2.7 | P21: =ROUNDUP(IF($E21="画面",画面係数,IF($E21="帳票",帳票係数,IF($E21="バッチ",バッチ係数,0))) * IF($I21="特高",特高係数,IF($I21="高",高係数,IF($I21="中",中係数,IF($I21="低",低係数,IF($I21="特低",特低係数,0))))) * IF(P$7="SA",要件定義係数,IF(P$7="UI",基本設計係数,IF(P$7="SS",詳細設計係数,IF(P$7="PS/PG/PT",製作係数,IF(P$7="IT",結合テスト係数,IF(P$7="ST",総合テスト係数,IF(P$7="OT",受入支援係数,IF(P$7="RL",移行切替係数,IF(P$7="その他",その他係数,0))))))))) * P$8,1) -> 1.1 | Q21: =ROUNDUP(IF($E21="画面",画面係数,IF($E21="帳票",帳票係数,IF($E21="バッチ",バッチ係数,0))) * IF($I21="特高",特高係数,IF($I21="高",高係数,IF($I21="中",中係数,IF($I21="低",低係数,IF($I21="特低",特低係数,0))))) * IF(Q$7="SA",要件定義係数,IF(Q$7="UI",基本設計係数,IF(Q$7="SS",詳細設計係数,IF(Q$7="PS/PG/PT",製作係数,IF(Q$7="IT",結合テスト係数,IF(Q$7="ST",総合テスト係数,IF(Q$7="OT",受入支援係数,IF(Q$7="RL",移行切替係数,IF(Q$7="その他",その他係数,0))))))))) * Q$8,1) -> 3.1 | R21: =ROUNDUP(IF($E21="画面",画面係数,IF($E21="帳票",帳票係数,IF($E21="バッチ",バッチ係数,0))) * IF($I21="特高",特高係数,IF($I21="高",高係数,IF($I21="中",中係数,IF($I21="低",低係数,IF($I21="特低",特低係数,0))))) * IF(R$7="SA",要件定義係数,IF(R$7="UI",基本設計係数,IF(R$7="SS",詳細設計係数,IF(R$7="PS/PG/PT",製作係数,IF(R$7="IT",結合テスト係数,IF(R$7="ST",総合テスト係数,IF(R$7="OT",受入支援係数,IF(R$7="RL",移行切替係数,IF(R$7="その他",その他係数,0))))))))) * R$8,1) -> 0 | T21: =ROUNDUP(SUM(J21:S21)*T$8,1) -> 4.2 | U21: =SUM(J21:T21) -> 32 | V21: =U21/20 -> 1.6 | W21: =((J21*J$9) + (K21*K$9) + (L21*L$9) + (M21*M$9) + (N21*N$9) + (O21*O$9) + (P21*P$9) + (Q21*Q$9) + (R21*R$9) + (S21*S$9) + (T21*T$9))/20 -> 1753500 | X21: Javaに作り直し
... A194: =ROW()-9 -> 185 | B194: 業務画面 | C194: 計画手配データ作成 | D194: 生産計画・発注／指図確定・送信 | E194: 画面 | I194: 中 | J194: =ROUNDUP(IF($E194="画面",画面係数,IF($E194="帳票",帳票係数,IF($E194="バッチ",バッチ係数,0))) * IF($I194="特高",特高係数,IF($I194="高",高係数,IF($I194="中",中係数,IF($I194="低",低係数,IF($I194="特低",特低係数,0))))) * IF(J$7="SA",要件定義係数,IF(J$7="UI",基本設計係数,IF(J$7="SS",詳細設計係数,IF(J$7="PS/PG/PT",製作係数,IF(J$7="IT",結合テスト係数,IF(J$7="ST",総合テスト係数,IF(J$7="OT",受入支援係数,IF(J$7="RL",移行切替係数,IF(J$7="その他",その他係数,0))))))))) * J$8,1) -> 2.2 | K194: =ROUNDUP(IF($E194="画面",画面係数,IF($E194="帳票",帳票係数,IF($E194="バッチ",バッチ係数,0))) * IF($I194="特高",特高係数,IF($I194="高",高係数,IF($I194="中",中係数,IF($I194="低",低係数,IF($I194="特低",特低係数,0))))) * IF(K$7="SA",要件定義係数,IF(K$7="UI",基本設計係数,IF(K$7="SS",詳細設計係数,IF(K$7="PS/PG/PT",製作係数,IF(K$7="IT",結合テスト係数,IF(K$7="ST",総合テスト係数,IF(K$7="OT",受入支援係数,IF(K$7="RL",移行切替係数,IF(K$7="その他",その他係数,0))))))))) * K$8,1) -> 2.5 | L194: =ROUNDUP(IF($E194="画面",画面係数,IF($E194="帳票",帳票係数,IF($E194="バッチ",バッチ係数,0))) * IF($I194="特高",特高係数,IF($I194="高",高係数,IF($I194="中",中係数,IF($I194="低",低係数,IF($I194="特低",特低係数,0))))) * IF(L$7="SA",要件定義係数,IF(L$7="UI",基本設計係数,IF(L$7="SS",詳細設計係数,IF(L$7="PS/PG/PT",製作係数,IF(L$7="IT",結合テスト係数,IF(L$7="ST",総合テスト係数,IF(L$7="OT",受入支援係数,IF(L$7="RL",移行切替係数,IF(L$7="その他",その他係数,0))))))))) * L$8,1) -> 2.6 | M194: =ROUNDUP(IF($E194="画面",画面係数,IF($E194="帳票",帳票係数,IF($E194="バッチ",バッチ係数,0))) * IF($I194="特高",特高係数,IF($I194="高",高係数,IF($I194="中",中係数,IF($I194="低",低係数,IF($I194="特低",特低係数,0))))) * IF(M$7="SA",要件定義係数,IF(M$7="UI",基本設計係数,IF(M$7="SS",詳細設計係数,IF(M$7="PS/PG/PT",製作係数,IF(M$7="IT",結合テスト係数,IF(M$7="ST",総合テスト係数,IF(M$7="OT",受入支援係数,IF(M$7="RL",移行切替係数,IF(M$7="その他",その他係数,0))))))))) * M$8,1) -> 4.7 | N194: =ROUNDUP(IF($E194="画面",画面係数,IF($E194="帳票",帳票係数,IF($E194="バッチ",バッチ係数,0))) * IF($I194="特高",特高係数,IF($I194="高",高係数,IF($I194="中",中係数,IF($I194="低",低係数,IF($I194="特低",特低係数,0))))) * IF(N$7="SA",要件定義係数,IF(N$7="UI",基本設計係数,IF(N$7="SS",詳細設計係数,IF(N$7="PS/PG/PT",製作係数,IF(N$7="IT",結合テスト係数,IF(N$7="ST",総合テスト係数,IF(N$7="OT",受入支援係数,IF(N$7="RL",移行切替係数,IF(N$7="その他",その他係数,0))))))))) * N$8,1) -> 2.9 | O194: =ROUNDUP(IF($E194="画面",画面係数,IF($E194="帳票",帳票係数,IF($E194="バッチ",バッチ係数,0))) * IF($I194="特高",特高係数,IF($I194="高",高係数,IF($I194="中",中係数,IF($I194="低",低係数,IF($I194="特低",特低係数,0))))) * IF(O$7="SA",要件定義係数,IF(O$7="UI",基本設計係数,IF(O$7="SS",詳細設計係数,IF(O$7="PS/PG/PT",製作係数,IF(O$7="IT",結合テスト係数,IF(O$7="ST",総合テスト係数,IF(O$7="OT",受入支援係数,IF(O$7="RL",移行切替係数,IF(O$7="その他",その他係数,0))))))))) * O$8,1) -> 1.9 | P194: =ROUNDUP(IF($E194="画面",画面係数,IF($E194="帳票",帳票係数,IF($E194="バッチ",バッチ係数,0))) * IF($I194="特高",特高係数,IF($I194="高",高係数,IF($I194="中",中係数,IF($I194="低",低係数,IF($I194="特低",特低係数,0))))) * IF(P$7="SA",要件定義係数,IF(P$7="UI",基本設計係数,IF(P$7="SS",詳細設計係数,IF(P$7="PS/PG/PT",製作係数,IF(P$7="IT",結合テスト係数,IF(P$7="ST",総合テスト係数,IF(P$7="OT",受入支援係数,IF(P$7="RL",移行切替係数,IF(P$7="その他",その他係数,0))))))))) * P$8,1) -> 0.8 | Q194: =ROUNDUP(IF($E194="画面",画面係数,IF($E194="帳票",帳票係数,IF($E194="バッチ",バッチ係数,0))) * IF($I194="特高",特高係数,IF($I194="高",高係数,IF($I194="中",中係数,IF($I194="低",低係数,IF($I194="特低",特低係数,0))))) * IF(Q$7="SA",要件定義係数,IF(Q$7="UI",基本設計係数,IF(Q$7="SS",詳細設計係数,IF(Q$7="PS/PG/PT",製作係数,IF(Q$7="IT",結合テスト係数,IF(Q$7="ST",総合テスト係数,IF(Q$7="OT",受入支援係数,IF(Q$7="RL",移行切替係数,IF(Q$7="その他",その他係数,0))))))))) * Q$8,1) -> 2.2 | R194: =ROUNDUP(IF($E194="画面",画面係数,IF($E194="帳票",帳票係数,IF($E194="バッチ",バッチ係数,0))) * IF($I194="特高",特高係数,IF($I194="高",高係数,IF($I194="中",中係数,IF($I194="低",低係数,IF($I194="特低",特低係数,0))))) * IF(R$7="SA",要件定義係数,IF(R$7="UI",基本設計係数,IF(R$7="SS",詳細設計係数,IF(R$7="PS/PG/PT",製作係数,IF(R$7="IT",結合テスト係数,IF(R$7="ST",総合テスト係数,IF(R$7="OT",受入支援係数,IF(R$7="RL",移行切替係数,IF(R$7="その他",その他係数,0))))))))) * R$8,1) -> 0 | T194: =ROUNDUP(SUM(J194:S194)*T$8,1) -> 3 | U194: =SUM(J194:T194) -> 22.8 | V194: =U194/20 -> 1.14 | W194: =((J194*J$9) + (K194*K$9) + (L194*L$9) + (M194*M$9) + (N194*N$9) + (O194*O$9) + (P194*P$9) + (Q194*Q$9) + (R194*R$9) + (S194*S$9) + (T194*T$9))/20 -> 1249500 | X194: 各所ごとをやめる
A195: =ROW()-9 -> 186 | J195: =ROUNDUP(IF($E195="画面",画面係数,IF($E195="帳票",帳票係数,IF($E195="バッチ",バッチ係数,0))) * IF($I195="特高",特高係数,IF($I195="高",高係数,IF($I195="中",中係数,IF($I195="低",低係数,IF($I195="特低",特低係数,0))))) * IF(J$7="SA",要件定義係数,IF(J$7="UI",基本設計係数,IF(J$7="SS",詳細設計係数,IF(J$7="PS/PG/PT",製作係数,IF(J$7="IT",結合テスト係数,IF(J$7="ST",総合テスト係数,IF(J$7="OT",受入支援係数,IF(J$7="RL",移行切替係数,IF(J$7="その他",その他係数,0))))))))) * J$8,1) -> 0 | K195: =ROUNDUP(IF($E195="画面",画面係数,IF($E195="帳票",帳票係数,IF($E195="バッチ",バッチ係数,0))) * IF($I195="特高",特高係数,IF($I195="高",高係数,IF($I195="中",中係数,IF($I195="低",低係数,IF($I195="特低",特低係数,0))))) * IF(K$7="SA",要件定義係数,IF(K$7="UI",基本設計係数,IF(K$7="SS",詳細設計係数,IF(K$7="PS/PG/PT",製作係数,IF(K$7="IT",結合テスト係数,IF(K$7="ST",総合テスト係数,IF(K$7="OT",受入支援係数,IF(K$7="RL",移行切替係数,IF(K$7="その他",その他係数,0))))))))) * K$8,1) -> 0 | L195: =ROUNDUP(IF($E195="画面",画面係数,IF($E195="帳票",帳票係数,IF($E195="バッチ",バッチ係数,0))) * IF($I195="特高",特高係数,IF($I195="高",高係数,IF($I195="中",中係数,IF($I195="低",低係数,IF($I195="特低",特低係数,0))))) * IF(L$7="SA",要件定義係数,IF(L$7="UI",基本設計係数,IF(L$7="SS",詳細設計係数,IF(L$7="PS/PG/PT",製作係数,IF(L$7="IT",結合テスト係数,IF(L$7="ST",総合テスト係数,IF(L$7="OT",受入支援係数,IF(L$7="RL",移行切替係数,IF(L$7="その他",その他係数,0))))))))) * L$8,1) -> 0 | M195: =ROUNDUP(IF($E195="画面",画面係数,IF($E195="帳票",帳票係数,IF($E195="バッチ",バッチ係数,0))) * IF($I195="特高",特高係数,IF($I195="高",高係数,IF($I195="中",中係数,IF($I195="低",低係数,IF($I195="特低",特低係数,0))))) * IF(M$7="SA",要件定義係数,IF(M$7="UI",基本設計係数,IF(M$7="SS",詳細設計係数,IF(M$7="PS/PG/PT",製作係数,IF(M$7="IT",結合テスト係数,IF(M$7="ST",総合テスト係数,IF(M$7="OT",受入支援係数,IF(M$7="RL",移行切替係数,IF(M$7="その他",その他係数,0))))))))) * M$8,1) -> 0 | N195: =ROUNDUP(IF($E195="画面",画面係数,IF($E195="帳票",帳票係数,IF($E195="バッチ",バッチ係数,0))) * IF($I195="特高",特高係数,IF($I195="高",高係数,IF($I195="中",中係数,IF($I195="低",低係数,IF($I195="特低",特低係数,0))))) * IF(N$7="SA",要件定義係数,IF(N$7="UI",基本設計係数,IF(N$7="SS",詳細設計係数,IF(N$7="PS/PG/PT",製作係数,IF(N$7="IT",結合テスト係数,IF(N$7="ST",総合テスト係数,IF(N$7="OT",受入支援係数,IF(N$7="RL",移行切替係数,IF(N$7="その他",その他係数,0))))))))) * N$8,1) -> 0 | O195: =ROUNDUP(IF($E195="画面",画面係数,IF($E195="帳票",帳票係数,IF($E195="バッチ",バッチ係数,0))) * IF($I195="特高",特高係数,IF($I195="高",高係数,IF($I195="中",中係数,IF($I195="低",低係数,IF($I195="特低",特低係数,0))))) * IF(O$7="SA",要件定義係数,IF(O$7="UI",基本設計係数,IF(O$7="SS",詳細設計係数,IF(O$7="PS/PG/PT",製作係数,IF(O$7="IT",結合テスト係数,IF(O$7="ST",総合テスト係数,IF(O$7="OT",受入支援係数,IF(O$7="RL",移行切替係数,IF(O$7="その他",その他係数,0))))))))) * O$8,1) -> 0 | P195: =ROUNDUP(IF($E195="画面",画面係数,IF($E195="帳票",帳票係数,IF($E195="バッチ",バッチ係数,0))) * IF($I195="特高",特高係数,IF($I195="高",高係数,IF($I195="中",中係数,IF($I195="低",低係数,IF($I195="特低",特低係数,0))))) * IF(P$7="SA",要件定義係数,IF(P$7="UI",基本設計係数,IF(P$7="SS",詳細設計係数,IF(P$7="PS/PG/PT",製作係数,IF(P$7="IT",結合テスト係数,IF(P$7="ST",総合テスト係数,IF(P$7="OT",受入支援係数,IF(P$7="RL",移行切替係数,IF(P$7="その他",その他係数,0))))))))) * P$8,1) -> 0 | Q195: =ROUNDUP(IF($E195="画面",画面係数,IF($E195="帳票",帳票係数,IF($E195="バッチ",バッチ係数,0))) * IF($I195="特高",特高係数,IF($I195="高",高係数,IF($I195="中",中係数,IF($I195="低",低係数,IF($I195="特低",特低係数,0))))) * IF(Q$7="SA",要件定義係数,IF(Q$7="UI",基本設計係数,IF(Q$7="SS",詳細設計係数,IF(Q$7="PS/PG/PT",製作係数,IF(Q$7="IT",結合テスト係数,IF(Q$7="ST",総合テスト係数,IF(Q$7="OT",受入支援係数,IF(Q$7="RL",移行切替係数,IF(Q$7="その他",その他係数,0))))))))) * Q$8,1) -> 0 | R195: =ROUNDUP(IF($E195="画面",画面係数,IF($E195="帳票",帳票係数,IF($E195="バッチ",バッチ係数,0))) * IF($I195="特高",特高係数,IF($I195="高",高係数,IF($I195="中",中係数,IF($I195="低",低係数,IF($I195="特低",特低係数,0))))) * IF(R$7="SA",要件定義係数,IF(R$7="UI",基本設計係数,IF(R$7="SS",詳細設計係数,IF(R$7="PS/PG/PT",製作係数,IF(R$7="IT",結合テスト係数,IF(R$7="ST",総合テスト係数,IF(R$7="OT",受入支援係数,IF(R$7="RL",移行切替係数,IF(R$7="その他",その他係数,0))))))))) * R$8,1) -> 0 | T195: =ROUNDUP(SUM(J195:S195)*T$8,1) -> 0 | U195: =SUM(J195:T195) -> 0 | V195: =U195/20 -> 0 | W195: =((J195*J$9) + (K195*K$9) + (L195*L$9) + (M195*M$9) + (N195*N$9) + (O195*O$9) + (P195*P$9) + (Q195*Q$9) + (R195*R$9) + (S195*S$9) + (T195*T$9))/20 -> 0 | X195: 各所ごとをやめる
A196: =ROW()-9 -> 187 | J196: =ROUNDUP(IF($E196="画面",画面係数,IF($E196="帳票",帳票係数,IF($E196="バッチ",バッチ係数,0))) * IF($I196="特高",特高係数,IF($I196="高",高係数,IF($I196="中",中係数,IF($I196="低",低係数,IF($I196="特低",特低係数,0))))) * IF(J$7="SA",要件定義係数,IF(J$7="UI",基本設計係数,IF(J$7="SS",詳細設計係数,IF(J$7="PS/PG/PT",製作係数,IF(J$7="IT",結合テスト係数,IF(J$7="ST",総合テスト係数,IF(J$7="OT",受入支援係数,IF(J$7="RL",移行切替係数,IF(J$7="その他",その他係数,0))))))))) * J$8,1) -> 0 | K196: =ROUNDUP(IF($E196="画面",画面係数,IF($E196="帳票",帳票係数,IF($E196="バッチ",バッチ係数,0))) * IF($I196="特高",特高係数,IF($I196="高",高係数,IF($I196="中",中係数,IF($I196="低",低係数,IF($I196="特低",特低係数,0))))) * IF(K$7="SA",要件定義係数,IF(K$7="UI",基本設計係数,IF(K$7="SS",詳細設計係数,IF(K$7="PS/PG/PT",製作係数,IF(K$7="IT",結合テスト係数,IF(K$7="ST",総合テスト係数,IF(K$7="OT",受入支援係数,IF(K$7="RL",移行切替係数,IF(K$7="その他",その他係数,0))))))))) * K$8,1) -> 0 | L196: =ROUNDUP(IF($E196="画面",画面係数,IF($E196="帳票",帳票係数,IF($E196="バッチ",バッチ係数,0))) * IF($I196="特高",特高係数,IF($I196="高",高係数,IF($I196="中",中係数,IF($I196="低",低係数,IF($I196="特低",特低係数,0))))) * IF(L$7="SA",要件定義係数,IF(L$7="UI",基本設計係数,IF(L$7="SS",詳細設計係数,IF(L$7="PS/PG/PT",製作係数,IF(L$7="IT",結合テスト係数,IF(L$7="ST",総合テスト係数,IF(L$7="OT",受入支援係数,IF(L$7="RL",移行切替係数,IF(L$7="その他",その他係数,0))))))))) * L$8,1) -> 0 | M196: =ROUNDUP(IF($E196="画面",画面係数,IF($E196="帳票",帳票係数,IF($E196="バッチ",バッチ係数,0))) * IF($I196="特高",特高係数,IF($I196="高",高係数,IF($I196="中",中係数,IF($I196="低",低係数,IF($I196="特低",特低係数,0))))) * IF(M$7="SA",要件定義係数,IF(M$7="UI",基本設計係数,IF(M$7="SS",詳細設計係数,IF(M$7="PS/PG/PT",製作係数,IF(M$7="IT",結合テスト係数,IF(M$7="ST",総合テスト係数,IF(M$7="OT",受入支援係数,IF(M$7="RL",移行切替係数,IF(M$7="その他",その他係数,0))))))))) * M$8,1) -> 0 | N196: =ROUNDUP(IF($E196="画面",画面係数,IF($E196="帳票",帳票係数,IF($E196="バッチ",バッチ係数,0))) * IF($I196="特高",特高係数,IF($I196="高",高係数,IF($I196="中",中係数,IF($I196="低",低係数,IF($I196="特低",特低係数,0))))) * IF(N$7="SA",要件定義係数,IF(N$7="UI",基本設計係数,IF(N$7="SS",詳細設計係数,IF(N$7="PS/PG/PT",製作係数,IF(N$7="IT",結合テスト係数,IF(N$7="ST",総合テスト係数,IF(N$7="OT",受入支援係数,IF(N$7="RL",移行切替係数,IF(N$7="その他",その他係数,0))))))))) * N$8,1) -> 0 | O196: =ROUNDUP(IF($E196="画面",画面係数,IF($E196="帳票",帳票係数,IF($E196="バッチ",バッチ係数,0))) * IF($I196="特高",特高係数,IF($I196="高",高係数,IF($I196="中",中係数,IF($I196="低",低係数,IF($I196="特低",特低係数,0))))) * IF(O$7="SA",要件定義係数,IF(O$7="UI",基本設計係数,IF(O$7="SS",詳細設計係数,IF(O$7="PS/PG/PT",製作係数,IF(O$7="IT",結合テスト係数,IF(O$7="ST",総合テスト係数,IF(O$7="OT",受入支援係数,IF(O$7="RL",移行切替係数,IF(O$7="その他",その他係数,0))))))))) * O$8,1) -> 0 | P196: =ROUNDUP(IF($E196="画面",画面係数,IF($E196="帳票",帳票係数,IF($E196="バッチ",バッチ係数,0))) * IF($I196="特高",特高係数,IF($I196="高",高係数,IF($I196="中",中係数,IF($I196="低",低係数,IF($I196="特低",特低係数,0))))) * IF(P$7="SA",要件定義係数,IF(P$7="UI",基本設計係数,IF(P$7="SS",詳細設計係数,IF(P$7="PS/PG/PT",製作係数,IF(P$7="IT",結合テスト係数,IF(P$7="ST",総合テスト係数,IF(P$7="OT",受入支援係数,IF(P$7="RL",移行切替係数,IF(P$7="その他",その他係数,0))))))))) * P$8,1) -> 0 | Q196: =ROUNDUP(IF($E196="画面",画面係数,IF($E196="帳票",帳票係数,IF($E196="バッチ",バッチ係数,0))) * IF($I196="特高",特高係数,IF($I196="高",高係数,IF($I196="中",中係数,IF($I196="低",低係数,IF($I196="特低",特低係数,0))))) * IF(Q$7="SA",要件定義係数,IF(Q$7="UI",基本設計係数,IF(Q$7="SS",詳細設計係数,IF(Q$7="PS/PG/PT",製作係数,IF(Q$7="IT",結合テスト係数,IF(Q$7="ST",総合テスト係数,IF(Q$7="OT",受入支援係数,IF(Q$7="RL",移行切替係数,IF(Q$7="その他",その他係数,0))))))))) * Q$8,1) -> 0 | R196: =ROUNDUP(IF($E196="画面",画面係数,IF($E196="帳票",帳票係数,IF($E196="バッチ",バッチ係数,0))) * IF($I196="特高",特高係数,IF($I196="高",高係数,IF($I196="中",中係数,IF($I196="低",低係数,IF($I196="特低",特低係数,0))))) * IF(R$7="SA",要件定義係数,IF(R$7="UI",基本設計係数,IF(R$7="SS",詳細設計係数,IF(R$7="PS/PG/PT",製作係数,IF(R$7="IT",結合テスト係数,IF(R$7="ST",総合テスト係数,IF(R$7="OT",受入支援係数,IF(R$7="RL",移行切替係数,IF(R$7="その他",その他係数,0))))))))) * R$8,1) -> 0 | T196: =ROUNDUP(SUM(J196:S196)*T$8,1) -> 0 | U196: =SUM(J196:T196) -> 0 | V196: =U196/20 -> 0 | W196: =((J196*J$9) + (K196*K$9) + (L196*L$9) + (M196*M$9) + (N196*N$9) + (O196*O$9) + (P196*P$9) + (Q196*Q$9) + (R196*R$9) + (S196*S$9) + (T196*T$9))/20 -> 0 | X196: 各所ごとをやめる
A197: =ROW()-9 -> 188 | B197: 紙面 | C197: ベースオイル在庫一覧 | D197: BO荷繰り | E197: 帳票 | I197: 高 | J197: =ROUNDUP(IF($E197="画面",画面係数,IF($E197="帳票",帳票係数,IF($E197="バッチ",バッチ係数,0))) * IF($I197="特高",特高係数,IF($I197="高",高係数,IF($I197="中",中係数,IF($I197="低",低係数,IF($I197="特低",特低係数,0))))) * IF(J$7="SA",要件定義係数,IF(J$7="UI",基本設計係数,IF(J$7="SS",詳細設計係数,IF(J$7="PS/PG/PT",製作係数,IF(J$7="IT",結合テスト係数,IF(J$7="ST",総合テスト係数,IF(J$7="OT",受入支援係数,IF(J$7="RL",移行切替係数,IF(J$7="その他",その他係数,0))))))))) * J$8,1) -> 2.2 | K197: =ROUNDUP(IF($E197="画面",画面係数,IF($E197="帳票",帳票係数,IF($E197="バッチ",バッチ係数,0))) * IF($I197="特高",特高係数,IF($I197="高",高係数,IF($I197="中",中係数,IF($I197="低",低係数,IF($I197="特低",特低係数,0))))) * IF(K$7="SA",要件定義係数,IF(K$7="UI",基本設計係数,IF(K$7="SS",詳細設計係数,IF(K$7="PS/PG/PT",製作係数,IF(K$7="IT",結合テスト係数,IF(K$7="ST",総合テスト係数,IF(K$7="OT",受入支援係数,IF(K$7="RL",移行切替係数,IF(K$7="その他",その他係数,0))))))))) * K$8,1) -> 2.4 | L197: =ROUNDUP(IF($E197="画面",画面係数,IF($E197="帳票",帳票係数,IF($E197="バッチ",バッチ係数,0))) * IF($I197="特高",特高係数,IF($I197="高",高係数,IF($I197="中",中係数,IF($I197="低",低係数,IF($I197="特低",特低係数,0))))) * IF(L$7="SA",要件定義係数,IF(L$7="UI",基本設計係数,IF(L$7="SS",詳細設計係数,IF(L$7="PS/PG/PT",製作係数,IF(L$7="IT",結合テスト係数,IF(L$7="ST",総合テスト係数,IF(L$7="OT",受入支援係数,IF(L$7="RL",移行切替係数,IF(L$7="その他",その他係数,0))))))))) * L$8,1) -> 2.5 | M197: =ROUNDUP(IF($E197="画面",画面係数,IF($E197="帳票",帳票係数,IF($E197="バッチ",バッチ係数,0))) * IF($I197="特高",特高係数,IF($I197="高",高係数,IF($I197="中",中係数,IF($I197="低",低係数,IF($I197="特低",特低係数,0))))) * IF(M$7="SA",要件定義係数,IF(M$7="UI",基本設計係数,IF(M$7="SS",詳細設計係数,IF(M$7="PS/PG/PT",製作係数,IF(M$7="IT",結合テスト係数,IF(M$7="ST",総合テスト係数,IF(M$7="OT",受入支援係数,IF(M$7="RL",移行切替係数,IF(M$7="その他",その他係数,0))))))))) * M$8,1) -> 4.6 | N197: =ROUNDUP(IF($E197="画面",画面係数,IF($E197="帳票",帳票係数,IF($E197="バッチ",バッチ係数,0))) * IF($I197="特高",特高係数,IF($I197="高",高係数,IF($I197="中",中係数,IF($I197="低",低係数,IF($I197="特低",特低係数,0))))) * IF(N$7="SA",要件定義係数,IF(N$7="UI",基本設計係数,IF(N$7="SS",詳細設計係数,IF(N$7="PS/PG/PT",製作係数,IF(N$7="IT",結合テスト係数,IF(N$7="ST",総合テスト係数,IF(N$7="OT",受入支援係数,IF(N$7="RL",移行切替係数,IF(N$7="その他",その他係数,0))))))))) * N$8,1) -> 2.9 | O197: =ROUNDUP(IF($E197="画面",画面係数,IF($E197="帳票",帳票係数,IF($E197="バッチ",バッチ係数,0))) * IF($I197="特高",特高係数,IF($I197="高",高係数,IF($I197="中",中係数,IF($I197="低",低係数,IF($I197="特低",特低係数,0))))) * IF(O$7="SA",要件定義係数,IF(O$7="UI",基本設計係数,IF(O$7="SS",詳細設計係数,IF(O$7="PS/PG/PT",製作係数,IF(O$7="IT",結合テスト係数,IF(O$7="ST",総合テスト係数,IF(O$7="OT",受入支援係数,IF(O$7="RL",移行切替係数,IF(O$7="その他",その他係数,0))))))))) * O$8,1) -> 1.9 | P197: =ROUNDUP(IF($E197="画面",画面係数,IF($E197="帳票",帳票係数,IF($E197="バッチ",バッチ係数,0))) * IF($I197="特高",特高係数,IF($I197="高",高係数,IF($I197="中",中係数,IF($I197="低",低係数,IF($I197="特低",特低係数,0))))) * IF(P$7="SA",要件定義係数,IF(P$7="UI",基本設計係数,IF(P$7="SS",詳細設計係数,IF(P$7="PS/PG/PT",製作係数,IF(P$7="IT",結合テスト係数,IF(P$7="ST",総合テスト係数,IF(P$7="OT",受入支援係数,IF(P$7="RL",移行切替係数,IF(P$7="その他",その他係数,0))))))))) * P$8,1) -> 0.8 | Q197: =ROUNDUP(IF($E197="画面",画面係数,IF($E197="帳票",帳票係数,IF($E197="バッチ",バッチ係数,0))) * IF($I197="特高",特高係数,IF($I197="高",高係数,IF($I197="中",中係数,IF($I197="低",低係数,IF($I197="特低",特低係数,0))))) * IF(Q$7="SA",要件定義係数,IF(Q$7="UI",基本設計係数,IF(Q$7="SS",詳細設計係数,IF(Q$7="PS/PG/PT",製作係数,IF(Q$7="IT",結合テスト係数,IF(Q$7="ST",総合テスト係数,IF(Q$7="OT",受入支援係数,IF(Q$7="RL",移行切替係数,IF(Q$7="その他",その他係数,0))))))))) * Q$8,1) -> 2.2 | R197: =ROUNDUP(IF($E197="画面",画面係数,IF($E197="帳票",帳票係数,IF($E197="バッチ",バッチ係数,0))) * IF($I197="特高",特高係数,IF($I197="高",高係数,IF($I197="中",中係数,IF($I197="低",低係数,IF($I197="特低",特低係数,0))))) * IF(R$7="SA",要件定義係数,IF(R$7="UI",基本設計係数,IF(R$7="SS",詳細設計係数,IF(R$7="PS/PG/PT",製作係数,IF(R$7="IT",結合テスト係数,IF(R$7="ST",総合テスト係数,IF(R$7="OT",受入支援係数,IF(R$7="RL",移行切替係数,IF(R$7="その他",その他係数,0))))))))) * R$8,1) -> 0 | T197: =ROUNDUP(SUM(J197:S197)*T$8,1) -> 3 | U197: =SUM(J197:T197) -> 22.5 | V197: =U197/20 -> 1.125 | W197: =((J197*J$9) + (K197*K$9) + (L197*L$9) + (M197*M$9) + (N197*N$9) + (O197*O$9) + (P197*P$9) + (Q197*Q$9) + (R197*R$9) + (S197*S$9) + (T197*T$9))/20 -> 1233750 | X197: 各所ごとをやめる
A198: =ROW()-9 -> 189 | B198: 紙面 | C198: ベースオイル在庫当残一覧 | D198: BO荷繰り | E198: 帳票 | I198: 高 | J198: =ROUNDUP(IF($E198="画面",画面係数,IF($E198="帳票",帳票係数,IF($E198="バッチ",バッチ係数,0))) * IF($I198="特高",特高係数,IF($I198="高",高係数,IF($I198="中",中係数,IF($I198="低",低係数,IF($I198="特低",特低係数,0))))) * IF(J$7="SA",要件定義係数,IF(J$7="UI",基本設計係数,IF(J$7="SS",詳細設計係数,IF(J$7="PS/PG/PT",製作係数,IF(J$7="IT",結合テスト係数,IF(J$7="ST",総合テスト係数,IF(J$7="OT",受入支援係数,IF(J$7="RL",移行切替係数,IF(J$7="その他",その他係数,0))))))))) * J$8,1) -> 2.2 | K198: =ROUNDUP(IF($E198="画面",画面係数,IF($E198="帳票",帳票係数,IF($E198="バッチ",バッチ係数,0))) * IF($I198="特高",特高係数,IF($I198="高",高係数,IF($I198="中",中係数,IF($I198="低",低係数,IF($I198="特低",特低係数,0))))) * IF(K$7="SA",要件定義係数,IF(K$7="UI",基本設計係数,IF(K$7="SS",詳細設計係数,IF(K$7="PS/PG/PT",製作係数,IF(K$7="IT",結合テスト係数,IF(K$7="ST",総合テスト係数,IF(K$7="OT",受入支援係数,IF(K$7="RL",移行切替係数,IF(K$7="その他",その他係数,0))))))))) * K$8,1) -> 2.4 | L198: =ROUNDUP(IF($E198="画面",画面係数,IF($E198="帳票",帳票係数,IF($E198="バッチ",バッチ係数,0))) * IF($I198="特高",特高係数,IF($I198="高",高係数,IF($I198="中",中係数,IF($I198="低",低係数,IF($I198="特低",特低係数,0))))) * IF(L$7="SA",要件定義係数,IF(L$7="UI",基本設計係数,IF(L$7="SS",詳細設計係数,IF(L$7="PS/PG/PT",製作係数,IF(L$7="IT",結合テスト係数,IF(L$7="ST",総合テスト係数,IF(L$7="OT",受入支援係数,IF(L$7="RL",移行切替係数,IF(L$7="その他",その他係数,0))))))))) * L$8,1) -> 2.5 | M198: =ROUNDUP(IF($E198="画面",画面係数,IF($E198="帳票",帳票係数,IF($E198="バッチ",バッチ係数,0))) * IF($I198="特高",特高係数,IF($I198="高",高係数,IF($I198="中",中係数,IF($I198="低",低係数,IF($I198="特低",特低係数,0))))) * IF(M$7="SA",要件定義係数,IF(M$7="UI",基本設計係数,IF(M$7="SS",詳細設計係数,IF(M$7="PS/PG/PT",製作係数,IF(M$7="IT",結合テスト係数,IF(M$7="ST",総合テスト係数,IF(M$7="OT",受入支援係数,IF(M$7="RL",移行切替係数,IF(M$7="その他",その他係数,0))))))))) * M$8,1) -> 4.6 | N198: =ROUNDUP(IF($E198="画面",画面係数,IF($E198="帳票",帳票係数,IF($E198="バッチ",バッチ係数,0))) * IF($I198="特高",特高係数,IF($I198="高",高係数,IF($I198="中",中係数,IF($I198="低",低係数,IF($I198="特低",特低係数,0))))) * IF(N$7="SA",要件定義係数,IF(N$7="UI",基本設計係数,IF(N$7="SS",詳細設計係数,IF(N$7="PS/PG/PT",製作係数,IF(N$7="IT",結合テスト係数,IF(N$7="ST",総合テスト係数,IF(N$7="OT",受入支援係数,IF(N$7="RL",移行切替係数,IF(N$7="その他",その他係数,0))))))))) * N$8,1) -> 2.9 | O198: =ROUNDUP(IF($E198="画面",画面係数,IF($E198="帳票",帳票係数,IF($E198="バッチ",バッチ係数,0))) * IF($I198="特高",特高係数,IF($I198="高",高係数,IF($I198="中",中係数,IF($I198="低",低係数,IF($I198="特低",特低係数,0))))) * IF(O$7="SA",要件定義係数,IF(O$7="UI",基本設計係数,IF(O$7="SS",詳細設計係数,IF(O$7="PS/PG/PT",製作係数,IF(O$7="IT",結合テスト係数,IF(O$7="ST",総合テスト係数,IF(O$7="OT",受入支援係数,IF(O$7="RL",移行切替係数,IF(O$7="その他",その他係数,0))))))))) * O$8,1) -> 1.9 | P198: =ROUNDUP(IF($E198="画面",画面係数,IF($E198="帳票",帳票係数,IF($E198="バッチ",バッチ係数,0))) * IF($I198="特高",特高係数,IF($I198="高",高係数,IF($I198="中",中係数,IF($I198="低",低係数,IF($I198="特低",特低係数,0))))) * IF(P$7="SA",要件定義係数,IF(P$7="UI",基本設計係数,IF(P$7="SS",詳細設計係数,IF(P$7="PS/PG/PT",製作係数,IF(P$7="IT",結合テスト係数,IF(P$7="ST",総合テスト係数,IF(P$7="OT",受入支援係数,IF(P$7="RL",移行切替係数,IF(P$7="その他",その他係数,0))))))))) * P$8,1) -> 0.8 | Q198: =ROUNDUP(IF($E198="画面",画面係数,IF($E198="帳票",帳票係数,IF($E198="バッチ",バッチ係数,0))) * IF($I198="特高",特高係数,IF($I198="高",高係数,IF($I198="中",中係数,IF($I198="低",低係数,IF($I198="特低",特低係数,0))))) * IF(Q$7="SA",要件定義係数,IF(Q$7="UI",基本設計係数,IF(Q$7="SS",詳細設計係数,IF(Q$7="PS/PG/PT",製作係数,IF(Q$7="IT",結合テスト係数,IF(Q$7="ST",総合テスト係数,IF(Q$7="OT",受入支援係数,IF(Q$7="RL",移行切替係数,IF(Q$7="その他",その他係数,0))))))))) * Q$8,1) -> 2.2 | R198: =ROUNDUP(IF($E198="画面",画面係数,IF($E198="帳票",帳票係数,IF($E198="バッチ",バッチ係数,0))) * IF($I198="特高",特高係数,IF($I198="高",高係数,IF($I198="中",中係数,IF($I198="低",低係数,IF($I198="特低",特低係数,0))))) * IF(R$7="SA",要件定義係数,IF(R$7="UI",基本設計係数,IF(R$7="SS",詳細設計係数,IF(R$7="PS/PG/PT",製作係数,IF(R$7="IT",結合テスト係数,IF(R$7="ST",総合テスト係数,IF(R$7="OT",受入支援係数,IF(R$7="RL",移行切替係数,IF(R$7="その他",その他係数,0))))))))) * R$8,1) -> 0 | T198: =ROUNDUP(SUM(J198:S198)*T$8,1) -> 3 | U198: =SUM(J198:T198) -> 22.5 | V198: =U198/20 -> 1.125 | W198: =((J198*J$9) + (K198*K$9) + (L198*L$9) + (M198*M$9) + (N198*N$9) + (O198*O$9) + (P198*P$9) + (Q198*Q$9) + (R198*R$9) + (S198*S$9) + (T198*T$9))/20 -> 1233750 | X198: 各所ごとをやめる
A199: =ROW()-9 -> 190 | B199: 紙面 | C199: ラフカット・ベースオイル在庫一覧 | D199: BO荷繰り | E199: 帳票 | I199: 高 | J199: =ROUNDUP(IF($E199="画面",画面係数,IF($E199="帳票",帳票係数,IF($E199="バッチ",バッチ係数,0))) * IF($I199="特高",特高係数,IF($I199="高",高係数,IF($I199="中",中係数,IF($I199="低",低係数,IF($I199="特低",特低係数,0))))) * IF(J$7="SA",要件定義係数,IF(J$7="UI",基本設計係数,IF(J$7="SS",詳細設計係数,IF(J$7="PS/PG/PT",製作係数,IF(J$7="IT",結合テスト係数,IF(J$7="ST",総合テスト係数,IF(J$7="OT",受入支援係数,IF(J$7="RL",移行切替係数,IF(J$7="その他",その他係数,0))))))))) * J$8,1) -> 2.2 | K199: =ROUNDUP(IF($E199="画面",画面係数,IF($E199="帳票",帳票係数,IF($E199="バッチ",バッチ係数,0))) * IF($I199="特高",特高係数,IF($I199="高",高係数,IF($I199="中",中係数,IF($I199="低",低係数,IF($I199="特低",特低係数,0))))) * IF(K$7="SA",要件定義係数,IF(K$7="UI",基本設計係数,IF(K$7="SS",詳細設計係数,IF(K$7="PS/PG/PT",製作係数,IF(K$7="IT",結合テスト係数,IF(K$7="ST",総合テスト係数,IF(K$7="OT",受入支援係数,IF(K$7="RL",移行切替係数,IF(K$7="その他",その他係数,0))))))))) * K$8,1) -> 2.4 | L199: =ROUNDUP(IF($E199="画面",画面係数,IF($E199="帳票",帳票係数,IF($E199="バッチ",バッチ係数,0))) * IF($I199="特高",特高係数,IF($I199="高",高係数,IF($I199="中",中係数,IF($I199="低",低係数,IF($I199="特低",特低係数,0))))) * IF(L$7="SA",要件定義係数,IF(L$7="UI",基本設計係数,IF(L$7="SS",詳細設計係数,IF(L$7="PS/PG/PT",製作係数,IF(L$7="IT",結合テスト係数,IF(L$7="ST",総合テスト係数,IF(L$7="OT",受入支援係数,IF(L$7="RL",移行切替係数,IF(L$7="その他",その他係数,0))))))))) * L$8,1) -> 2.5 | M199: =ROUNDUP(IF($E199="画面",画面係数,IF($E199="帳票",帳票係数,IF($E199="バッチ",バッチ係数,0))) * IF($I199="特高",特高係数,IF($I199="高",高係数,IF($I199="中",中係数,IF($I199="低",低係数,IF($I199="特低",特低係数,0))))) * IF(M$7="SA",要件定義係数,IF(M$7="UI",基本設計係数,IF(M$7="SS",詳細設計係数,IF(M$7="PS/PG/PT",製作係数,IF(M$7="IT",結合テスト係数,IF(M$7="ST",総合テスト係数,IF(M$7="OT",受入支援係数,IF(M$7="RL",移行切替係数,IF(M$7="その他",その他係数,0))))))))) * M$8,1) -> 4.6 | N199: =ROUNDUP(IF($E199="画面",画面係数,IF($E199="帳票",帳票係数,IF($E199="バッチ",バッチ係数,0))) * IF($I199="特高",特高係数,IF($I199="高",高係数,IF($I199="中",中係数,IF($I199="低",低係数,IF($I199="特低",特低係数,0))))) * IF(N$7="SA",要件定義係数,IF(N$7="UI",基本設計係数,IF(N$7="SS",詳細設計係数,IF(N$7="PS/PG/PT",製作係数,IF(N$7="IT",結合テスト係数,IF(N$7="ST",総合テスト係数,IF(N$7="OT",受入支援係数,IF(N$7="RL",移行切替係数,IF(N$7="その他",その他係数,0))))))))) * N$8,1) -> 2.9 | O199: =ROUNDUP(IF($E199="画面",画面係数,IF($E199="帳票",帳票係数,IF($E199="バッチ",バッチ係数,0))) * IF($I199="特高",特高係数,IF($I199="高",高係数,IF($I199="中",中係数,IF($I199="低",低係数,IF($I199="特低",特低係数,0))))) * IF(O$7="SA",要件定義係数,IF(O$7="UI",基本設計係数,IF(O$7="SS",詳細設計係数,IF(O$7="PS/PG/PT",製作係数,IF(O$7="IT",結合テスト係数,IF(O$7="ST",総合テスト係数,IF(O$7="OT",受入支援係数,IF(O$7="RL",移行切替係数,IF(O$7="その他",その他係数,0))))))))) * O$8,1) -> 1.9 | P199: =ROUNDUP(IF($E199="画面",画面係数,IF($E199="帳票",帳票係数,IF($E199="バッチ",バッチ係数,0))) * IF($I199="特高",特高係数,IF($I199="高",高係数,IF($I199="中",中係数,IF($I199="低",低係数,IF($I199="特低",特低係数,0))))) * IF(P$7="SA",要件定義係数,IF(P$7="UI",基本設計係数,IF(P$7="SS",詳細設計係数,IF(P$7="PS/PG/PT",製作係数,IF(P$7="IT",結合テスト係数,IF(P$7="ST",総合テスト係数,IF(P$7="OT",受入支援係数,IF(P$7="RL",移行切替係数,IF(P$7="その他",その他係数,0))))))))) * P$8,1) -> 0.8 | Q199: =ROUNDUP(IF($E199="画面",画面係数,IF($E199="帳票",帳票係数,IF($E199="バッチ",バッチ係数,0))) * IF($I199="特高",特高係数,IF($I199="高",高係数,IF($I199="中",中係数,IF($I199="低",低係数,IF($I199="特低",特低係数,0))))) * IF(Q$7="SA",要件定義係数,IF(Q$7="UI",基本設計係数,IF(Q$7="SS",詳細設計係数,IF(Q$7="PS/PG/PT",製作係数,IF(Q$7="IT",結合テスト係数,IF(Q$7="ST",総合テスト係数,IF(Q$7="OT",受入支援係数,IF(Q$7="RL",移行切替係数,IF(Q$7="その他",その他係数,0))))))))) * Q$8,1) -> 2.2 | R199: =ROUNDUP(IF($E199="画面",画面係数,IF($E199="帳票",帳票係数,IF($E199="バッチ",バッチ係数,0))) * IF($I199="特高",特高係数,IF($I199="高",高係数,IF($I199="中",中係数,IF($I199="低",低係数,IF($I199="特低",特低係数,0))))) * IF(R$7="SA",要件定義係数,IF(R$7="UI",基本設計係数,IF(R$7="SS",詳細設計係数,IF(R$7="PS/PG/PT",製作係数,IF(R$7="IT",結合テスト係数,IF(R$7="ST",総合テスト係数,IF(R$7="OT",受入支援係数,IF(R$7="RL",移行切替係数,IF(R$7="その他",その他係数,0))))))))) * R$8,1) -> 0 | T199: =ROUNDUP(SUM(J199:S199)*T$8,1) -> 3 | U199: =SUM(J199:T199) -> 22.5 | V199: =U199/20 -> 1.125 | W199: =((J199*J$9) + (K199*K$9) + (L199*L$9) + (M199*M$9) + (N199*N$9) + (O199*O$9) + (P199*P$9) + (Q199*Q$9) + (R199*R$9) + (S199*S$9) + (T199*T$9))/20 -> 1233750 | X199: 各所ごとをやめる
A200: =ROW()-9 -> 191 | B200: 紙面 | C200: ラフカット・ベースオイル在庫当残一覧 | D200: BO荷繰り | E200: 帳票 | I200: 高 | J200: =ROUNDUP(IF($E200="画面",画面係数,IF($E200="帳票",帳票係数,IF($E200="バッチ",バッチ係数,0))) * IF($I200="特高",特高係数,IF($I200="高",高係数,IF($I200="中",中係数,IF($I200="低",低係数,IF($I200="特低",特低係数,0))))) * IF(J$7="SA",要件定義係数,IF(J$7="UI",基本設計係数,IF(J$7="SS",詳細設計係数,IF(J$7="PS/PG/PT",製作係数,IF(J$7="IT",結合テスト係数,IF(J$7="ST",総合テスト係数,IF(J$7="OT",受入支援係数,IF(J$7="RL",移行切替係数,IF(J$7="その他",その他係数,0))))))))) * J$8,1) -> 2.2 | K200: =ROUNDUP(IF($E200="画面",画面係数,IF($E200="帳票",帳票係数,IF($E200="バッチ",バッチ係数,0))) * IF($I200="特高",特高係数,IF($I200="高",高係数,IF($I200="中",中係数,IF($I200="低",低係数,IF($I200="特低",特低係数,0))))) * IF(K$7="SA",要件定義係数,IF(K$7="UI",基本設計係数,IF(K$7="SS",詳細設計係数,IF(K$7="PS/PG/PT",製作係数,IF(K$7="IT",結合テスト係数,IF(K$7="ST",総合テスト係数,IF(K$7="OT",受入支援係数,IF(K$7="RL",移行切替係数,IF(K$7="その他",その他係数,0))))))))) * K$8,1) -> 2.4 | L200: =ROUNDUP(IF($E200="画面",画面係数,IF($E200="帳票",帳票係数,IF($E200="バッチ",バッチ係数,0))) * IF($I200="特高",特高係数,IF($I200="高",高係数,IF($I200="中",中係数,IF($I200="低",低係数,IF($I200="特低",特低係数,0))))) * IF(L$7="SA",要件定義係数,IF(L$7="UI",基本設計係数,IF(L$7="SS",詳細設計係数,IF(L$7="PS/PG/PT",製作係数,IF(L$7="IT",結合テスト係数,IF(L$7="ST",総合テスト係数,IF(L$7="OT",受入支援係数,IF(L$7="RL",移行切替係数,IF(L$7="その他",その他係数,0))))))))) * L$8,1) -> 2.5 | M200: =ROUNDUP(IF($E200="画面",画面係数,IF($E200="帳票",帳票係数,IF($E200="バッチ",バッチ係数,0))) * IF($I200="特高",特高係数,IF($I200="高",高係数,IF($I200="中",中係数,IF($I200="低",低係数,IF($I200="特低",特低係数,0))))) * IF(M$7="SA",要件定義係数,IF(M$7="UI",基本設計係数,IF(M$7="SS",詳細設計係数,IF(M$7="PS/PG/PT",製作係数,IF(M$7="IT",結合テスト係数,IF(M$7="ST",総合テスト係数,IF(M$7="OT",受入支援係数,IF(M$7="RL",移行切替係数,IF(M$7="その他",その他係数,0))))))))) * M$8,1) -> 4.6 | N200: =ROUNDUP(IF($E200="画面",画面係数,IF($E200="帳票",帳票係数,IF($E200="バッチ",バッチ係数,0))) * IF($I200="特高",特高係数,IF($I200="高",高係数,IF($I200="中",中係数,IF($I200="低",低係数,IF($I200="特低",特低係数,0))))) * IF(N$7="SA",要件定義係数,IF(N$7="UI",基本設計係数,IF(N$7="SS",詳細設計係数,IF(N$7="PS/PG/PT",製作係数,IF(N$7="IT",結合テスト係数,IF(N$7="ST",総合テスト係数,IF(N$7="OT",受入支援係数,IF(N$7="RL",移行切替係数,IF(N$7="その他",その他係数,0))))))))) * N$8,1) -> 2.9 | O200: =ROUNDUP(IF($E200="画面",画面係数,IF($E200="帳票",帳票係数,IF($E200="バッチ",バッチ係数,0))) * IF($I200="特高",特高係数,IF($I200="高",高係数,IF($I200="中",中係数,IF($I200="低",低係数,IF($I200="特低",特低係数,0))))) * IF(O$7="SA",要件定義係数,IF(O$7="UI",基本設計係数,IF(O$7="SS",詳細設計係数,IF(O$7="PS/PG/PT",製作係数,IF(O$7="IT",結合テスト係数,IF(O$7="ST",総合テスト係数,IF(O$7="OT",受入支援係数,IF(O$7="RL",移行切替係数,IF(O$7="その他",その他係数,0))))))))) * O$8,1) -> 1.9 | P200: =ROUNDUP(IF($E200="画面",画面係数,IF($E200="帳票",帳票係数,IF($E200="バッチ",バッチ係数,0))) * IF($I200="特高",特高係数,IF($I200="高",高係数,IF($I200="中",中係数,IF($I200="低",低係数,IF($I200="特低",特低係数,0))))) * IF(P$7="SA",要件定義係数,IF(P$7="UI",基本設計係数,IF(P$7="SS",詳細設計係数,IF(P$7="PS/PG/PT",製作係数,IF(P$7="IT",結合テスト係数,IF(P$7="ST",総合テスト係数,IF(P$7="OT",受入支援係数,IF(P$7="RL",移行切替係数,IF(P$7="その他",その他係数,0))))))))) * P$8,1) -> 0.8 | Q200: =ROUNDUP(IF($E200="画面",画面係数,IF($E200="帳票",帳票係数,IF($E200="バッチ",バッチ係数,0))) * IF($I200="特高",特高係数,IF($I200="高",高係数,IF($I200="中",中係数,IF($I200="低",低係数,IF($I200="特低",特低係数,0))))) * IF(Q$7="SA",要件定義係数,IF(Q$7="UI",基本設計係数,IF(Q$7="SS",詳細設計係数,IF(Q$7="PS/PG/PT",製作係数,IF(Q$7="IT",結合テスト係数,IF(Q$7="ST",総合テスト係数,IF(Q$7="OT",受入支援係数,IF(Q$7="RL",移行切替係数,IF(Q$7="その他",その他係数,0))))))))) * Q$8,1) -> 2.2 | R200: =ROUNDUP(IF($E200="画面",画面係数,IF($E200="帳票",帳票係数,IF($E200="バッチ",バッチ係数,0))) * IF($I200="特高",特高係数,IF($I200="高",高係数,IF($I200="中",中係数,IF($I200="低",低係数,IF($I200="特低",特低係数,0))))) * IF(R$7="SA",要件定義係数,IF(R$7="UI",基本設計係数,IF(R$7="SS",詳細設計係数,IF(R$7="PS/PG/PT",製作係数,IF(R$7="IT",結合テスト係数,IF(R$7="ST",総合テスト係数,IF(R$7="OT",受入支援係数,IF(R$7="RL",移行切替係数,IF(R$7="その他",その他係数,0))))))))) * R$8,1) -> 0 | T200: =ROUNDUP(SUM(J200:S200)*T$8,1) -> 3 | U200: =SUM(J200:T200) -> 22.5 | V200: =U200/20 -> 1.125 | W200: =((J200*J$9) + (K200*K$9) + (L200*L$9) + (M200*M$9) + (N200*N$9) + (O200*O$9) + (P200*P$9) + (Q200*Q$9) + (R200*R$9) + (S200*S$9) + (T200*T$9))/20 -> 1233750 | X200: 各所ごとをやめる
A201: =ROW()-9 -> 192 | B201: 紙面 | C201: タンカー・ライン直送・シフト計画表 | D201: 受注入出荷 | E201: 帳票 | I201: 高 | J201: =ROUNDUP(IF($E201="画面",画面係数,IF($E201="帳票",帳票係数,IF($E201="バッチ",バッチ係数,0))) * IF($I201="特高",特高係数,IF($I201="高",高係数,IF($I201="中",中係数,IF($I201="低",低係数,IF($I201="特低",特低係数,0))))) * IF(J$7="SA",要件定義係数,IF(J$7="UI",基本設計係数,IF(J$7="SS",詳細設計係数,IF(J$7="PS/PG/PT",製作係数,IF(J$7="IT",結合テスト係数,IF(J$7="ST",総合テスト係数,IF(J$7="OT",受入支援係数,IF(J$7="RL",移行切替係数,IF(J$7="その他",その他係数,0))))))))) * J$8,1) -> 2.2 | K201: =ROUNDUP(IF($E201="画面",画面係数,IF($E201="帳票",帳票係数,IF($E201="バッチ",バッチ係数,0))) * IF($I201="特高",特高係数,IF($I201="高",高係数,IF($I201="中",中係数,IF($I201="低",低係数,IF($I201="特低",特低係数,0))))) * IF(K$7="SA",要件定義係数,IF(K$7="UI",基本設計係数,IF(K$7="SS",詳細設計係数,IF(K$7="PS/PG/PT",製作係数,IF(K$7="IT",結合テスト係数,IF(K$7="ST",総合テスト係数,IF(K$7="OT",受入支援係数,IF(K$7="RL",移行切替係数,IF(K$7="その他",その他係数,0))))))))) * K$8,1) -> 2.4 | L201: =ROUNDUP(IF($E201="画面",画面係数,IF($E201="帳票",帳票係数,IF($E201="バッチ",バッチ係数,0))) * IF($I201="特高",特高係数,IF($I201="高",高係数,IF($I201="中",中係数,IF($I201="低",低係数,IF($I201="特低",特低係数,0))))) * IF(L$7="SA",要件定義係数,IF(L$7="UI",基本設計係数,IF(L$7="SS",詳細設計係数,IF(L$7="PS/PG/PT",製作係数,IF(L$7="IT",結合テスト係数,IF(L$7="ST",総合テスト係数,IF(L$7="OT",受入支援係数,IF(L$7="RL",移行切替係数,IF(L$7="その他",その他係数,0))))))))) * L$8,1) -> 2.5 | M201: =ROUNDUP(IF($E201="画面",画面係数,IF($E201="帳票",帳票係数,IF($E201="バッチ",バッチ係数,0))) * IF($I201="特高",特高係数,IF($I201="高",高係数,IF($I201="中",中係数,IF($I201="低",低係数,IF($I201="特低",特低係数,0))))) * IF(M$7="SA",要件定義係数,IF(M$7="UI",基本設計係数,IF(M$7="SS",詳細設計係数,IF(M$7="PS/PG/PT",製作係数,IF(M$7="IT",結合テスト係数,IF(M$7="ST",総合テスト係数,IF(M$7="OT",受入支援係数,IF(M$7="RL",移行切替係数,IF(M$7="その他",その他係数,0))))))))) * M$8,1) -> 4.6 | N201: =ROUNDUP(IF($E201="画面",画面係数,IF($E201="帳票",帳票係数,IF($E201="バッチ",バッチ係数,0))) * IF($I201="特高",特高係数,IF($I201="高",高係数,IF($I201="中",中係数,IF($I201="低",低係数,IF($I201="特低",特低係数,0))))) * IF(N$7="SA",要件定義係数,IF(N$7="UI",基本設計係数,IF(N$7="SS",詳細設計係数,IF(N$7="PS/PG/PT",製作係数,IF(N$7="IT",結合テスト係数,IF(N$7="ST",総合テスト係数,IF(N$7="OT",受入支援係数,IF(N$7="RL",移行切替係数,IF(N$7="その他",その他係数,0))))))))) * N$8,1) -> 2.9 | O201: =ROUNDUP(IF($E201="画面",画面係数,IF($E201="帳票",帳票係数,IF($E201="バッチ",バッチ係数,0))) * IF($I201="特高",特高係数,IF($I201="高",高係数,IF($I201="中",中係数,IF($I201="低",低係数,IF($I201="特低",特低係数,0))))) * IF(O$7="SA",要件定義係数,IF(O$7="UI",基本設計係数,IF(O$7="SS",詳細設計係数,IF(O$7="PS/PG/PT",製作係数,IF(O$7="IT",結合テスト係数,IF(O$7="ST",総合テスト係数,IF(O$7="OT",受入支援係数,IF(O$7="RL",移行切替係数,IF(O$7="その他",その他係数,0))))))))) * O$8,1) -> 1.9 | P201: =ROUNDUP(IF($E201="画面",画面係数,IF($E201="帳票",帳票係数,IF($E201="バッチ",バッチ係数,0))) * IF($I201="特高",特高係数,IF($I201="高",高係数,IF($I201="中",中係数,IF($I201="低",低係数,IF($I201="特低",特低係数,0))))) * IF(P$7="SA",要件定義係数,IF(P$7="UI",基本設計係数,IF(P$7="SS",詳細設計係数,IF(P$7="PS/PG/PT",製作係数,IF(P$7="IT",結合テスト係数,IF(P$7="ST",総合テスト係数,IF(P$7="OT",受入支援係数,IF(P$7="RL",移行切替係数,IF(P$7="その他",その他係数,0))))))))) * P$8,1) -> 0.8 | Q201: =ROUNDUP(IF($E201="画面",画面係数,IF($E201="帳票",帳票係数,IF($E201="バッチ",バッチ係数,0))) * IF($I201="特高",特高係数,IF($I201="高",高係数,IF($I201="中",中係数,IF($I201="低",低係数,IF($I201="特低",特低係数,0))))) * IF(Q$7="SA",要件定義係数,IF(Q$7="UI",基本設計係数,IF(Q$7="SS",詳細設計係数,IF(Q$7="PS/PG/PT",製作係数,IF(Q$7="IT",結合テスト係数,IF(Q$7="ST",総合テスト係数,IF(Q$7="OT",受入支援係数,IF(Q$7="RL",移行切替係数,IF(Q$7="その他",その他係数,0))))))))) * Q$8,1) -> 2.2 | R201: =ROUNDUP(IF($E201="画面",画面係数,IF($E201="帳票",帳票係数,IF($E201="バッチ",バッチ係数,0))) * IF($I201="特高",特高係数,IF($I201="高",高係数,IF($I201="中",中係数,IF($I201="低",低係数,IF($I201="特低",特低係数,0))))) * IF(R$7="SA",要件定義係数,IF(R$7="UI",基本設計係数,IF(R$7="SS",詳細設計係数,IF(R$7="PS/PG/PT",製作係数,IF(R$7="IT",結合テスト係数,IF(R$7="ST",総合テスト係数,IF(R$7="OT",受入支援係数,IF(R$7="RL",移行切替係数,IF(R$7="その他",その他係数,0))))))))) * R$8,1) -> 0 | T201: =ROUNDUP(SUM(J201:S201)*T$8,1) -> 3 | U201: =SUM(J201:T201) -> 22.5 | V201: =U201/20 -> 1.125 | W201: =((J201*J$9) + (K201*K$9) + (L201*L$9) + (M201*M$9) + (N201*N$9) + (O201*O$9) + (P201*P$9) + (Q201*Q$9) + (R201*R$9) + (S201*S$9) + (T201*T$9))/20 -> 1233750 | X201: 各所ごとをやめる
A202: =ROW()-9 -> 193 | B202: 紙面 | C202: ローリー出荷計画表 | D202: 受注入出荷 | E202: 帳票 | I202: 高 | J202: =ROUNDUP(IF($E202="画面",画面係数,IF($E202="帳票",帳票係数,IF($E202="バッチ",バッチ係数,0))) * IF($I202="特高",特高係数,IF($I202="高",高係数,IF($I202="中",中係数,IF($I202="低",低係数,IF($I202="特低",特低係数,0))))) * IF(J$7="SA",要件定義係数,IF(J$7="UI",基本設計係数,IF(J$7="SS",詳細設計係数,IF(J$7="PS/PG/PT",製作係数,IF(J$7="IT",結合テスト係数,IF(J$7="ST",総合テスト係数,IF(J$7="OT",受入支援係数,IF(J$7="RL",移行切替係数,IF(J$7="その他",その他係数,0))))))))) * J$8,1) -> 2.2 | K202: =ROUNDUP(IF($E202="画面",画面係数,IF($E202="帳票",帳票係数,IF($E202="バッチ",バッチ係数,0))) * IF($I202="特高",特高係数,IF($I202="高",高係数,IF($I202="中",中係数,IF($I202="低",低係数,IF($I202="特低",特低係数,0))))) * IF(K$7="SA",要件定義係数,IF(K$7="UI",基本設計係数,IF(K$7="SS",詳細設計係数,IF(K$7="PS/PG/PT",製作係数,IF(K$7="IT",結合テスト係数,IF(K$7="ST",総合テスト係数,IF(K$7="OT",受入支援係数,IF(K$7="RL",移行切替係数,IF(K$7="その他",その他係数,0))))))))) * K$8,1) -> 2.4 | L202: =ROUNDUP(IF($E202="画面",画面係数,IF($E202="帳票",帳票係数,IF($E202="バッチ",バッチ係数,0))) * IF($I202="特高",特高係数,IF($I202="高",高係数,IF($I202="中",中係数,IF($I202="低",低係数,IF($I202="特低",特低係数,0))))) * IF(L$7="SA",要件定義係数,IF(L$7="UI",基本設計係数,IF(L$7="SS",詳細設計係数,IF(L$7="PS/PG/PT",製作係数,IF(L$7="IT",結合テスト係数,IF(L$7="ST",総合テスト係数,IF(L$7="OT",受入支援係数,IF(L$7="RL",移行切替係数,IF(L$7="その他",その他係数,0))))))))) * L$8,1) -> 2.5 | M202: =ROUNDUP(IF($E202="画面",画面係数,IF($E202="帳票",帳票係数,IF($E202="バッチ",バッチ係数,0))) * IF($I202="特高",特高係数,IF($I202="高",高係数,IF($I202="中",中係数,IF($I202="低",低係数,IF($I202="特低",特低係数,0))))) * IF(M$7="SA",要件定義係数,IF(M$7="UI",基本設計係数,IF(M$7="SS",詳細設計係数,IF(M$7="PS/PG/PT",製作係数,IF(M$7="IT",結合テスト係数,IF(M$7="ST",総合テスト係数,IF(M$7="OT",受入支援係数,IF(M$7="RL",移行切替係数,IF(M$7="その他",その他係数,0))))))))) * M$8,1) -> 4.6 | N202: =ROUNDUP(IF($E202="画面",画面係数,IF($E202="帳票",帳票係数,IF($E202="バッチ",バッチ係数,0))) * IF($I202="特高",特高係数,IF($I202="高",高係数,IF($I202="中",中係数,IF($I202="低",低係数,IF($I202="特低",特低係数,0))))) * IF(N$7="SA",要件定義係数,IF(N$7="UI",基本設計係数,IF(N$7="SS",詳細設計係数,IF(N$7="PS/PG/PT",製作係数,IF(N$7="IT",結合テスト係数,IF(N$7="ST",総合テスト係数,IF(N$7="OT",受入支援係数,IF(N$7="RL",移行切替係数,IF(N$7="その他",その他係数,0))))))))) * N$8,1) -> 2.9 | O202: =ROUNDUP(IF($E202="画面",画面係数,IF($E202="帳票",帳票係数,IF($E202="バッチ",バッチ係数,0))) * IF($I202="特高",特高係数,IF($I202="高",高係数,IF($I202="中",中係数,IF($I202="低",低係数,IF($I202="特低",特低係数,0))))) * IF(O$7="SA",要件定義係数,IF(O$7="UI",基本設計係数,IF(O$7="SS",詳細設計係数,IF(O$7="PS/PG/PT",製作係数,IF(O$7="IT",結合テスト係数,IF(O$7="ST",総合テスト係数,IF(O$7="OT",受入支援係数,IF(O$7="RL",移行切替係数,IF(O$7="その他",その他係数,0))))))))) * O$8,1) -> 1.9 | P202: =ROUNDUP(IF($E202="画面",画面係数,IF($E202="帳票",帳票係数,IF($E202="バッチ",バッチ係数,0))) * IF($I202="特高",特高係数,IF($I202="高",高係数,IF($I202="中",中係数,IF($I202="低",低係数,IF($I202="特低",特低係数,0))))) * IF(P$7="SA",要件定義係数,IF(P$7="UI",基本設計係数,IF(P$7="SS",詳細設計係数,IF(P$7="PS/PG/PT",製作係数,IF(P$7="IT",結合テスト係数,IF(P$7="ST",総合テスト係数,IF(P$7="OT",受入支援係数,IF(P$7="RL",移行切替係数,IF(P$7="その他",その他係数,0))))))))) * P$8,1) -> 0.8 | Q202: =ROUNDUP(IF($E202="画面",画面係数,IF($E202="帳票",帳票係数,IF($E202="バッチ",バッチ係数,0))) * IF($I202="特高",特高係数,IF($I202="高",高係数,IF($I202="中",中係数,IF($I202="低",低係数,IF($I202="特低",特低係数,0))))) * IF(Q$7="SA",要件定義係数,IF(Q$7="UI",基本設計係数,IF(Q$7="SS",詳細設計係数,IF(Q$7="PS/PG/PT",製作係数,IF(Q$7="IT",結合テスト係数,IF(Q$7="ST",総合テスト係数,IF(Q$7="OT",受入支援係数,IF(Q$7="RL",移行切替係数,IF(Q$7="その他",その他係数,0))))))))) * Q$8,1) -> 2.2 | R202: =ROUNDUP(IF($E202="画面",画面係数,IF($E202="帳票",帳票係数,IF($E202="バッチ",バッチ係数,0))) * IF($I202="特高",特高係数,IF($I202="高",高係数,IF($I202="中",中係数,IF($I202="低",低係数,IF($I202="特低",特低係数,0))))) * IF(R$7="SA",要件定義係数,IF(R$7="UI",基本設計係数,IF(R$7="SS",詳細設計係数,IF(R$7="PS/PG/PT",製作係数,IF(R$7="IT",結合テスト係数,IF(R$7="ST",総合テスト係数,IF(R$7="OT",受入支援係数,IF(R$7="RL",移行切替係数,IF(R$7="その他",その他係数,0))))))))) * R$8,1) -> 0 | T202: =ROUNDUP(SUM(J202:S202)*T$8,1) -> 3 | U202: =SUM(J202:T202) -> 22.5 | V202: =U202/20 -> 1.125 | W202: =((J202*J$9) + (K202*K$9) + (L202*L$9) + (M202*M$9) + (N202*N$9) + (O202*O$9) + (P202*P$9) + (Q202*Q$9) + (R202*R$9) + (S202*S$9) + (T202*T$9))/20 -> 1233750 | X202: 各所ごとをやめる
A203: =ROW()-9 -> 194 | B203: 紙面 | C203: ローリーサンプルラベル | D203: 受注入出荷 | E203: 帳票 | I203: 高 | J203: =ROUNDUP(IF($E203="画面",画面係数,IF($E203="帳票",帳票係数,IF($E203="バッチ",バッチ係数,0))) * IF($I203="特高",特高係数,IF($I203="高",高係数,IF($I203="中",中係数,IF($I203="低",低係数,IF($I203="特低",特低係数,0))))) * IF(J$7="SA",要件定義係数,IF(J$7="UI",基本設計係数,IF(J$7="SS",詳細設計係数,IF(J$7="PS/PG/PT",製作係数,IF(J$7="IT",結合テスト係数,IF(J$7="ST",総合テスト係数,IF(J$7="OT",受入支援係数,IF(J$7="RL",移行切替係数,IF(J$7="その他",その他係数,0))))))))) * J$8,1) -> 2.2 | K203: =ROUNDUP(IF($E203="画面",画面係数,IF($E203="帳票",帳票係数,IF($E203="バッチ",バッチ係数,0))) * IF($I203="特高",特高係数,IF($I203="高",高係数,IF($I203="中",中係数,IF($I203="低",低係数,IF($I203="特低",特低係数,0))))) * IF(K$7="SA",要件定義係数,IF(K$7="UI",基本設計係数,IF(K$7="SS",詳細設計係数,IF(K$7="PS/PG/PT",製作係数,IF(K$7="IT",結合テスト係数,IF(K$7="ST",総合テスト係数,IF(K$7="OT",受入支援係数,IF(K$7="RL",移行切替係数,IF(K$7="その他",その他係数,0))))))))) * K$8,1) -> 2.4 | L203: =ROUNDUP(IF($E203="画面",画面係数,IF($E203="帳票",帳票係数,IF($E203="バッチ",バッチ係数,0))) * IF($I203="特高",特高係数,IF($I203="高",高係数,IF($I203="中",中係数,IF($I203="低",低係数,IF($I203="特低",特低係数,0))))) * IF(L$7="SA",要件定義係数,IF(L$7="UI",基本設計係数,IF(L$7="SS",詳細設計係数,IF(L$7="PS/PG/PT",製作係数,IF(L$7="IT",結合テスト係数,IF(L$7="ST",総合テスト係数,IF(L$7="OT",受入支援係数,IF(L$7="RL",移行切替係数,IF(L$7="その他",その他係数,0))))))))) * L$8,1) -> 2.5 | M203: =ROUNDUP(IF($E203="画面",画面係数,IF($E203="帳票",帳票係数,IF($E203="バッチ",バッチ係数,0))) * IF($I203="特高",特高係数,IF($I203="高",高係数,IF($I203="中",中係数,IF($I203="低",低係数,IF($I203="特低",特低係数,0))))) * IF(M$7="SA",要件定義係数,IF(M$7="UI",基本設計係数,IF(M$7="SS",詳細設計係数,IF(M$7="PS/PG/PT",製作係数,IF(M$7="IT",結合テスト係数,IF(M$7="ST",総合テスト係数,IF(M$7="OT",受入支援係数,IF(M$7="RL",移行切替係数,IF(M$7="その他",その他係数,0))))))))) * M$8,1) -> 4.6 | N203: =ROUNDUP(IF($E203="画面",画面係数,IF($E203="帳票",帳票係数,IF($E203="バッチ",バッチ係数,0))) * IF($I203="特高",特高係数,IF($I203="高",高係数,IF($I203="中",中係数,IF($I203="低",低係数,IF($I203="特低",特低係数,0))))) * IF(N$7="SA",要件定義係数,IF(N$7="UI",基本設計係数,IF(N$7="SS",詳細設計係数,IF(N$7="PS/PG/PT",製作係数,IF(N$7="IT",結合テスト係数,IF(N$7="ST",総合テスト係数,IF(N$7="OT",受入支援係数,IF(N$7="RL",移行切替係数,IF(N$7="その他",その他係数,0))))))))) * N$8,1) -> 2.9 | O203: =ROUNDUP(IF($E203="画面",画面係数,IF($E203="帳票",帳票係数,IF($E203="バッチ",バッチ係数,0))) * IF($I203="特高",特高係数,IF($I203="高",高係数,IF($I203="中",中係数,IF($I203="低",低係数,IF($I203="特低",特低係数,0))))) * IF(O$7="SA",要件定義係数,IF(O$7="UI",基本設計係数,IF(O$7="SS",詳細設計係数,IF(O$7="PS/PG/PT",製作係数,IF(O$7="IT",結合テスト係数,IF(O$7="ST",総合テスト係数,IF(O$7="OT",受入支援係数,IF(O$7="RL",移行切替係数,IF(O$7="その他",その他係数,0))))))))) * O$8,1) -> 1.9 | P203: =ROUNDUP(IF($E203="画面",画面係数,IF($E203="帳票",帳票係数,IF($E203="バッチ",バッチ係数,0))) * IF($I203="特高",特高係数,IF($I203="高",高係数,IF($I203="中",中係数,IF($I203="低",低係数,IF($I203="特低",特低係数,0))))) * IF(P$7="SA",要件定義係数,IF(P$7="UI",基本設計係数,IF(P$7="SS",詳細設計係数,IF(P$7="PS/PG/PT",製作係数,IF(P$7="IT",結合テスト係数,IF(P$7="ST",総合テスト係数,IF(P$7="OT",受入支援係数,IF(P$7="RL",移行切替係数,IF(P$7="その他",その他係数,0))))))))) * P$8,1) -> 0.8 | Q203: =ROUNDUP(IF($E203="画面",画面係数,IF($E203="帳票",帳票係数,IF($E203="バッチ",バッチ係数,0))) * IF($I203="特高",特高係数,IF($I203="高",高係数,IF($I203="中",中係数,IF($I203="低",低係数,IF($I203="特低",特低係数,0))))) * IF(Q$7="SA",要件定義係数,IF(Q$7="UI",基本設計係数,IF(Q$7="SS",詳細設計係数,IF(Q$7="PS/PG/PT",製作係数,IF(Q$7="IT",結合テスト係数,IF(Q$7="ST",総合テスト係数,IF(Q$7="OT",受入支援係数,IF(Q$7="RL",移行切替係数,IF(Q$7="その他",その他係数,0))))))))) * Q$8,1) -> 2.2 | R203: =ROUNDUP(IF($E203="画面",画面係数,IF($E203="帳票",帳票係数,IF($E203="バッチ",バッチ係数,0))) * IF($I203="特高",特高係数,IF($I203="高",高係数,IF($I203="中",中係数,IF($I203="低",低係数,IF($I203="特低",特低係数,0))))) * IF(R$7="SA",要件定義係数,IF(R$7="UI",基本設計係数,IF(R$7="SS",詳細設計係数,IF(R$7="PS/PG/PT",製作係数,IF(R$7="IT",結合テスト係数,IF(R$7="ST",総合テスト係数,IF(R$7="OT",受入支援係数,IF(R$7="RL",移行切替係数,IF(R$7="その他",その他係数,0))))))))) * R$8,1) -> 0 | T203: =ROUNDUP(SUM(J203:S203)*T$8,1) -> 3 | U203: =SUM(J203:T203) -> 22.5 | V203: =U203/20 -> 1.125 | W203: =((J203*J$9) + (K203*K$9) + (L203*L$9) + (M203*M$9) + (N203*N$9) + (O203*O$9) + (P203*P$9) + (Q203*Q$9) + (R203*R$9) + (S203*S$9) + (T203*T$9))/20 -> 1233750 | X203: 各所ごとをやめる
A204: =ROW()-9 -> 195 | B204: 紙面 | C204: サンプル出荷ラベル | D204: 受注入出荷 | E204: 帳票 | I204: 高 | J204: =ROUNDUP(IF($E204="画面",画面係数,IF($E204="帳票",帳票係数,IF($E204="バッチ",バッチ係数,0))) * IF($I204="特高",特高係数,IF($I204="高",高係数,IF($I204="中",中係数,IF($I204="低",低係数,IF($I204="特低",特低係数,0))))) * IF(J$7="SA",要件定義係数,IF(J$7="UI",基本設計係数,IF(J$7="SS",詳細設計係数,IF(J$7="PS/PG/PT",製作係数,IF(J$7="IT",結合テスト係数,IF(J$7="ST",総合テスト係数,IF(J$7="OT",受入支援係数,IF(J$7="RL",移行切替係数,IF(J$7="その他",その他係数,0))))))))) * J$8,1) -> 2.2 | K204: =ROUNDUP(IF($E204="画面",画面係数,IF($E204="帳票",帳票係数,IF($E204="バッチ",バッチ係数,0))) * IF($I204="特高",特高係数,IF($I204="高",高係数,IF($I204="中",中係数,IF($I204="低",低係数,IF($I204="特低",特低係数,0))))) * IF(K$7="SA",要件定義係数,IF(K$7="UI",基本設計係数,IF(K$7="SS",詳細設計係数,IF(K$7="PS/PG/PT",製作係数,IF(K$7="IT",結合テスト係数,IF(K$7="ST",総合テスト係数,IF(K$7="OT",受入支援係数,IF(K$7="RL",移行切替係数,IF(K$7="その他",その他係数,0))))))))) * K$8,1) -> 2.4 | L204: =ROUNDUP(IF($E204="画面",画面係数,IF($E204="帳票",帳票係数,IF($E204="バッチ",バッチ係数,0))) * IF($I204="特高",特高係数,IF($I204="高",高係数,IF($I204="中",中係数,IF($I204="低",低係数,IF($I204="特低",特低係数,0))))) * IF(L$7="SA",要件定義係数,IF(L$7="UI",基本設計係数,IF(L$7="SS",詳細設計係数,IF(L$7="PS/PG/PT",製作係数,IF(L$7="IT",結合テスト係数,IF(L$7="ST",総合テスト係数,IF(L$7="OT",受入支援係数,IF(L$7="RL",移行切替係数,IF(L$7="その他",その他係数,0))))))))) * L$8,1) -> 2.5 | M204: =ROUNDUP(IF($E204="画面",画面係数,IF($E204="帳票",帳票係数,IF($E204="バッチ",バッチ係数,0))) * IF($I204="特高",特高係数,IF($I204="高",高係数,IF($I204="中",中係数,IF($I204="低",低係数,IF($I204="特低",特低係数,0))))) * IF(M$7="SA",要件定義係数,IF(M$7="UI",基本設計係数,IF(M$7="SS",詳細設計係数,IF(M$7="PS/PG/PT",製作係数,IF(M$7="IT",結合テスト係数,IF(M$7="ST",総合テスト係数,IF(M$7="OT",受入支援係数,IF(M$7="RL",移行切替係数,IF(M$7="その他",その他係数,0))))))))) * M$8,1) -> 4.6 | N204: =ROUNDUP(IF($E204="画面",画面係数,IF($E204="帳票",帳票係数,IF($E204="バッチ",バッチ係数,0))) * IF($I204="特高",特高係数,IF($I204="高",高係数,IF($I204="中",中係数,IF($I204="低",低係数,IF($I204="特低",特低係数,0))))) * IF(N$7="SA",要件定義係数,IF(N$7="UI",基本設計係数,IF(N$7="SS",詳細設計係数,IF(N$7="PS/PG/PT",製作係数,IF(N$7="IT",結合テスト係数,IF(N$7="ST",総合テスト係数,IF(N$7="OT",受入支援係数,IF(N$7="RL",移行切替係数,IF(N$7="その他",その他係数,0))))))))) * N$8,1) -> 2.9 | O204: =ROUNDUP(IF($E204="画面",画面係数,IF($E204="帳票",帳票係数,IF($E204="バッチ",バッチ係数,0))) * IF($I204="特高",特高係数,IF($I204="高",高係数,IF($I204="中",中係数,IF($I204="低",低係数,IF($I204="特低",特低係数,0))))) * IF(O$7="SA",要件定義係数,IF(O$7="UI",基本設計係数,IF(O$7="SS",詳細設計係数,IF(O$7="PS/PG/PT",製作係数,IF(O$7="IT",結合テスト係数,IF(O$7="ST",総合テスト係数,IF(O$7="OT",受入支援係数,IF(O$7="RL",移行切替係数,IF(O$7="その他",その他係数,0))))))))) * O$8,1) -> 1.9 | P204: =ROUNDUP(IF($E204="画面",画面係数,IF($E204="帳票",帳票係数,IF($E204="バッチ",バッチ係数,0))) * IF($I204="特高",特高係数,IF($I204="高",高係数,IF($I204="中",中係数,IF($I204="低",低係数,IF($I204="特低",特低係数,0))))) * IF(P$7="SA",要件定義係数,IF(P$7="UI",基本設計係数,IF(P$7="SS",詳細設計係数,IF(P$7="PS/PG/PT",製作係数,IF(P$7="IT",結合テスト係数,IF(P$7="ST",総合テスト係数,IF(P$7="OT",受入支援係数,IF(P$7="RL",移行切替係数,IF(P$7="その他",その他係数,0))))))))) * P$8,1) -> 0.8 | Q204: =ROUNDUP(IF($E204="画面",画面係数,IF($E204="帳票",帳票係数,IF($E204="バッチ",バッチ係数,0))) * IF($I204="特高",特高係数,IF($I204="高",高係数,IF($I204="中",中係数,IF($I204="低",低係数,IF($I204="特低",特低係数,0))))) * IF(Q$7="SA",要件定義係数,IF(Q$7="UI",基本設計係数,IF(Q$7="SS",詳細設計係数,IF(Q$7="PS/PG/PT",製作係数,IF(Q$7="IT",結合テスト係数,IF(Q$7="ST",総合テスト係数,IF(Q$7="OT",受入支援係数,IF(Q$7="RL",移行切替係数,IF(Q$7="その他",その他係数,0))))))))) * Q$8,1) -> 2.2 | R204: =ROUNDUP(IF($E204="画面",画面係数,IF($E204="帳票",帳票係数,IF($E204="バッチ",バッチ係数,0))) * IF($I204="特高",特高係数,IF($I204="高",高係数,IF($I204="中",中係数,IF($I204="低",低係数,IF($I204="特低",特低係数,0))))) * IF(R$7="SA",要件定義係数,IF(R$7="UI",基本設計係数,IF(R$7="SS",詳細設計係数,IF(R$7="PS/PG/PT",製作係数,IF(R$7="IT",結合テスト係数,IF(R$7="ST",総合テスト係数,IF(R$7="OT",受入支援係数,IF(R$7="RL",移行切替係数,IF(R$7="その他",その他係数,0))))))))) * R$8,1) -> 0 | T204: =ROUNDUP(SUM(J204:S204)*T$8,1) -> 3 | U204: =SUM(J204:T204) -> 22.5 | V204: =U204/20 -> 1.125 | W204: =((J204*J$9) + (K204*K$9) + (L204*L$9) + (M204*M$9) + (N204*N$9) + (O204*O$9) + (P204*P$9) + (Q204*Q$9) + (R204*R$9) + (S204*S$9) + (T204*T$9))/20 -> 1233750 | X204: 各所ごとをやめる
A205: =ROW()-9 -> 196 | B205: 紙面 | C205: 製品詰品在庫（突き合せ）表 | D205: 自動倉庫 | E205: 帳票 | I205: 高 | J205: =ROUNDUP(IF($E205="画面",画面係数,IF($E205="帳票",帳票係数,IF($E205="バッチ",バッチ係数,0))) * IF($I205="特高",特高係数,IF($I205="高",高係数,IF($I205="中",中係数,IF($I205="低",低係数,IF($I205="特低",特低係数,0))))) * IF(J$7="SA",要件定義係数,IF(J$7="UI",基本設計係数,IF(J$7="SS",詳細設計係数,IF(J$7="PS/PG/PT",製作係数,IF(J$7="IT",結合テスト係数,IF(J$7="ST",総合テスト係数,IF(J$7="OT",受入支援係数,IF(J$7="RL",移行切替係数,IF(J$7="その他",その他係数,0))))))))) * J$8,1) -> 2.2 | K205: =ROUNDUP(IF($E205="画面",画面係数,IF($E205="帳票",帳票係数,IF($E205="バッチ",バッチ係数,0))) * IF($I205="特高",特高係数,IF($I205="高",高係数,IF($I205="中",中係数,IF($I205="低",低係数,IF($I205="特低",特低係数,0))))) * IF(K$7="SA",要件定義係数,IF(K$7="UI",基本設計係数,IF(K$7="SS",詳細設計係数,IF(K$7="PS/PG/PT",製作係数,IF(K$7="IT",結合テスト係数,IF(K$7="ST",総合テスト係数,IF(K$7="OT",受入支援係数,IF(K$7="RL",移行切替係数,IF(K$7="その他",その他係数,0))))))))) * K$8,1) -> 2.4 | L205: =ROUNDUP(IF($E205="画面",画面係数,IF($E205="帳票",帳票係数,IF($E205="バッチ",バッチ係数,0))) * IF($I205="特高",特高係数,IF($I205="高",高係数,IF($I205="中",中係数,IF($I205="低",低係数,IF($I205="特低",特低係数,0))))) * IF(L$7="SA",要件定義係数,IF(L$7="UI",基本設計係数,IF(L$7="SS",詳細設計係数,IF(L$7="PS/PG/PT",製作係数,IF(L$7="IT",結合テスト係数,IF(L$7="ST",総合テスト係数,IF(L$7="OT",受入支援係数,IF(L$7="RL",移行切替係数,IF(L$7="その他",その他係数,0))))))))) * L$8,1) -> 2.5 | M205: =ROUNDUP(IF($E205="画面",画面係数,IF($E205="帳票",帳票係数,IF($E205="バッチ",バッチ係数,0))) * IF($I205="特高",特高係数,IF($I205="高",高係数,IF($I205="中",中係数,IF($I205="低",低係数,IF($I205="特低",特低係数,0))))) * IF(M$7="SA",要件定義係数,IF(M$7="UI",基本設計係数,IF(M$7="SS",詳細設計係数,IF(M$7="PS/PG/PT",製作係数,IF(M$7="IT",結合テスト係数,IF(M$7="ST",総合テスト係数,IF(M$7="OT",受入支援係数,IF(M$7="RL",移行切替係数,IF(M$7="その他",その他係数,0))))))))) * M$8,1) -> 4.6 | N205: =ROUNDUP(IF($E205="画面",画面係数,IF($E205="帳票",帳票係数,IF($E205="バッチ",バッチ係数,0))) * IF($I205="特高",特高係数,IF($I205="高",高係数,IF($I205="中",中係数,IF($I205="低",低係数,IF($I205="特低",特低係数,0))))) * IF(N$7="SA",要件定義係数,IF(N$7="UI",基本設計係数,IF(N$7="SS",詳細設計係数,IF(N$7="PS/PG/PT",製作係数,IF(N$7="IT",結合テスト係数,IF(N$7="ST",総合テスト係数,IF(N$7="OT",受入支援係数,IF(N$7="RL",移行切替係数,IF(N$7="その他",その他係数,0))))))))) * N$8,1) -> 2.9 | O205: =ROUNDUP(IF($E205="画面",画面係数,IF($E205="帳票",帳票係数,IF($E205="バッチ",バッチ係数,0))) * IF($I205="特高",特高係数,IF($I205="高",高係数,IF($I205="中",中係数,IF($I205="低",低係数,IF($I205="特低",特低係数,0))))) * IF(O$7="SA",要件定義係数,IF(O$7="UI",基本設計係数,IF(O$7="SS",詳細設計係数,IF(O$7="PS/PG/PT",製作係数,IF(O$7="IT",結合テスト係数,IF(O$7="ST",総合テスト係数,IF(O$7="OT",受入支援係数,IF(O$7="RL",移行切替係数,IF(O$7="その他",その他係数,0))))))))) * O$8,1) -> 1.9 | P205: =ROUNDUP(IF($E205="画面",画面係数,IF($E205="帳票",帳票係数,IF($E205="バッチ",バッチ係数,0))) * IF($I205="特高",特高係数,IF($I205="高",高係数,IF($I205="中",中係数,IF($I205="低",低係数,IF($I205="特低",特低係数,0))))) * IF(P$7="SA",要件定義係数,IF(P$7="UI",基本設計係数,IF(P$7="SS",詳細設計係数,IF(P$7="PS/PG/PT",製作係数,IF(P$7="IT",結合テスト係数,IF(P$7="ST",総合テスト係数,IF(P$7="OT",受入支援係数,IF(P$7="RL",移行切替係数,IF(P$7="その他",その他係数,0))))))))) * P$8,1) -> 0.8 | Q205: =ROUNDUP(IF($E205="画面",画面係数,IF($E205="帳票",帳票係数,IF($E205="バッチ",バッチ係数,0))) * IF($I205="特高",特高係数,IF($I205="高",高係数,IF($I205="中",中係数,IF($I205="低",低係数,IF($I205="特低",特低係数,0))))) * IF(Q$7="SA",要件定義係数,IF(Q$7="UI",基本設計係数,IF(Q$7="SS",詳細設計係数,IF(Q$7="PS/PG/PT",製作係数,IF(Q$7="IT",結合テスト係数,IF(Q$7="ST",総合テスト係数,IF(Q$7="OT",受入支援係数,IF(Q$7="RL",移行切替係数,IF(Q$7="その他",その他係数,0))))))))) * Q$8,1) -> 2.2 | R205: =ROUNDUP(IF($E205="画面",画面係数,IF($E205="帳票",帳票係数,IF($E205="バッチ",バッチ係数,0))) * IF($I205="特高",特高係数,IF($I205="高",高係数,IF($I205="中",中係数,IF($I205="低",低係数,IF($I205="特低",特低係数,0))))) * IF(R$7="SA",要件定義係数,IF(R$7="UI",基本設計係数,IF(R$7="SS",詳細設計係数,IF(R$7="PS/PG/PT",製作係数,IF(R$7="IT",結合テスト係数,IF(R$7="ST",総合テスト係数,IF(R$7="OT",受入支援係数,IF(R$7="RL",移行切替係数,IF(R$7="その他",その他係数,0))))))))) * R$8,1) -> 0 | T205: =ROUNDUP(SUM(J205:S205)*T$8,1) -> 3 | U205: =SUM(J205:T205) -> 22.5 | V205: =U205/20 -> 1.125 | W205: =((J205*J$9) + (K205*K$9) + (L205*L$9) + (M205*M$9) + (N205*N$9) + (O205*O$9) + (P205*P$9) + (Q205*Q$9) + (R205*R$9) + (S205*S$9) + (T205*T$9))/20 -> 1233750 | X205: 各所ごとをやめる
A206: =ROW()-9 -> 197 | B206: 紙面 | C206: 出荷指図不一致リスト | D206: 受注入出荷 | E206: 帳票 | I206: 高 | J206: =ROUNDUP(IF($E206="画面",画面係数,IF($E206="帳票",帳票係数,IF($E206="バッチ",バッチ係数,0))) * IF($I206="特高",特高係数,IF($I206="高",高係数,IF($I206="中",中係数,IF($I206="低",低係数,IF($I206="特低",特低係数,0))))) * IF(J$7="SA",要件定義係数,IF(J$7="UI",基本設計係数,IF(J$7="SS",詳細設計係数,IF(J$7="PS/PG/PT",製作係数,IF(J$7="IT",結合テスト係数,IF(J$7="ST",総合テスト係数,IF(J$7="OT",受入支援係数,IF(J$7="RL",移行切替係数,IF(J$7="その他",その他係数,0))))))))) * J$8,1) -> 2.2 | K206: =ROUNDUP(IF($E206="画面",画面係数,IF($E206="帳票",帳票係数,IF($E206="バッチ",バッチ係数,0))) * IF($I206="特高",特高係数,IF($I206="高",高係数,IF($I206="中",中係数,IF($I206="低",低係数,IF($I206="特低",特低係数,0))))) * IF(K$7="SA",要件定義係数,IF(K$7="UI",基本設計係数,IF(K$7="SS",詳細設計係数,IF(K$7="PS/PG/PT",製作係数,IF(K$7="IT",結合テスト係数,IF(K$7="ST",総合テスト係数,IF(K$7="OT",受入支援係数,IF(K$7="RL",移行切替係数,IF(K$7="その他",その他係数,0))))))))) * K$8,1) -> 2.4 | L206: =ROUNDUP(IF($E206="画面",画面係数,IF($E206="帳票",帳票係数,IF($E206="バッチ",バッチ係数,0))) * IF($I206="特高",特高係数,IF($I206="高",高係数,IF($I206="中",中係数,IF($I206="低",低係数,IF($I206="特低",特低係数,0))))) * IF(L$7="SA",要件定義係数,IF(L$7="UI",基本設計係数,IF(L$7="SS",詳細設計係数,IF(L$7="PS/PG/PT",製作係数,IF(L$7="IT",結合テスト係数,IF(L$7="ST",総合テスト係数,IF(L$7="OT",受入支援係数,IF(L$7="RL",移行切替係数,IF(L$7="その他",その他係数,0))))))))) * L$8,1) -> 2.5 | M206: =ROUNDUP(IF($E206="画面",画面係数,IF($E206="帳票",帳票係数,IF($E206="バッチ",バッチ係数,0))) * IF($I206="特高",特高係数,IF($I206="高",高係数,IF($I206="中",中係数,IF($I206="低",低係数,IF($I206="特低",特低係数,0))))) * IF(M$7="SA",要件定義係数,IF(M$7="UI",基本設計係数,IF(M$7="SS",詳細設計係数,IF(M$7="PS/PG/PT",製作係数,IF(M$7="IT",結合テスト係数,IF(M$7="ST",総合テスト係数,IF(M$7="OT",受入支援係数,IF(M$7="RL",移行切替係数,IF(M$7="その他",その他係数,0))))))))) * M$8,1) -> 4.6 | N206: =ROUNDUP(IF($E206="画面",画面係数,IF($E206="帳票",帳票係数,IF($E206="バッチ",バッチ係数,0))) * IF($I206="特高",特高係数,IF($I206="高",高係数,IF($I206="中",中係数,IF($I206="低",低係数,IF($I206="特低",特低係数,0))))) * IF(N$7="SA",要件定義係数,IF(N$7="UI",基本設計係数,IF(N$7="SS",詳細設計係数,IF(N$7="PS/PG/PT",製作係数,IF(N$7="IT",結合テスト係数,IF(N$7="ST",総合テスト係数,IF(N$7="OT",受入支援係数,IF(N$7="RL",移行切替係数,IF(N$7="その他",その他係数,0))))))))) * N$8,1) -> 2.9 | O206: =ROUNDUP(IF($E206="画面",画面係数,IF($E206="帳票",帳票係数,IF($E206="バッチ",バッチ係数,0))) * IF($I206="特高",特高係数,IF($I206="高",高係数,IF($I206="中",中係数,IF($I206="低",低係数,IF($I206="特低",特低係数,0))))) * IF(O$7="SA",要件定義係数,IF(O$7="UI",基本設計係数,IF(O$7="SS",詳細設計係数,IF(O$7="PS/PG/PT",製作係数,IF(O$7="IT",結合テスト係数,IF(O$7="ST",総合テスト係数,IF(O$7="OT",受入支援係数,IF(O$7="RL",移行切替係数,IF(O$7="その他",その他係数,0))))))))) * O$8,1) -> 1.9 | P206: =ROUNDUP(IF($E206="画面",画面係数,IF($E206="帳票",帳票係数,IF($E206="バッチ",バッチ係数,0))) * IF($I206="特高",特高係数,IF($I206="高",高係数,IF($I206="中",中係数,IF($I206="低",低係数,IF($I206="特低",特低係数,0))))) * IF(P$7="SA",要件定義係数,IF(P$7="UI",基本設計係数,IF(P$7="SS",詳細設計係数,IF(P$7="PS/PG/PT",製作係数,IF(P$7="IT",結合テスト係数,IF(P$7="ST",総合テスト係数,IF(P$7="OT",受入支援係数,IF(P$7="RL",移行切替係数,IF(P$7="その他",その他係数,0))))))))) * P$8,1) -> 0.8 | Q206: =ROUNDUP(IF($E206="画面",画面係数,IF($E206="帳票",帳票係数,IF($E206="バッチ",バッチ係数,0))) * IF($I206="特高",特高係数,IF($I206="高",高係数,IF($I206="中",中係数,IF($I206="低",低係数,IF($I206="特低",特低係数,0))))) * IF(Q$7="SA",要件定義係数,IF(Q$7="UI",基本設計係数,IF(Q$7="SS",詳細設計係数,IF(Q$7="PS/PG/PT",製作係数,IF(Q$7="IT",結合テスト係数,IF(Q$7="ST",総合テスト係数,IF(Q$7="OT",受入支援係数,IF(Q$7="RL",移行切替係数,IF(Q$7="その他",その他係数,0))))))))) * Q$8,1) -> 2.2 | R206: =ROUNDUP(IF($E206="画面",画面係数,IF($E206="帳票",帳票係数,IF($E206="バッチ",バッチ係数,0))) * IF($I206="特高",特高係数,IF($I206="高",高係数,IF($I206="中",中係数,IF($I206="低",低係数,IF($I206="特低",特低係数,0))))) * IF(R$7="SA",要件定義係数,IF(R$7="UI",基本設計係数,IF(R$7="SS",詳細設計係数,IF(R$7="PS/PG/PT",製作係数,IF(R$7="IT",結合テスト係数,IF(R$7="ST",総合テスト係数,IF(R$7="OT",受入支援係数,IF(R$7="RL",移行切替係数,IF(R$7="その他",その他係数,0))))))))) * R$8,1) -> 0 | T206: =ROUNDUP(SUM(J206:S206)*T$8,1) -> 3 | U206: =SUM(J206:T206) -> 22.5 | V206: =U206/20 -> 1.125 | W206: =((J206*J$9) + (K206*K$9) + (L206*L$9) + (M206*M$9) + (N206*N$9) + (O206*O$9) + (P206*P$9) + (Q206*Q$9) + (R206*R$9) + (S206*S$9) + (T206*T$9))/20 -> 1233750 | X206: 各所ごとをやめる
A207: =ROW()-9 -> 198 | B207: 紙面 | C207: 受注オーダー受信 | D207: 受注入出荷 | E207: 帳票 | I207: 高 | J207: =ROUNDUP(IF($E207="画面",画面係数,IF($E207="帳票",帳票係数,IF($E207="バッチ",バッチ係数,0))) * IF($I207="特高",特高係数,IF($I207="高",高係数,IF($I207="中",中係数,IF($I207="低",低係数,IF($I207="特低",特低係数,0))))) * IF(J$7="SA",要件定義係数,IF(J$7="UI",基本設計係数,IF(J$7="SS",詳細設計係数,IF(J$7="PS/PG/PT",製作係数,IF(J$7="IT",結合テスト係数,IF(J$7="ST",総合テスト係数,IF(J$7="OT",受入支援係数,IF(J$7="RL",移行切替係数,IF(J$7="その他",その他係数,0))))))))) * J$8,1) -> 2.2 | K207: =ROUNDUP(IF($E207="画面",画面係数,IF($E207="帳票",帳票係数,IF($E207="バッチ",バッチ係数,0))) * IF($I207="特高",特高係数,IF($I207="高",高係数,IF($I207="中",中係数,IF($I207="低",低係数,IF($I207="特低",特低係数,0))))) * IF(K$7="SA",要件定義係数,IF(K$7="UI",基本設計係数,IF(K$7="SS",詳細設計係数,IF(K$7="PS/PG/PT",製作係数,IF(K$7="IT",結合テスト係数,IF(K$7="ST",総合テスト係数,IF(K$7="OT",受入支援係数,IF(K$7="RL",移行切替係数,IF(K$7="その他",その他係数,0))))))))) * K$8,1) -> 2.4 | L207: =ROUNDUP(IF($E207="画面",画面係数,IF($E207="帳票",帳票係数,IF($E207="バッチ",バッチ係数,0))) * IF($I207="特高",特高係数,IF($I207="高",高係数,IF($I207="中",中係数,IF($I207="低",低係数,IF($I207="特低",特低係数,0))))) * IF(L$7="SA",要件定義係数,IF(L$7="UI",基本設計係数,IF(L$7="SS",詳細設計係数,IF(L$7="PS/PG/PT",製作係数,IF(L$7="IT",結合テスト係数,IF(L$7="ST",総合テスト係数,IF(L$7="OT",受入支援係数,IF(L$7="RL",移行切替係数,IF(L$7="その他",その他係数,0))))))))) * L$8,1) -> 2.5 | M207: =ROUNDUP(IF($E207="画面",画面係数,IF($E207="帳票",帳票係数,IF($E207="バッチ",バッチ係数,0))) * IF($I207="特高",特高係数,IF($I207="高",高係数,IF($I207="中",中係数,IF($I207="低",低係数,IF($I207="特低",特低係数,0))))) * IF(M$7="SA",要件定義係数,IF(M$7="UI",基本設計係数,IF(M$7="SS",詳細設計係数,IF(M$7="PS/PG/PT",製作係数,IF(M$7="IT",結合テスト係数,IF(M$7="ST",総合テスト係数,IF(M$7="OT",受入支援係数,IF(M$7="RL",移行切替係数,IF(M$7="その他",その他係数,0))))))))) * M$8,1) -> 4.6 | N207: =ROUNDUP(IF($E207="画面",画面係数,IF($E207="帳票",帳票係数,IF($E207="バッチ",バッチ係数,0))) * IF($I207="特高",特高係数,IF($I207="高",高係数,IF($I207="中",中係数,IF($I207="低",低係数,IF($I207="特低",特低係数,0))))) * IF(N$7="SA",要件定義係数,IF(N$7="UI",基本設計係数,IF(N$7="SS",詳細設計係数,IF(N$7="PS/PG/PT",製作係数,IF(N$7="IT",結合テスト係数,IF(N$7="ST",総合テスト係数,IF(N$7="OT",受入支援係数,IF(N$7="RL",移行切替係数,IF(N$7="その他",その他係数,0))))))))) * N$8,1) -> 2.9 | O207: =ROUNDUP(IF($E207="画面",画面係数,IF($E207="帳票",帳票係数,IF($E207="バッチ",バッチ係数,0))) * IF($I207="特高",特高係数,IF($I207="高",高係数,IF($I207="中",中係数,IF($I207="低",低係数,IF($I207="特低",特低係数,0))))) * IF(O$7="SA",要件定義係数,IF(O$7="UI",基本設計係数,IF(O$7="SS",詳細設計係数,IF(O$7="PS/PG/PT",製作係数,IF(O$7="IT",結合テスト係数,IF(O$7="ST",総合テスト係数,IF(O$7="OT",受入支援係数,IF(O$7="RL",移行切替係数,IF(O$7="その他",その他係数,0))))))))) * O$8,1) -> 1.9 | P207: =ROUNDUP(IF($E207="画面",画面係数,IF($E207="帳票",帳票係数,IF($E207="バッチ",バッチ係数,0))) * IF($I207="特高",特高係数,IF($I207="高",高係数,IF($I207="中",中係数,IF($I207="低",低係数,IF($I207="特低",特低係数,0))))) * IF(P$7="SA",要件定義係数,IF(P$7="UI",基本設計係数,IF(P$7="SS",詳細設計係数,IF(P$7="PS/PG/PT",製作係数,IF(P$7="IT",結合テスト係数,IF(P$7="ST",総合テスト係数,IF(P$7="OT",受入支援係数,IF(P$7="RL",移行切替係数,IF(P$7="その他",その他係数,0))))))))) * P$8,1) -> 0.8 | Q207: =ROUNDUP(IF($E207="画面",画面係数,IF($E207="帳票",帳票係数,IF($E207="バッチ",バッチ係数,0))) * IF($I207="特高",特高係数,IF($I207="高",高係数,IF($I207="中",中係数,IF($I207="低",低係数,IF($I207="特低",特低係数,0))))) * IF(Q$7="SA",要件定義係数,IF(Q$7="UI",基本設計係数,IF(Q$7="SS",詳細設計係数,IF(Q$7="PS/PG/PT",製作係数,IF(Q$7="IT",結合テスト係数,IF(Q$7="ST",総合テスト係数,IF(Q$7="OT",受入支援係数,IF(Q$7="RL",移行切替係数,IF(Q$7="その他",その他係数,0))))))))) * Q$8,1) -> 2.2 | R207: =ROUNDUP(IF($E207="画面",画面係数,IF($E207="帳票",帳票係数,IF($E207="バッチ",バッチ係数,0))) * IF($I207="特高",特高係数,IF($I207="高",高係数,IF($I207="中",中係数,IF($I207="低",低係数,IF($I207="特低",特低係数,0))))) * IF(R$7="SA",要件定義係数,IF(R$7="UI",基本設計係数,IF(R$7="SS",詳細設計係数,IF(R$7="PS/PG/PT",製作係数,IF(R$7="IT",結合テスト係数,IF(R$7="ST",総合テスト係数,IF(R$7="OT",受入支援係数,IF(R$7="RL",移行切替係数,IF(R$7="その他",その他係数,0))))))))) * R$8,1) -> 0 | T207: =ROUNDUP(SUM(J207:S207)*T$8,1) -> 3 | U207: =SUM(J207:T207) -> 22.5 | V207: =U207/20 -> 1.125 | W207: =((J207*J$9) + (K207*K$9) + (L207*L$9) + (M207*M$9) + (N207*N$9) + (O207*O$9) + (P207*P$9) + (Q207*Q$9) + (R207*R$9) + (S207*S$9) + (T207*T$9))/20 -> 1233750 | X207: 各所ごとをやめる
A208: =ROW()-9 -> 199 | B208: 紙面 | C208: 貨物船出荷指図書 | D208: 受注入出荷 | E208: 帳票 | I208: 高 | J208: =ROUNDUP(IF($E208="画面",画面係数,IF($E208="帳票",帳票係数,IF($E208="バッチ",バッチ係数,0))) * IF($I208="特高",特高係数,IF($I208="高",高係数,IF($I208="中",中係数,IF($I208="低",低係数,IF($I208="特低",特低係数,0))))) * IF(J$7="SA",要件定義係数,IF(J$7="UI",基本設計係数,IF(J$7="SS",詳細設計係数,IF(J$7="PS/PG/PT",製作係数,IF(J$7="IT",結合テスト係数,IF(J$7="ST",総合テスト係数,IF(J$7="OT",受入支援係数,IF(J$7="RL",移行切替係数,IF(J$7="その他",その他係数,0))))))))) * J$8,1) -> 2.2 | K208: =ROUNDUP(IF($E208="画面",画面係数,IF($E208="帳票",帳票係数,IF($E208="バッチ",バッチ係数,0))) * IF($I208="特高",特高係数,IF($I208="高",高係数,IF($I208="中",中係数,IF($I208="低",低係数,IF($I208="特低",特低係数,0))))) * IF(K$7="SA",要件定義係数,IF(K$7="UI",基本設計係数,IF(K$7="SS",詳細設計係数,IF(K$7="PS/PG/PT",製作係数,IF(K$7="IT",結合テスト係数,IF(K$7="ST",総合テスト係数,IF(K$7="OT",受入支援係数,IF(K$7="RL",移行切替係数,IF(K$7="その他",その他係数,0))))))))) * K$8,1) -> 2.4 | L208: =ROUNDUP(IF($E208="画面",画面係数,IF($E208="帳票",帳票係数,IF($E208="バッチ",バッチ係数,0))) * IF($I208="特高",特高係数,IF($I208="高",高係数,IF($I208="中",中係数,IF($I208="低",低係数,IF($I208="特低",特低係数,0))))) * IF(L$7="SA",要件定義係数,IF(L$7="UI",基本設計係数,IF(L$7="SS",詳細設計係数,IF(L$7="PS/PG/PT",製作係数,IF(L$7="IT",結合テスト係数,IF(L$7="ST",総合テスト係数,IF(L$7="OT",受入支援係数,IF(L$7="RL",移行切替係数,IF(L$7="その他",その他係数,0))))))))) * L$8,1) -> 2.5 | M208: =ROUNDUP(IF($E208="画面",画面係数,IF($E208="帳票",帳票係数,IF($E208="バッチ",バッチ係数,0))) * IF($I208="特高",特高係数,IF($I208="高",高係数,IF($I208="中",中係数,IF($I208="低",低係数,IF($I208="特低",特低係数,0))))) * IF(M$7="SA",要件定義係数,IF(M$7="UI",基本設計係数,IF(M$7="SS",詳細設計係数,IF(M$7="PS/PG/PT",製作係数,IF(M$7="IT",結合テスト係数,IF(M$7="ST",総合テスト係数,IF(M$7="OT",受入支援係数,IF(M$7="RL",移行切替係数,IF(M$7="その他",その他係数,0))))))))) * M$8,1) -> 4.6 | N208: =ROUNDUP(IF($E208="画面",画面係数,IF($E208="帳票",帳票係数,IF($E208="バッチ",バッチ係数,0))) * IF($I208="特高",特高係数,IF($I208="高",高係数,IF($I208="中",中係数,IF($I208="低",低係数,IF($I208="特低",特低係数,0))))) * IF(N$7="SA",要件定義係数,IF(N$7="UI",基本設計係数,IF(N$7="SS",詳細設計係数,IF(N$7="PS/PG/PT",製作係数,IF(N$7="IT",結合テスト係数,IF(N$7="ST",総合テスト係数,IF(N$7="OT",受入支援係数,IF(N$7="RL",移行切替係数,IF(N$7="その他",その他係数,0))))))))) * N$8,1) -> 2.9 | O208: =ROUNDUP(IF($E208="画面",画面係数,IF($E208="帳票",帳票係数,IF($E208="バッチ",バッチ係数,0))) * IF($I208="特高",特高係数,IF($I208="高",高係数,IF($I208="中",中係数,IF($I208="低",低係数,IF($I208="特低",特低係数,0))))) * IF(O$7="SA",要件定義係数,IF(O$7="UI",基本設計係数,IF(O$7="SS",詳細設計係数,IF(O$7="PS/PG/PT",製作係数,IF(O$7="IT",結合テスト係数,IF(O$7="ST",総合テスト係数,IF(O$7="OT",受入支援係数,IF(O$7="RL",移行切替係数,IF(O$7="その他",その他係数,0))))))))) * O$8,1) -> 1.9 | P208: =ROUNDUP(IF($E208="画面",画面係数,IF($E208="帳票",帳票係数,IF($E208="バッチ",バッチ係数,0))) * IF($I208="特高",特高係数,IF($I208="高",高係数,IF($I208="中",中係数,IF($I208="低",低係数,IF($I208="特低",特低係数,0))))) * IF(P$7="SA",要件定義係数,IF(P$7="UI",基本設計係数,IF(P$7="SS",詳細設計係数,IF(P$7="PS/PG/PT",製作係数,IF(P$7="IT",結合テスト係数,IF(P$7="ST",総合テスト係数,IF(P$7="OT",受入支援係数,IF(P$7="RL",移行切替係数,IF(P$7="その他",その他係数,0))))))))) * P$8,1) -> 0.8 | Q208: =ROUNDUP(IF($E208="画面",画面係数,IF($E208="帳票",帳票係数,IF($E208="バッチ",バッチ係数,0))) * IF($I208="特高",特高係数,IF($I208="高",高係数,IF($I208="中",中係数,IF($I208="低",低係数,IF($I208="特低",特低係数,0))))) * IF(Q$7="SA",要件定義係数,IF(Q$7="UI",基本設計係数,IF(Q$7="SS",詳細設計係数,IF(Q$7="PS/PG/PT",製作係数,IF(Q$7="IT",結合テスト係数,IF(Q$7="ST",総合テスト係数,IF(Q$7="OT",受入支援係数,IF(Q$7="RL",移行切替係数,IF(Q$7="その他",その他係数,0))))))))) * Q$8,1) -> 2.2 | R208: =ROUNDUP(IF($E208="画面",画面係数,IF($E208="帳票",帳票係数,IF($E208="バッチ",バッチ係数,0))) * IF($I208="特高",特高係数,IF($I208="高",高係数,IF($I208="中",中係数,IF($I208="低",低係数,IF($I208="特低",特低係数,0))))) * IF(R$7="SA",要件定義係数,IF(R$7="UI",基本設計係数,IF(R$7="SS",詳細設計係数,IF(R$7="PS/PG/PT",製作係数,IF(R$7="IT",結合テスト係数,IF(R$7="ST",総合テスト係数,IF(R$7="OT",受入支援係数,IF(R$7="RL",移行切替係数,IF(R$7="その他",その他係数,0))))))))) * R$8,1) -> 0 | T208: =ROUNDUP(SUM(J208:S208)*T$8,1) -> 3 | U208: =SUM(J208:T208) -> 22.5 | V208: =U208/20 -> 1.125 | W208: =((J208*J$9) + (K208*K$9) + (L208*L$9) + (M208*M$9) + (N208*N$9) + (O208*O$9) + (P208*P$9) + (Q208*Q$9) + (R208*R$9) + (S208*S$9) + (T208*T$9))/20 -> 1233750 | X208: 各所ごとをやめる
... A253: =ROW()-9 -> 244 | B253: その他 | C253: 車載端末IDラベル | D253: 受注入出荷 | E253: 帳票 | I253: 中 | J253: =ROUNDUP(IF($E253="画面",画面係数,IF($E253="帳票",帳票係数,IF($E253="バッチ",バッチ係数,0))) * IF($I253="特高",特高係数,IF($I253="高",高係数,IF($I253="中",中係数,IF($I253="低",低係数,IF($I253="特低",特低係数,0))))) * IF(J$7="SA",要件定義係数,IF(J$7="UI",基本設計係数,IF(J$7="SS",詳細設計係数,IF(J$7="PS/PG/PT",製作係数,IF(J$7="IT",結合テスト係数,IF(J$7="ST",総合テスト係数,IF(J$7="OT",受入支援係数,IF(J$7="RL",移行切替係数,IF(J$7="その他",その他係数,0))))))))) * J$8,1) -> 1.6 | K253: =ROUNDUP(IF($E253="画面",画面係数,IF($E253="帳票",帳票係数,IF($E253="バッチ",バッチ係数,0))) * IF($I253="特高",特高係数,IF($I253="高",高係数,IF($I253="中",中係数,IF($I253="低",低係数,IF($I253="特低",特低係数,0))))) * IF(K$7="SA",要件定義係数,IF(K$7="UI",基本設計係数,IF(K$7="SS",詳細設計係数,IF(K$7="PS/PG/PT",製作係数,IF(K$7="IT",結合テスト係数,IF(K$7="ST",総合テスト係数,IF(K$7="OT",受入支援係数,IF(K$7="RL",移行切替係数,IF(K$7="その他",その他係数,0))))))))) * K$8,1) -> 1.8 | L253: =ROUNDUP(IF($E253="画面",画面係数,IF($E253="帳票",帳票係数,IF($E253="バッチ",バッチ係数,0))) * IF($I253="特高",特高係数,IF($I253="高",高係数,IF($I253="中",中係数,IF($I253="低",低係数,IF($I253="特低",特低係数,0))))) * IF(L$7="SA",要件定義係数,IF(L$7="UI",基本設計係数,IF(L$7="SS",詳細設計係数,IF(L$7="PS/PG/PT",製作係数,IF(L$7="IT",結合テスト係数,IF(L$7="ST",総合テスト係数,IF(L$7="OT",受入支援係数,IF(L$7="RL",移行切替係数,IF(L$7="その他",その他係数,0))))))))) * L$8,1) -> 1.8 | M253: =ROUNDUP(IF($E253="画面",画面係数,IF($E253="帳票",帳票係数,IF($E253="バッチ",バッチ係数,0))) * IF($I253="特高",特高係数,IF($I253="高",高係数,IF($I253="中",中係数,IF($I253="低",低係数,IF($I253="特低",特低係数,0))))) * IF(M$7="SA",要件定義係数,IF(M$7="UI",基本設計係数,IF(M$7="SS",詳細設計係数,IF(M$7="PS/PG/PT",製作係数,IF(M$7="IT",結合テスト係数,IF(M$7="ST",総合テスト係数,IF(M$7="OT",受入支援係数,IF(M$7="RL",移行切替係数,IF(M$7="その他",その他係数,0))))))))) * M$8,1) -> 3.3 | N253: =ROUNDUP(IF($E253="画面",画面係数,IF($E253="帳票",帳票係数,IF($E253="バッチ",バッチ係数,0))) * IF($I253="特高",特高係数,IF($I253="高",高係数,IF($I253="中",中係数,IF($I253="低",低係数,IF($I253="特低",特低係数,0))))) * IF(N$7="SA",要件定義係数,IF(N$7="UI",基本設計係数,IF(N$7="SS",詳細設計係数,IF(N$7="PS/PG/PT",製作係数,IF(N$7="IT",結合テスト係数,IF(N$7="ST",総合テスト係数,IF(N$7="OT",受入支援係数,IF(N$7="RL",移行切替係数,IF(N$7="その他",その他係数,0))))))))) * N$8,1) -> 2.1 | O253: =ROUNDUP(IF($E253="画面",画面係数,IF($E253="帳票",帳票係数,IF($E253="バッチ",バッチ係数,0))) * IF($I253="特高",特高係数,IF($I253="高",高係数,IF($I253="中",中係数,IF($I253="低",低係数,IF($I253="特低",特低係数,0))))) * IF(O$7="SA",要件定義係数,IF(O$7="UI",基本設計係数,IF(O$7="SS",詳細設計係数,IF(O$7="PS/PG/PT",製作係数,IF(O$7="IT",結合テスト係数,IF(O$7="ST",総合テスト係数,IF(O$7="OT",受入支援係数,IF(O$7="RL",移行切替係数,IF(O$7="その他",その他係数,0))))))))) * O$8,1) -> 1.4 | P253: =ROUNDUP(IF($E253="画面",画面係数,IF($E253="帳票",帳票係数,IF($E253="バッチ",バッチ係数,0))) * IF($I253="特高",特高係数,IF($I253="高",高係数,IF($I253="中",中係数,IF($I253="低",低係数,IF($I253="特低",特低係数,0))))) * IF(P$7="SA",要件定義係数,IF(P$7="UI",基本設計係数,IF(P$7="SS",詳細設計係数,IF(P$7="PS/PG/PT",製作係数,IF(P$7="IT",結合テスト係数,IF(P$7="ST",総合テスト係数,IF(P$7="OT",受入支援係数,IF(P$7="RL",移行切替係数,IF(P$7="その他",その他係数,0))))))))) * P$8,1) -> 0.6 | Q253: =ROUNDUP(IF($E253="画面",画面係数,IF($E253="帳票",帳票係数,IF($E253="バッチ",バッチ係数,0))) * IF($I253="特高",特高係数,IF($I253="高",高係数,IF($I253="中",中係数,IF($I253="低",低係数,IF($I253="特低",特低係数,0))))) * IF(Q$7="SA",要件定義係数,IF(Q$7="UI",基本設計係数,IF(Q$7="SS",詳細設計係数,IF(Q$7="PS/PG/PT",製作係数,IF(Q$7="IT",結合テスト係数,IF(Q$7="ST",総合テスト係数,IF(Q$7="OT",受入支援係数,IF(Q$7="RL",移行切替係数,IF(Q$7="その他",その他係数,0))))))))) * Q$8,1) -> 1.6 | R253: =ROUNDUP(IF($E253="画面",画面係数,IF($E253="帳票",帳票係数,IF($E253="バッチ",バッチ係数,0))) * IF($I253="特高",特高係数,IF($I253="高",高係数,IF($I253="中",中係数,IF($I253="低",低係数,IF($I253="特低",特低係数,0))))) * IF(R$7="SA",要件定義係数,IF(R$7="UI",基本設計係数,IF(R$7="SS",詳細設計係数,IF(R$7="PS/PG/PT",製作係数,IF(R$7="IT",結合テスト係数,IF(R$7="ST",総合テスト係数,IF(R$7="OT",受入支援係数,IF(R$7="RL",移行切替係数,IF(R$7="その他",その他係数,0))))))))) * R$8,1) -> 0 | T253: =ROUNDUP(SUM(J253:S253)*T$8,1) -> 2.2 | U253: =SUM(J253:T253) -> 16.4 | V253: =U253/20 -> 0.82 | W253: =((J253*J$9) + (K253*K$9) + (L253*L$9) + (M253*M$9) + (N253*N$9) + (O253*O$9) + (P253*P$9) + (Q253*Q$9) + (R253*R$9) + (S253*S$9) + (T253*T$9))/20 -> 899500 | X253: 各所ごとをやめる
A254: =ROW()-9 -> 245 | J254: =ROUNDUP(IF($E254="画面",画面係数,IF($E254="帳票",帳票係数,IF($E254="バッチ",バッチ係数,0))) * IF($I254="特高",特高係数,IF($I254="高",高係数,IF($I254="中",中係数,IF($I254="低",低係数,IF($I254="特低",特低係数,0))))) * IF(J$7="SA",要件定義係数,IF(J$7="UI",基本設計係数,IF(J$7="SS",詳細設計係数,IF(J$7="PS/PG/PT",製作係数,IF(J$7="IT",結合テスト係数,IF(J$7="ST",総合テスト係数,IF(J$7="OT",受入支援係数,IF(J$7="RL",移行切替係数,IF(J$7="その他",その他係数,0))))))))) * J$8,1) -> 0 | K254: =ROUNDUP(IF($E254="画面",画面係数,IF($E254="帳票",帳票係数,IF($E254="バッチ",バッチ係数,0))) * IF($I254="特高",特高係数,IF($I254="高",高係数,IF($I254="中",中係数,IF($I254="低",低係数,IF($I254="特低",特低係数,0))))) * IF(K$7="SA",要件定義係数,IF(K$7="UI",基本設計係数,IF(K$7="SS",詳細設計係数,IF(K$7="PS/PG/PT",製作係数,IF(K$7="IT",結合テスト係数,IF(K$7="ST",総合テスト係数,IF(K$7="OT",受入支援係数,IF(K$7="RL",移行切替係数,IF(K$7="その他",その他係数,0))))))))) * K$8,1) -> 0 | L254: =ROUNDUP(IF($E254="画面",画面係数,IF($E254="帳票",帳票係数,IF($E254="バッチ",バッチ係数,0))) * IF($I254="特高",特高係数,IF($I254="高",高係数,IF($I254="中",中係数,IF($I254="低",低係数,IF($I254="特低",特低係数,0))))) * IF(L$7="SA",要件定義係数,IF(L$7="UI",基本設計係数,IF(L$7="SS",詳細設計係数,IF(L$7="PS/PG/PT",製作係数,IF(L$7="IT",結合テスト係数,IF(L$7="ST",総合テスト係数,IF(L$7="OT",受入支援係数,IF(L$7="RL",移行切替係数,IF(L$7="その他",その他係数,0))))))))) * L$8,1) -> 0 | M254: =ROUNDUP(IF($E254="画面",画面係数,IF($E254="帳票",帳票係数,IF($E254="バッチ",バッチ係数,0))) * IF($I254="特高",特高係数,IF($I254="高",高係数,IF($I254="中",中係数,IF($I254="低",低係数,IF($I254="特低",特低係数,0))))) * IF(M$7="SA",要件定義係数,IF(M$7="UI",基本設計係数,IF(M$7="SS",詳細設計係数,IF(M$7="PS/PG/PT",製作係数,IF(M$7="IT",結合テスト係数,IF(M$7="ST",総合テスト係数,IF(M$7="OT",受入支援係数,IF(M$7="RL",移行切替係数,IF(M$7="その他",その他係数,0))))))))) * M$8,1) -> 0 | N254: =ROUNDUP(IF($E254="画面",画面係数,IF($E254="帳票",帳票係数,IF($E254="バッチ",バッチ係数,0))) * IF($I254="特高",特高係数,IF($I254="高",高係数,IF($I254="中",中係数,IF($I254="低",低係数,IF($I254="特低",特低係数,0))))) * IF(N$7="SA",要件定義係数,IF(N$7="UI",基本設計係数,IF(N$7="SS",詳細設計係数,IF(N$7="PS/PG/PT",製作係数,IF(N$7="IT",結合テスト係数,IF(N$7="ST",総合テスト係数,IF(N$7="OT",受入支援係数,IF(N$7="RL",移行切替係数,IF(N$7="その他",その他係数,0))))))))) * N$8,1) -> 0 | O254: =ROUNDUP(IF($E254="画面",画面係数,IF($E254="帳票",帳票係数,IF($E254="バッチ",バッチ係数,0))) * IF($I254="特高",特高係数,IF($I254="高",高係数,IF($I254="中",中係数,IF($I254="低",低係数,IF($I254="特低",特低係数,0))))) * IF(O$7="SA",要件定義係数,IF(O$7="UI",基本設計係数,IF(O$7="SS",詳細設計係数,IF(O$7="PS/PG/PT",製作係数,IF(O$7="IT",結合テスト係数,IF(O$7="ST",総合テスト係数,IF(O$7="OT",受入支援係数,IF(O$7="RL",移行切替係数,IF(O$7="その他",その他係数,0))))))))) * O$8,1) -> 0 | P254: =ROUNDUP(IF($E254="画面",画面係数,IF($E254="帳票",帳票係数,IF($E254="バッチ",バッチ係数,0))) * IF($I254="特高",特高係数,IF($I254="高",高係数,IF($I254="中",中係数,IF($I254="低",低係数,IF($I254="特低",特低係数,0))))) * IF(P$7="SA",要件定義係数,IF(P$7="UI",基本設計係数,IF(P$7="SS",詳細設計係数,IF(P$7="PS/PG/PT",製作係数,IF(P$7="IT",結合テスト係数,IF(P$7="ST",総合テスト係数,IF(P$7="OT",受入支援係数,IF(P$7="RL",移行切替係数,IF(P$7="その他",その他係数,0))))))))) * P$8,1) -> 0 | Q254: =ROUNDUP(IF($E254="画面",画面係数,IF($E254="帳票",帳票係数,IF($E254="バッチ",バッチ係数,0))) * IF($I254="特高",特高係数,IF($I254="高",高係数,IF($I254="中",中係数,IF($I254="低",低係数,IF($I254="特低",特低係数,0))))) * IF(Q$7="SA",要件定義係数,IF(Q$7="UI",基本設計係数,IF(Q$7="SS",詳細設計係数,IF(Q$7="PS/PG/PT",製作係数,IF(Q$7="IT",結合テスト係数,IF(Q$7="ST",総合テスト係数,IF(Q$7="OT",受入支援係数,IF(Q$7="RL",移行切替係数,IF(Q$7="その他",その他係数,0))))))))) * Q$8,1) -> 0 | R254: =ROUNDUP(IF($E254="画面",画面係数,IF($E254="帳票",帳票係数,IF($E254="バッチ",バッチ係数,0))) * IF($I254="特高",特高係数,IF($I254="高",高係数,IF($I254="中",中係数,IF($I254="低",低係数,IF($I254="特低",特低係数,0))))) * IF(R$7="SA",要件定義係数,IF(R$7="UI",基本設計係数,IF(R$7="SS",詳細設計係数,IF(R$7="PS/PG/PT",製作係数,IF(R$7="IT",結合テスト係数,IF(R$7="ST",総合テスト係数,IF(R$7="OT",受入支援係数,IF(R$7="RL",移行切替係数,IF(R$7="その他",その他係数,0))))))))) * R$8,1) -> 0 | T254: =ROUNDUP(SUM(J254:S254)*T$8,1) -> 0 | U254: =SUM(J254:T254) -> 0 | V254: =U254/20 -> 0 | W254: =((J254*J$9) + (K254*K$9) + (L254*L$9) + (M254*M$9) + (N254*N$9) + (O254*O$9) + (P254*P$9) + (Q254*Q$9) + (R254*R$9) + (S254*S$9) + (T254*T$9))/20 -> 0 | X254: 各所ごとをやめる
A255: =ROW()-9 -> 246 | B255: バッチ | C255: DeleteFile.bat | D255: 不要ファイル削除 | E255: バッチ | I255: 低 | J255: =ROUNDUP(IF($E255="画面",画面係数,IF($E255="帳票",帳票係数,IF($E255="バッチ",バッチ係数,0))) * IF($I255="特高",特高係数,IF($I255="高",高係数,IF($I255="中",中係数,IF($I255="低",低係数,IF($I255="特低",特低係数,0))))) * IF(J$7="SA",要件定義係数,IF(J$7="UI",基本設計係数,IF(J$7="SS",詳細設計係数,IF(J$7="PS/PG/PT",製作係数,IF(J$7="IT",結合テスト係数,IF(J$7="ST",総合テスト係数,IF(J$7="OT",受入支援係数,IF(J$7="RL",移行切替係数,IF(J$7="その他",その他係数,0))))))))) * J$8,1) -> 0.4 | K255: =ROUNDUP(IF($E255="画面",画面係数,IF($E255="帳票",帳票係数,IF($E255="バッチ",バッチ係数,0))) * IF($I255="特高",特高係数,IF($I255="高",高係数,IF($I255="中",中係数,IF($I255="低",低係数,IF($I255="特低",特低係数,0))))) * IF(K$7="SA",要件定義係数,IF(K$7="UI",基本設計係数,IF(K$7="SS",詳細設計係数,IF(K$7="PS/PG/PT",製作係数,IF(K$7="IT",結合テスト係数,IF(K$7="ST",総合テスト係数,IF(K$7="OT",受入支援係数,IF(K$7="RL",移行切替係数,IF(K$7="その他",その他係数,0))))))))) * K$8,1) -> 0.4 | L255: =ROUNDUP(IF($E255="画面",画面係数,IF($E255="帳票",帳票係数,IF($E255="バッチ",バッチ係数,0))) * IF($I255="特高",特高係数,IF($I255="高",高係数,IF($I255="中",中係数,IF($I255="低",低係数,IF($I255="特低",特低係数,0))))) * IF(L$7="SA",要件定義係数,IF(L$7="UI",基本設計係数,IF(L$7="SS",詳細設計係数,IF(L$7="PS/PG/PT",製作係数,IF(L$7="IT",結合テスト係数,IF(L$7="ST",総合テスト係数,IF(L$7="OT",受入支援係数,IF(L$7="RL",移行切替係数,IF(L$7="その他",その他係数,0))))))))) * L$8,1) -> 0.5 | M255: =ROUNDUP(IF($E255="画面",画面係数,IF($E255="帳票",帳票係数,IF($E255="バッチ",バッチ係数,0))) * IF($I255="特高",特高係数,IF($I255="高",高係数,IF($I255="中",中係数,IF($I255="低",低係数,IF($I255="特低",特低係数,0))))) * IF(M$7="SA",要件定義係数,IF(M$7="UI",基本設計係数,IF(M$7="SS",詳細設計係数,IF(M$7="PS/PG/PT",製作係数,IF(M$7="IT",結合テスト係数,IF(M$7="ST",総合テスト係数,IF(M$7="OT",受入支援係数,IF(M$7="RL",移行切替係数,IF(M$7="その他",その他係数,0))))))))) * M$8,1) -> 0.8 | N255: =ROUNDUP(IF($E255="画面",画面係数,IF($E255="帳票",帳票係数,IF($E255="バッチ",バッチ係数,0))) * IF($I255="特高",特高係数,IF($I255="高",高係数,IF($I255="中",中係数,IF($I255="低",低係数,IF($I255="特低",特低係数,0))))) * IF(N$7="SA",要件定義係数,IF(N$7="UI",基本設計係数,IF(N$7="SS",詳細設計係数,IF(N$7="PS/PG/PT",製作係数,IF(N$7="IT",結合テスト係数,IF(N$7="ST",総合テスト係数,IF(N$7="OT",受入支援係数,IF(N$7="RL",移行切替係数,IF(N$7="その他",その他係数,0))))))))) * N$8,1) -> 0.5 | O255: =ROUNDUP(IF($E255="画面",画面係数,IF($E255="帳票",帳票係数,IF($E255="バッチ",バッチ係数,0))) * IF($I255="特高",特高係数,IF($I255="高",高係数,IF($I255="中",中係数,IF($I255="低",低係数,IF($I255="特低",特低係数,0))))) * IF(O$7="SA",要件定義係数,IF(O$7="UI",基本設計係数,IF(O$7="SS",詳細設計係数,IF(O$7="PS/PG/PT",製作係数,IF(O$7="IT",結合テスト係数,IF(O$7="ST",総合テスト係数,IF(O$7="OT",受入支援係数,IF(O$7="RL",移行切替係数,IF(O$7="その他",その他係数,0))))))))) * O$8,1) -> 0.4 | P255: =ROUNDUP(IF($E255="画面",画面係数,IF($E255="帳票",帳票係数,IF($E255="バッチ",バッチ係数,0))) * IF($I255="特高",特高係数,IF($I255="高",高係数,IF($I255="中",中係数,IF($I255="低",低係数,IF($I255="特低",特低係数,0))))) * IF(P$7="SA",要件定義係数,IF(P$7="UI",基本設計係数,IF(P$7="SS",詳細設計係数,IF(P$7="PS/PG/PT",製作係数,IF(P$7="IT",結合テスト係数,IF(P$7="ST",総合テスト係数,IF(P$7="OT",受入支援係数,IF(P$7="RL",移行切替係数,IF(P$7="その他",その他係数,0))))))))) * P$8,1) -> 0.2 | Q255: =ROUNDUP(IF($E255="画面",画面係数,IF($E255="帳票",帳票係数,IF($E255="バッチ",バッチ係数,0))) * IF($I255="特高",特高係数,IF($I255="高",高係数,IF($I255="中",中係数,IF($I255="低",低係数,IF($I255="特低",特低係数,0))))) * IF(Q$7="SA",要件定義係数,IF(Q$7="UI",基本設計係数,IF(Q$7="SS",詳細設計係数,IF(Q$7="PS/PG/PT",製作係数,IF(Q$7="IT",結合テスト係数,IF(Q$7="ST",総合テスト係数,IF(Q$7="OT",受入支援係数,IF(Q$7="RL",移行切替係数,IF(Q$7="その他",その他係数,0))))))))) * Q$8,1) -> 0.4 | R255: =ROUNDUP(IF($E255="画面",画面係数,IF($E255="帳票",帳票係数,IF($E255="バッチ",バッチ係数,0))) * IF($I255="特高",特高係数,IF($I255="高",高係数,IF($I255="中",中係数,IF($I255="低",低係数,IF($I255="特低",特低係数,0))))) * IF(R$7="SA",要件定義係数,IF(R$7="UI",基本設計係数,IF(R$7="SS",詳細設計係数,IF(R$7="PS/PG/PT",製作係数,IF(R$7="IT",結合テスト係数,IF(R$7="ST",総合テスト係数,IF(R$7="OT",受入支援係数,IF(R$7="RL",移行切替係数,IF(R$7="その他",その他係数,0))))))))) * R$8,1) -> 0 | T255: =ROUNDUP(SUM(J255:S255)*T$8,1) -> 0.6 | U255: =SUM(J255:T255) -> 4.2 | V255: =U255/20 -> 0.21 | W255: =((J255*J$9) + (K255*K$9) + (L255*L$9) + (M255*M$9) + (N255*N$9) + (O255*O$9) + (P255*P$9) + (Q255*Q$9) + (R255*R$9) + (S255*S$9) + (T255*T$9))/20 -> 231000 | X255: 各所ごとをやめる
A256: =ROW()-9 -> 247 | B256: バッチ | C256: JSS_Training_Clean.bat | D256: 自動倉庫トレーニング用データ削除 | E256: バッチ | I256: 低 | J256: =ROUNDUP(IF($E256="画面",画面係数,IF($E256="帳票",帳票係数,IF($E256="バッチ",バッチ係数,0))) * IF($I256="特高",特高係数,IF($I256="高",高係数,IF($I256="中",中係数,IF($I256="低",低係数,IF($I256="特低",特低係数,0))))) * IF(J$7="SA",要件定義係数,IF(J$7="UI",基本設計係数,IF(J$7="SS",詳細設計係数,IF(J$7="PS/PG/PT",製作係数,IF(J$7="IT",結合テスト係数,IF(J$7="ST",総合テスト係数,IF(J$7="OT",受入支援係数,IF(J$7="RL",移行切替係数,IF(J$7="その他",その他係数,0))))))))) * J$8,1) -> 0.4 | K256: =ROUNDUP(IF($E256="画面",画面係数,IF($E256="帳票",帳票係数,IF($E256="バッチ",バッチ係数,0))) * IF($I256="特高",特高係数,IF($I256="高",高係数,IF($I256="中",中係数,IF($I256="低",低係数,IF($I256="特低",特低係数,0))))) * IF(K$7="SA",要件定義係数,IF(K$7="UI",基本設計係数,IF(K$7="SS",詳細設計係数,IF(K$7="PS/PG/PT",製作係数,IF(K$7="IT",結合テスト係数,IF(K$7="ST",総合テスト係数,IF(K$7="OT",受入支援係数,IF(K$7="RL",移行切替係数,IF(K$7="その他",その他係数,0))))))))) * K$8,1) -> 0.4 | L256: =ROUNDUP(IF($E256="画面",画面係数,IF($E256="帳票",帳票係数,IF($E256="バッチ",バッチ係数,0))) * IF($I256="特高",特高係数,IF($I256="高",高係数,IF($I256="中",中係数,IF($I256="低",低係数,IF($I256="特低",特低係数,0))))) * IF(L$7="SA",要件定義係数,IF(L$7="UI",基本設計係数,IF(L$7="SS",詳細設計係数,IF(L$7="PS/PG/PT",製作係数,IF(L$7="IT",結合テスト係数,IF(L$7="ST",総合テスト係数,IF(L$7="OT",受入支援係数,IF(L$7="RL",移行切替係数,IF(L$7="その他",その他係数,0))))))))) * L$8,1) -> 0.5 | M256: =ROUNDUP(IF($E256="画面",画面係数,IF($E256="帳票",帳票係数,IF($E256="バッチ",バッチ係数,0))) * IF($I256="特高",特高係数,IF($I256="高",高係数,IF($I256="中",中係数,IF($I256="低",低係数,IF($I256="特低",特低係数,0))))) * IF(M$7="SA",要件定義係数,IF(M$7="UI",基本設計係数,IF(M$7="SS",詳細設計係数,IF(M$7="PS/PG/PT",製作係数,IF(M$7="IT",結合テスト係数,IF(M$7="ST",総合テスト係数,IF(M$7="OT",受入支援係数,IF(M$7="RL",移行切替係数,IF(M$7="その他",その他係数,0))))))))) * M$8,1) -> 0.8 | N256: =ROUNDUP(IF($E256="画面",画面係数,IF($E256="帳票",帳票係数,IF($E256="バッチ",バッチ係数,0))) * IF($I256="特高",特高係数,IF($I256="高",高係数,IF($I256="中",中係数,IF($I256="低",低係数,IF($I256="特低",特低係数,0))))) * IF(N$7="SA",要件定義係数,IF(N$7="UI",基本設計係数,IF(N$7="SS",詳細設計係数,IF(N$7="PS/PG/PT",製作係数,IF(N$7="IT",結合テスト係数,IF(N$7="ST",総合テスト係数,IF(N$7="OT",受入支援係数,IF(N$7="RL",移行切替係数,IF(N$7="その他",その他係数,0))))))))) * N$8,1) -> 0.5 | O256: =ROUNDUP(IF($E256="画面",画面係数,IF($E256="帳票",帳票係数,IF($E256="バッチ",バッチ係数,0))) * IF($I256="特高",特高係数,IF($I256="高",高係数,IF($I256="中",中係数,IF($I256="低",低係数,IF($I256="特低",特低係数,0))))) * IF(O$7="SA",要件定義係数,IF(O$7="UI",基本設計係数,IF(O$7="SS",詳細設計係数,IF(O$7="PS/PG/PT",製作係数,IF(O$7="IT",結合テスト係数,IF(O$7="ST",総合テスト係数,IF(O$7="OT",受入支援係数,IF(O$7="RL",移行切替係数,IF(O$7="その他",その他係数,0))))))))) * O$8,1) -> 0.4 | P256: =ROUNDUP(IF($E256="画面",画面係数,IF($E256="帳票",帳票係数,IF($E256="バッチ",バッチ係数,0))) * IF($I256="特高",特高係数,IF($I256="高",高係数,IF($I256="中",中係数,IF($I256="低",低係数,IF($I256="特低",特低係数,0))))) * IF(P$7="SA",要件定義係数,IF(P$7="UI",基本設計係数,IF(P$7="SS",詳細設計係数,IF(P$7="PS/PG/PT",製作係数,IF(P$7="IT",結合テスト係数,IF(P$7="ST",総合テスト係数,IF(P$7="OT",受入支援係数,IF(P$7="RL",移行切替係数,IF(P$7="その他",その他係数,0))))))))) * P$8,1) -> 0.2 | Q256: =ROUNDUP(IF($E256="画面",画面係数,IF($E256="帳票",帳票係数,IF($E256="バッチ",バッチ係数,0))) * IF($I256="特高",特高係数,IF($I256="高",高係数,IF($I256="中",中係数,IF($I256="低",低係数,IF($I256="特低",特低係数,0))))) * IF(Q$7="SA",要件定義係数,IF(Q$7="UI",基本設計係数,IF(Q$7="SS",詳細設計係数,IF(Q$7="PS/PG/PT",製作係数,IF(Q$7="IT",結合テスト係数,IF(Q$7="ST",総合テスト係数,IF(Q$7="OT",受入支援係数,IF(Q$7="RL",移行切替係数,IF(Q$7="その他",その他係数,0))))))))) * Q$8,1) -> 0.4 | R256: =ROUNDUP(IF($E256="画面",画面係数,IF($E256="帳票",帳票係数,IF($E256="バッチ",バッチ係数,0))) * IF($I256="特高",特高係数,IF($I256="高",高係数,IF($I256="中",中係数,IF($I256="低",低係数,IF($I256="特低",特低係数,0))))) * IF(R$7="SA",要件定義係数,IF(R$7="UI",基本設計係数,IF(R$7="SS",詳細設計係数,IF(R$7="PS/PG/PT",製作係数,IF(R$7="IT",結合テスト係数,IF(R$7="ST",総合テスト係数,IF(R$7="OT",受入支援係数,IF(R$7="RL",移行切替係数,IF(R$7="その他",その他係数,0))))))))) * R$8,1) -> 0 | T256: =ROUNDUP(SUM(J256:S256)*T$8,1) -> 0.6 | U256: =SUM(J256:T256) -> 4.2 | V256: =U256/20 -> 0.21 | W256: =((J256*J$9) + (K256*K$9) + (L256*L$9) + (M256*M$9) + (N256*N$9) + (O256*O$9) + (P256*P$9) + (Q256*Q$9) + (R256*R$9) + (S256*S$9) + (T256*T$9))/20 -> 231000 | X256: 各所ごとをやめる
A257: =ROW()-9 -> 248 | B257: バッチ | C257: RCV_SOKO_ZAIKO.bat | D257: (自動倉庫)在庫データ受信 | E257: バッチ | I257: 低 | J257: =ROUNDUP(IF($E257="画面",画面係数,IF($E257="帳票",帳票係数,IF($E257="バッチ",バッチ係数,0))) * IF($I257="特高",特高係数,IF($I257="高",高係数,IF($I257="中",中係数,IF($I257="低",低係数,IF($I257="特低",特低係数,0))))) * IF(J$7="SA",要件定義係数,IF(J$7="UI",基本設計係数,IF(J$7="SS",詳細設計係数,IF(J$7="PS/PG/PT",製作係数,IF(J$7="IT",結合テスト係数,IF(J$7="ST",総合テスト係数,IF(J$7="OT",受入支援係数,IF(J$7="RL",移行切替係数,IF(J$7="その他",その他係数,0))))))))) * J$8,1) -> 0.4 | K257: =ROUNDUP(IF($E257="画面",画面係数,IF($E257="帳票",帳票係数,IF($E257="バッチ",バッチ係数,0))) * IF($I257="特高",特高係数,IF($I257="高",高係数,IF($I257="中",中係数,IF($I257="低",低係数,IF($I257="特低",特低係数,0))))) * IF(K$7="SA",要件定義係数,IF(K$7="UI",基本設計係数,IF(K$7="SS",詳細設計係数,IF(K$7="PS/PG/PT",製作係数,IF(K$7="IT",結合テスト係数,IF(K$7="ST",総合テスト係数,IF(K$7="OT",受入支援係数,IF(K$7="RL",移行切替係数,IF(K$7="その他",その他係数,0))))))))) * K$8,1) -> 0.4 | L257: =ROUNDUP(IF($E257="画面",画面係数,IF($E257="帳票",帳票係数,IF($E257="バッチ",バッチ係数,0))) * IF($I257="特高",特高係数,IF($I257="高",高係数,IF($I257="中",中係数,IF($I257="低",低係数,IF($I257="特低",特低係数,0))))) * IF(L$7="SA",要件定義係数,IF(L$7="UI",基本設計係数,IF(L$7="SS",詳細設計係数,IF(L$7="PS/PG/PT",製作係数,IF(L$7="IT",結合テスト係数,IF(L$7="ST",総合テスト係数,IF(L$7="OT",受入支援係数,IF(L$7="RL",移行切替係数,IF(L$7="その他",その他係数,0))))))))) * L$8,1) -> 0.5 | M257: =ROUNDUP(IF($E257="画面",画面係数,IF($E257="帳票",帳票係数,IF($E257="バッチ",バッチ係数,0))) * IF($I257="特高",特高係数,IF($I257="高",高係数,IF($I257="中",中係数,IF($I257="低",低係数,IF($I257="特低",特低係数,0))))) * IF(M$7="SA",要件定義係数,IF(M$7="UI",基本設計係数,IF(M$7="SS",詳細設計係数,IF(M$7="PS/PG/PT",製作係数,IF(M$7="IT",結合テスト係数,IF(M$7="ST",総合テスト係数,IF(M$7="OT",受入支援係数,IF(M$7="RL",移行切替係数,IF(M$7="その他",その他係数,0))))))))) * M$8,1) -> 0.8 | N257: =ROUNDUP(IF($E257="画面",画面係数,IF($E257="帳票",帳票係数,IF($E257="バッチ",バッチ係数,0))) * IF($I257="特高",特高係数,IF($I257="高",高係数,IF($I257="中",中係数,IF($I257="低",低係数,IF($I257="特低",特低係数,0))))) * IF(N$7="SA",要件定義係数,IF(N$7="UI",基本設計係数,IF(N$7="SS",詳細設計係数,IF(N$7="PS/PG/PT",製作係数,IF(N$7="IT",結合テスト係数,IF(N$7="ST",総合テスト係数,IF(N$7="OT",受入支援係数,IF(N$7="RL",移行切替係数,IF(N$7="その他",その他係数,0))))))))) * N$8,1) -> 0.5 | O257: =ROUNDUP(IF($E257="画面",画面係数,IF($E257="帳票",帳票係数,IF($E257="バッチ",バッチ係数,0))) * IF($I257="特高",特高係数,IF($I257="高",高係数,IF($I257="中",中係数,IF($I257="低",低係数,IF($I257="特低",特低係数,0))))) * IF(O$7="SA",要件定義係数,IF(O$7="UI",基本設計係数,IF(O$7="SS",詳細設計係数,IF(O$7="PS/PG/PT",製作係数,IF(O$7="IT",結合テスト係数,IF(O$7="ST",総合テスト係数,IF(O$7="OT",受入支援係数,IF(O$7="RL",移行切替係数,IF(O$7="その他",その他係数,0))))))))) * O$8,1) -> 0.4 | P257: =ROUNDUP(IF($E257="画面",画面係数,IF($E257="帳票",帳票係数,IF($E257="バッチ",バッチ係数,0))) * IF($I257="特高",特高係数,IF($I257="高",高係数,IF($I257="中",中係数,IF($I257="低",低係数,IF($I257="特低",特低係数,0))))) * IF(P$7="SA",要件定義係数,IF(P$7="UI",基本設計係数,IF(P$7="SS",詳細設計係数,IF(P$7="PS/PG/PT",製作係数,IF(P$7="IT",結合テスト係数,IF(P$7="ST",総合テスト係数,IF(P$7="OT",受入支援係数,IF(P$7="RL",移行切替係数,IF(P$7="その他",その他係数,0))))))))) * P$8,1) -> 0.2 | Q257: =ROUNDUP(IF($E257="画面",画面係数,IF($E257="帳票",帳票係数,IF($E257="バッチ",バッチ係数,0))) * IF($I257="特高",特高係数,IF($I257="高",高係数,IF($I257="中",中係数,IF($I257="低",低係数,IF($I257="特低",特低係数,0))))) * IF(Q$7="SA",要件定義係数,IF(Q$7="UI",基本設計係数,IF(Q$7="SS",詳細設計係数,IF(Q$7="PS/PG/PT",製作係数,IF(Q$7="IT",結合テスト係数,IF(Q$7="ST",総合テスト係数,IF(Q$7="OT",受入支援係数,IF(Q$7="RL",移行切替係数,IF(Q$7="その他",その他係数,0))))))))) * Q$8,1) -> 0.4 | R257: =ROUNDUP(IF($E257="画面",画面係数,IF($E257="帳票",帳票係数,IF($E257="バッチ",バッチ係数,0))) * IF($I257="特高",特高係数,IF($I257="高",高係数,IF($I257="中",中係数,IF($I257="低",低係数,IF($I257="特低",特低係数,0))))) * IF(R$7="SA",要件定義係数,IF(R$7="UI",基本設計係数,IF(R$7="SS",詳細設計係数,IF(R$7="PS/PG/PT",製作係数,IF(R$7="IT",結合テスト係数,IF(R$7="ST",総合テスト係数,IF(R$7="OT",受入支援係数,IF(R$7="RL",移行切替係数,IF(R$7="その他",その他係数,0))))))))) * R$8,1) -> 0 | T257: =ROUNDUP(SUM(J257:S257)*T$8,1) -> 0.6 | U257: =SUM(J257:T257) -> 4.2 | V257: =U257/20 -> 0.21 | W257: =((J257*J$9) + (K257*K$9) + (L257*L$9) + (M257*M$9) + (N257*N$9) + (O257*O$9) + (P257*P$9) + (Q257*Q$9) + (R257*R$9) + (S257*S$9) + (T257*T$9))/20 -> 231000 | X257: 各所ごとをやめる
A258: =ROW()-9 -> 249 | J258: =ROUNDUP(IF($E258="画面",画面係数,IF($E258="帳票",帳票係数,IF($E258="バッチ",バッチ係数,0))) * IF($I258="特高",特高係数,IF($I258="高",高係数,IF($I258="中",中係数,IF($I258="低",低係数,IF($I258="特低",特低係数,0))))) * IF(J$7="SA",要件定義係数,IF(J$7="UI",基本設計係数,IF(J$7="SS",詳細設計係数,IF(J$7="PS/PG/PT",製作係数,IF(J$7="IT",結合テスト係数,IF(J$7="ST",総合テスト係数,IF(J$7="OT",受入支援係数,IF(J$7="RL",移行切替係数,IF(J$7="その他",その他係数,0))))))))) * J$8,1) -> 0 | K258: =ROUNDUP(IF($E258="画面",画面係数,IF($E258="帳票",帳票係数,IF($E258="バッチ",バッチ係数,0))) * IF($I258="特高",特高係数,IF($I258="高",高係数,IF($I258="中",中係数,IF($I258="低",低係数,IF($I258="特低",特低係数,0))))) * IF(K$7="SA",要件定義係数,IF(K$7="UI",基本設計係数,IF(K$7="SS",詳細設計係数,IF(K$7="PS/PG/PT",製作係数,IF(K$7="IT",結合テスト係数,IF(K$7="ST",総合テスト係数,IF(K$7="OT",受入支援係数,IF(K$7="RL",移行切替係数,IF(K$7="その他",その他係数,0))))))))) * K$8,1) -> 0 | L258: =ROUNDUP(IF($E258="画面",画面係数,IF($E258="帳票",帳票係数,IF($E258="バッチ",バッチ係数,0))) * IF($I258="特高",特高係数,IF($I258="高",高係数,IF($I258="中",中係数,IF($I258="低",低係数,IF($I258="特低",特低係数,0))))) * IF(L$7="SA",要件定義係数,IF(L$7="UI",基本設計係数,IF(L$7="SS",詳細設計係数,IF(L$7="PS/PG/PT",製作係数,IF(L$7="IT",結合テスト係数,IF(L$7="ST",総合テスト係数,IF(L$7="OT",受入支援係数,IF(L$7="RL",移行切替係数,IF(L$7="その他",その他係数,0))))))))) * L$8,1) -> 0 | M258: =ROUNDUP(IF($E258="画面",画面係数,IF($E258="帳票",帳票係数,IF($E258="バッチ",バッチ係数,0))) * IF($I258="特高",特高係数,IF($I258="高",高係数,IF($I258="中",中係数,IF($I258="低",低係数,IF($I258="特低",特低係数,0))))) * IF(M$7="SA",要件定義係数,IF(M$7="UI",基本設計係数,IF(M$7="SS",詳細設計係数,IF(M$7="PS/PG/PT",製作係数,IF(M$7="IT",結合テスト係数,IF(M$7="ST",総合テスト係数,IF(M$7="OT",受入支援係数,IF(M$7="RL",移行切替係数,IF(M$7="その他",その他係数,0))))))))) * M$8,1) -> 0 | N258: =ROUNDUP(IF($E258="画面",画面係数,IF($E258="帳票",帳票係数,IF($E258="バッチ",バッチ係数,0))) * IF($I258="特高",特高係数,IF($I258="高",高係数,IF($I258="中",中係数,IF($I258="低",低係数,IF($I258="特低",特低係数,0))))) * IF(N$7="SA",要件定義係数,IF(N$7="UI",基本設計係数,IF(N$7="SS",詳細設計係数,IF(N$7="PS/PG/PT",製作係数,IF(N$7="IT",結合テスト係数,IF(N$7="ST",総合テスト係数,IF(N$7="OT",受入支援係数,IF(N$7="RL",移行切替係数,IF(N$7="その他",その他係数,0))))))))) * N$8,1) -> 0 | O258: =ROUNDUP(IF($E258="画面",画面係数,IF($E258="帳票",帳票係数,IF($E258="バッチ",バッチ係数,0))) * IF($I258="特高",特高係数,IF($I258="高",高係数,IF($I258="中",中係数,IF($I258="低",低係数,IF($I258="特低",特低係数,0))))) * IF(O$7="SA",要件定義係数,IF(O$7="UI",基本設計係数,IF(O$7="SS",詳細設計係数,IF(O$7="PS/PG/PT",製作係数,IF(O$7="IT",結合テスト係数,IF(O$7="ST",総合テスト係数,IF(O$7="OT",受入支援係数,IF(O$7="RL",移行切替係数,IF(O$7="その他",その他係数,0))))))))) * O$8,1) -> 0 | P258: =ROUNDUP(IF($E258="画面",画面係数,IF($E258="帳票",帳票係数,IF($E258="バッチ",バッチ係数,0))) * IF($I258="特高",特高係数,IF($I258="高",高係数,IF($I258="中",中係数,IF($I258="低",低係数,IF($I258="特低",特低係数,0))))) * IF(P$7="SA",要件定義係数,IF(P$7="UI",基本設計係数,IF(P$7="SS",詳細設計係数,IF(P$7="PS/PG/PT",製作係数,IF(P$7="IT",結合テスト係数,IF(P$7="ST",総合テスト係数,IF(P$7="OT",受入支援係数,IF(P$7="RL",移行切替係数,IF(P$7="その他",その他係数,0))))))))) * P$8,1) -> 0 | Q258: =ROUNDUP(IF($E258="画面",画面係数,IF($E258="帳票",帳票係数,IF($E258="バッチ",バッチ係数,0))) * IF($I258="特高",特高係数,IF($I258="高",高係数,IF($I258="中",中係数,IF($I258="低",低係数,IF($I258="特低",特低係数,0))))) * IF(Q$7="SA",要件定義係数,IF(Q$7="UI",基本設計係数,IF(Q$7="SS",詳細設計係数,IF(Q$7="PS/PG/PT",製作係数,IF(Q$7="IT",結合テスト係数,IF(Q$7="ST",総合テスト係数,IF(Q$7="OT",受入支援係数,IF(Q$7="RL",移行切替係数,IF(Q$7="その他",その他係数,0))))))))) * Q$8,1) -> 0 | R258: =ROUNDUP(IF($E258="画面",画面係数,IF($E258="帳票",帳票係数,IF($E258="バッチ",バッチ係数,0))) * IF($I258="特高",特高係数,IF($I258="高",高係数,IF($I258="中",中係数,IF($I258="低",低係数,IF($I258="特低",特低係数,0))))) * IF(R$7="SA",要件定義係数,IF(R$7="UI",基本設計係数,IF(R$7="SS",詳細設計係数,IF(R$7="PS/PG/PT",製作係数,IF(R$7="IT",結合テスト係数,IF(R$7="ST",総合テスト係数,IF(R$7="OT",受入支援係数,IF(R$7="RL",移行切替係数,IF(R$7="その他",その他係数,0))))))))) * R$8,1) -> 0 | T258: =ROUNDUP(SUM(J258:S258)*T$8,1) -> 0 | U258: =SUM(J258:T258) -> 0 | V258: =U258/20 -> 0 | W258: =((J258*J$9) + (K258*K$9) + (L258*L$9) + (M258*M$9) + (N258*N$9) + (O258*O$9) + (P258*P$9) + (Q258*Q$9) + (R258*R$9) + (S258*S$9) + (T258*T$9))/20 -> 0 | X258: 各所ごとをやめる
A259: =ROW()-9 -> 250 | B259: バッチ | C259: B2001001.exe | D259: 業務ファイル送受信 | E259: バッチ | I259: 高 | J259: =ROUNDUP(IF($E259="画面",画面係数,IF($E259="帳票",帳票係数,IF($E259="バッチ",バッチ係数,0))) * IF($I259="特高",特高係数,IF($I259="高",高係数,IF($I259="中",中係数,IF($I259="低",低係数,IF($I259="特低",特低係数,0))))) * IF(J$7="SA",要件定義係数,IF(J$7="UI",基本設計係数,IF(J$7="SS",詳細設計係数,IF(J$7="PS/PG/PT",製作係数,IF(J$7="IT",結合テスト係数,IF(J$7="ST",総合テスト係数,IF(J$7="OT",受入支援係数,IF(J$7="RL",移行切替係数,IF(J$7="その他",その他係数,0))))))))) * J$8,1) -> 0.9 | K259: =ROUNDUP(IF($E259="画面",画面係数,IF($E259="帳票",帳票係数,IF($E259="バッチ",バッチ係数,0))) * IF($I259="特高",特高係数,IF($I259="高",高係数,IF($I259="中",中係数,IF($I259="低",低係数,IF($I259="特低",特低係数,0))))) * IF(K$7="SA",要件定義係数,IF(K$7="UI",基本設計係数,IF(K$7="SS",詳細設計係数,IF(K$7="PS/PG/PT",製作係数,IF(K$7="IT",結合テスト係数,IF(K$7="ST",総合テスト係数,IF(K$7="OT",受入支援係数,IF(K$7="RL",移行切替係数,IF(K$7="その他",その他係数,0))))))))) * K$8,1) -> 1 | L259: =ROUNDUP(IF($E259="画面",画面係数,IF($E259="帳票",帳票係数,IF($E259="バッチ",バッチ係数,0))) * IF($I259="特高",特高係数,IF($I259="高",高係数,IF($I259="中",中係数,IF($I259="低",低係数,IF($I259="特低",特低係数,0))))) * IF(L$7="SA",要件定義係数,IF(L$7="UI",基本設計係数,IF(L$7="SS",詳細設計係数,IF(L$7="PS/PG/PT",製作係数,IF(L$7="IT",結合テスト係数,IF(L$7="ST",総合テスト係数,IF(L$7="OT",受入支援係数,IF(L$7="RL",移行切替係数,IF(L$7="その他",その他係数,0))))))))) * L$8,1) -> 1 | M259: =ROUNDUP(IF($E259="画面",画面係数,IF($E259="帳票",帳票係数,IF($E259="バッチ",バッチ係数,0))) * IF($I259="特高",特高係数,IF($I259="高",高係数,IF($I259="中",中係数,IF($I259="低",低係数,IF($I259="特低",特低係数,0))))) * IF(M$7="SA",要件定義係数,IF(M$7="UI",基本設計係数,IF(M$7="SS",詳細設計係数,IF(M$7="PS/PG/PT",製作係数,IF(M$7="IT",結合テスト係数,IF(M$7="ST",総合テスト係数,IF(M$7="OT",受入支援係数,IF(M$7="RL",移行切替係数,IF(M$7="その他",その他係数,0))))))))) * M$8,1) -> 1.8 | N259: =ROUNDUP(IF($E259="画面",画面係数,IF($E259="帳票",帳票係数,IF($E259="バッチ",バッチ係数,0))) * IF($I259="特高",特高係数,IF($I259="高",高係数,IF($I259="中",中係数,IF($I259="低",低係数,IF($I259="特低",特低係数,0))))) * IF(N$7="SA",要件定義係数,IF(N$7="UI",基本設計係数,IF(N$7="SS",詳細設計係数,IF(N$7="PS/PG/PT",製作係数,IF(N$7="IT",結合テスト係数,IF(N$7="ST",総合テスト係数,IF(N$7="OT",受入支援係数,IF(N$7="RL",移行切替係数,IF(N$7="その他",その他係数,0))))))))) * N$8,1) -> 1.1 | O259: =ROUNDUP(IF($E259="画面",画面係数,IF($E259="帳票",帳票係数,IF($E259="バッチ",バッチ係数,0))) * IF($I259="特高",特高係数,IF($I259="高",高係数,IF($I259="中",中係数,IF($I259="低",低係数,IF($I259="特低",特低係数,0))))) * IF(O$7="SA",要件定義係数,IF(O$7="UI",基本設計係数,IF(O$7="SS",詳細設計係数,IF(O$7="PS/PG/PT",製作係数,IF(O$7="IT",結合テスト係数,IF(O$7="ST",総合テスト係数,IF(O$7="OT",受入支援係数,IF(O$7="RL",移行切替係数,IF(O$7="その他",その他係数,0))))))))) * O$8,1) -> 0.8 | P259: =ROUNDUP(IF($E259="画面",画面係数,IF($E259="帳票",帳票係数,IF($E259="バッチ",バッチ係数,0))) * IF($I259="特高",特高係数,IF($I259="高",高係数,IF($I259="中",中係数,IF($I259="低",低係数,IF($I259="特低",特低係数,0))))) * IF(P$7="SA",要件定義係数,IF(P$7="UI",基本設計係数,IF(P$7="SS",詳細設計係数,IF(P$7="PS/PG/PT",製作係数,IF(P$7="IT",結合テスト係数,IF(P$7="ST",総合テスト係数,IF(P$7="OT",受入支援係数,IF(P$7="RL",移行切替係数,IF(P$7="その他",その他係数,0))))))))) * P$8,1) -> 0.3 | Q259: =ROUNDUP(IF($E259="画面",画面係数,IF($E259="帳票",帳票係数,IF($E259="バッチ",バッチ係数,0))) * IF($I259="特高",特高係数,IF($I259="高",高係数,IF($I259="中",中係数,IF($I259="低",低係数,IF($I259="特低",特低係数,0))))) * IF(Q$7="SA",要件定義係数,IF(Q$7="UI",基本設計係数,IF(Q$7="SS",詳細設計係数,IF(Q$7="PS/PG/PT",製作係数,IF(Q$7="IT",結合テスト係数,IF(Q$7="ST",総合テスト係数,IF(Q$7="OT",受入支援係数,IF(Q$7="RL",移行切替係数,IF(Q$7="その他",その他係数,0))))))))) * Q$8,1) -> 0.9 | R259: =ROUNDUP(IF($E259="画面",画面係数,IF($E259="帳票",帳票係数,IF($E259="バッチ",バッチ係数,0))) * IF($I259="特高",特高係数,IF($I259="高",高係数,IF($I259="中",中係数,IF($I259="低",低係数,IF($I259="特低",特低係数,0))))) * IF(R$7="SA",要件定義係数,IF(R$7="UI",基本設計係数,IF(R$7="SS",詳細設計係数,IF(R$7="PS/PG/PT",製作係数,IF(R$7="IT",結合テスト係数,IF(R$7="ST",総合テスト係数,IF(R$7="OT",受入支援係数,IF(R$7="RL",移行切替係数,IF(R$7="その他",その他係数,0))))))))) * R$8,1) -> 0 | T259: =ROUNDUP(SUM(J259:S259)*T$8,1) -> 1.2 | U259: =SUM(J259:T259) -> 9 | V259: =U259/20 -> 0.45 | W259: =((J259*J$9) + (K259*K$9) + (L259*L$9) + (M259*M$9) + (N259*N$9) + (O259*O$9) + (P259*P$9) + (Q259*Q$9) + (R259*R$9) + (S259*S$9) + (T259*T$9))/20 -> 493500 | X259: 各所ごとをやめる
A260: =ROW()-9 -> 251 | B260: バッチ | C260: DC07001B.exe | D260: 自動倉庫システム受信用通信サービス起動 | E260: バッチ | I260: 高 | J260: =ROUNDUP(IF($E260="画面",画面係数,IF($E260="帳票",帳票係数,IF($E260="バッチ",バッチ係数,0))) * IF($I260="特高",特高係数,IF($I260="高",高係数,IF($I260="中",中係数,IF($I260="低",低係数,IF($I260="特低",特低係数,0))))) * IF(J$7="SA",要件定義係数,IF(J$7="UI",基本設計係数,IF(J$7="SS",詳細設計係数,IF(J$7="PS/PG/PT",製作係数,IF(J$7="IT",結合テスト係数,IF(J$7="ST",総合テスト係数,IF(J$7="OT",受入支援係数,IF(J$7="RL",移行切替係数,IF(J$7="その他",その他係数,0))))))))) * J$8,1) -> 0.9 | K260: =ROUNDUP(IF($E260="画面",画面係数,IF($E260="帳票",帳票係数,IF($E260="バッチ",バッチ係数,0))) * IF($I260="特高",特高係数,IF($I260="高",高係数,IF($I260="中",中係数,IF($I260="低",低係数,IF($I260="特低",特低係数,0))))) * IF(K$7="SA",要件定義係数,IF(K$7="UI",基本設計係数,IF(K$7="SS",詳細設計係数,IF(K$7="PS/PG/PT",製作係数,IF(K$7="IT",結合テスト係数,IF(K$7="ST",総合テスト係数,IF(K$7="OT",受入支援係数,IF(K$7="RL",移行切替係数,IF(K$7="その他",その他係数,0))))))))) * K$8,1) -> 1 | L260: =ROUNDUP(IF($E260="画面",画面係数,IF($E260="帳票",帳票係数,IF($E260="バッチ",バッチ係数,0))) * IF($I260="特高",特高係数,IF($I260="高",高係数,IF($I260="中",中係数,IF($I260="低",低係数,IF($I260="特低",特低係数,0))))) * IF(L$7="SA",要件定義係数,IF(L$7="UI",基本設計係数,IF(L$7="SS",詳細設計係数,IF(L$7="PS/PG/PT",製作係数,IF(L$7="IT",結合テスト係数,IF(L$7="ST",総合テスト係数,IF(L$7="OT",受入支援係数,IF(L$7="RL",移行切替係数,IF(L$7="その他",その他係数,0))))))))) * L$8,1) -> 1 | M260: =ROUNDUP(IF($E260="画面",画面係数,IF($E260="帳票",帳票係数,IF($E260="バッチ",バッチ係数,0))) * IF($I260="特高",特高係数,IF($I260="高",高係数,IF($I260="中",中係数,IF($I260="低",低係数,IF($I260="特低",特低係数,0))))) * IF(M$7="SA",要件定義係数,IF(M$7="UI",基本設計係数,IF(M$7="SS",詳細設計係数,IF(M$7="PS/PG/PT",製作係数,IF(M$7="IT",結合テスト係数,IF(M$7="ST",総合テスト係数,IF(M$7="OT",受入支援係数,IF(M$7="RL",移行切替係数,IF(M$7="その他",その他係数,0))))))))) * M$8,1) -> 1.8 | N260: =ROUNDUP(IF($E260="画面",画面係数,IF($E260="帳票",帳票係数,IF($E260="バッチ",バッチ係数,0))) * IF($I260="特高",特高係数,IF($I260="高",高係数,IF($I260="中",中係数,IF($I260="低",低係数,IF($I260="特低",特低係数,0))))) * IF(N$7="SA",要件定義係数,IF(N$7="UI",基本設計係数,IF(N$7="SS",詳細設計係数,IF(N$7="PS/PG/PT",製作係数,IF(N$7="IT",結合テスト係数,IF(N$7="ST",総合テスト係数,IF(N$7="OT",受入支援係数,IF(N$7="RL",移行切替係数,IF(N$7="その他",その他係数,0))))))))) * N$8,1) -> 1.1 | O260: =ROUNDUP(IF($E260="画面",画面係数,IF($E260="帳票",帳票係数,IF($E260="バッチ",バッチ係数,0))) * IF($I260="特高",特高係数,IF($I260="高",高係数,IF($I260="中",中係数,IF($I260="低",低係数,IF($I260="特低",特低係数,0))))) * IF(O$7="SA",要件定義係数,IF(O$7="UI",基本設計係数,IF(O$7="SS",詳細設計係数,IF(O$7="PS/PG/PT",製作係数,IF(O$7="IT",結合テスト係数,IF(O$7="ST",総合テスト係数,IF(O$7="OT",受入支援係数,IF(O$7="RL",移行切替係数,IF(O$7="その他",その他係数,0))))))))) * O$8,1) -> 0.8 | P260: =ROUNDUP(IF($E260="画面",画面係数,IF($E260="帳票",帳票係数,IF($E260="バッチ",バッチ係数,0))) * IF($I260="特高",特高係数,IF($I260="高",高係数,IF($I260="中",中係数,IF($I260="低",低係数,IF($I260="特低",特低係数,0))))) * IF(P$7="SA",要件定義係数,IF(P$7="UI",基本設計係数,IF(P$7="SS",詳細設計係数,IF(P$7="PS/PG/PT",製作係数,IF(P$7="IT",結合テスト係数,IF(P$7="ST",総合テスト係数,IF(P$7="OT",受入支援係数,IF(P$7="RL",移行切替係数,IF(P$7="その他",その他係数,0))))))))) * P$8,1) -> 0.3 | Q260: =ROUNDUP(IF($E260="画面",画面係数,IF($E260="帳票",帳票係数,IF($E260="バッチ",バッチ係数,0))) * IF($I260="特高",特高係数,IF($I260="高",高係数,IF($I260="中",中係数,IF($I260="低",低係数,IF($I260="特低",特低係数,0))))) * IF(Q$7="SA",要件定義係数,IF(Q$7="UI",基本設計係数,IF(Q$7="SS",詳細設計係数,IF(Q$7="PS/PG/PT",製作係数,IF(Q$7="IT",結合テスト係数,IF(Q$7="ST",総合テスト係数,IF(Q$7="OT",受入支援係数,IF(Q$7="RL",移行切替係数,IF(Q$7="その他",その他係数,0))))))))) * Q$8,1) -> 0.9 | R260: =ROUNDUP(IF($E260="画面",画面係数,IF($E260="帳票",帳票係数,IF($E260="バッチ",バッチ係数,0))) * IF($I260="特高",特高係数,IF($I260="高",高係数,IF($I260="中",中係数,IF($I260="低",低係数,IF($I260="特低",特低係数,0))))) * IF(R$7="SA",要件定義係数,IF(R$7="UI",基本設計係数,IF(R$7="SS",詳細設計係数,IF(R$7="PS/PG/PT",製作係数,IF(R$7="IT",結合テスト係数,IF(R$7="ST",総合テスト係数,IF(R$7="OT",受入支援係数,IF(R$7="RL",移行切替係数,IF(R$7="その他",その他係数,0))))))))) * R$8,1) -> 0 | T260: =ROUNDUP(SUM(J260:S260)*T$8,1) -> 1.2 | U260: =SUM(J260:T260) -> 9 | V260: =U260/20 -> 0.45 | W260: =((J260*J$9) + (K260*K$9) + (L260*L$9) + (M260*M$9) + (N260*N$9) + (O260*O$9) + (P260*P$9) + (Q260*Q$9) + (R260*R$9) + (S260*S$9) + (T260*T$9))/20 -> 493500 | X260: 各所ごとをやめる
A261: =ROW()-9 -> 252 | B261: バッチ | C261: DC07002B.exe | D261: 自動倉庫システム受信用通信サービス停止 | E261: バッチ | I261: 高 | J261: =ROUNDUP(IF($E261="画面",画面係数,IF($E261="帳票",帳票係数,IF($E261="バッチ",バッチ係数,0))) * IF($I261="特高",特高係数,IF($I261="高",高係数,IF($I261="中",中係数,IF($I261="低",低係数,IF($I261="特低",特低係数,0))))) * IF(J$7="SA",要件定義係数,IF(J$7="UI",基本設計係数,IF(J$7="SS",詳細設計係数,IF(J$7="PS/PG/PT",製作係数,IF(J$7="IT",結合テスト係数,IF(J$7="ST",総合テスト係数,IF(J$7="OT",受入支援係数,IF(J$7="RL",移行切替係数,IF(J$7="その他",その他係数,0))))))))) * J$8,1) -> 0.9 | K261: =ROUNDUP(IF($E261="画面",画面係数,IF($E261="帳票",帳票係数,IF($E261="バッチ",バッチ係数,0))) * IF($I261="特高",特高係数,IF($I261="高",高係数,IF($I261="中",中係数,IF($I261="低",低係数,IF($I261="特低",特低係数,0))))) * IF(K$7="SA",要件定義係数,IF(K$7="UI",基本設計係数,IF(K$7="SS",詳細設計係数,IF(K$7="PS/PG/PT",製作係数,IF(K$7="IT",結合テスト係数,IF(K$7="ST",総合テスト係数,IF(K$7="OT",受入支援係数,IF(K$7="RL",移行切替係数,IF(K$7="その他",その他係数,0))))))))) * K$8,1) -> 1 | L261: =ROUNDUP(IF($E261="画面",画面係数,IF($E261="帳票",帳票係数,IF($E261="バッチ",バッチ係数,0))) * IF($I261="特高",特高係数,IF($I261="高",高係数,IF($I261="中",中係数,IF($I261="低",低係数,IF($I261="特低",特低係数,0))))) * IF(L$7="SA",要件定義係数,IF(L$7="UI",基本設計係数,IF(L$7="SS",詳細設計係数,IF(L$7="PS/PG/PT",製作係数,IF(L$7="IT",結合テスト係数,IF(L$7="ST",総合テスト係数,IF(L$7="OT",受入支援係数,IF(L$7="RL",移行切替係数,IF(L$7="その他",その他係数,0))))))))) * L$8,1) -> 1 | M261: =ROUNDUP(IF($E261="画面",画面係数,IF($E261="帳票",帳票係数,IF($E261="バッチ",バッチ係数,0))) * IF($I261="特高",特高係数,IF($I261="高",高係数,IF($I261="中",中係数,IF($I261="低",低係数,IF($I261="特低",特低係数,0))))) * IF(M$7="SA",要件定義係数,IF(M$7="UI",基本設計係数,IF(M$7="SS",詳細設計係数,IF(M$7="PS/PG/PT",製作係数,IF(M$7="IT",結合テスト係数,IF(M$7="ST",総合テスト係数,IF(M$7="OT",受入支援係数,IF(M$7="RL",移行切替係数,IF(M$7="その他",その他係数,0))))))))) * M$8,1) -> 1.8 | N261: =ROUNDUP(IF($E261="画面",画面係数,IF($E261="帳票",帳票係数,IF($E261="バッチ",バッチ係数,0))) * IF($I261="特高",特高係数,IF($I261="高",高係数,IF($I261="中",中係数,IF($I261="低",低係数,IF($I261="特低",特低係数,0))))) * IF(N$7="SA",要件定義係数,IF(N$7="UI",基本設計係数,IF(N$7="SS",詳細設計係数,IF(N$7="PS/PG/PT",製作係数,IF(N$7="IT",結合テスト係数,IF(N$7="ST",総合テスト係数,IF(N$7="OT",受入支援係数,IF(N$7="RL",移行切替係数,IF(N$7="その他",その他係数,0))))))))) * N$8,1) -> 1.1 | O261: =ROUNDUP(IF($E261="画面",画面係数,IF($E261="帳票",帳票係数,IF($E261="バッチ",バッチ係数,0))) * IF($I261="特高",特高係数,IF($I261="高",高係数,IF($I261="中",中係数,IF($I261="低",低係数,IF($I261="特低",特低係数,0))))) * IF(O$7="SA",要件定義係数,IF(O$7="UI",基本設計係数,IF(O$7="SS",詳細設計係数,IF(O$7="PS/PG/PT",製作係数,IF(O$7="IT",結合テスト係数,IF(O$7="ST",総合テスト係数,IF(O$7="OT",受入支援係数,IF(O$7="RL",移行切替係数,IF(O$7="その他",その他係数,0))))))))) * O$8,1) -> 0.8 | P261: =ROUNDUP(IF($E261="画面",画面係数,IF($E261="帳票",帳票係数,IF($E261="バッチ",バッチ係数,0))) * IF($I261="特高",特高係数,IF($I261="高",高係数,IF($I261="中",中係数,IF($I261="低",低係数,IF($I261="特低",特低係数,0))))) * IF(P$7="SA",要件定義係数,IF(P$7="UI",基本設計係数,IF(P$7="SS",詳細設計係数,IF(P$7="PS/PG/PT",製作係数,IF(P$7="IT",結合テスト係数,IF(P$7="ST",総合テスト係数,IF(P$7="OT",受入支援係数,IF(P$7="RL",移行切替係数,IF(P$7="その他",その他係数,0))))))))) * P$8,1) -> 0.3 | Q261: =ROUNDUP(IF($E261="画面",画面係数,IF($E261="帳票",帳票係数,IF($E261="バッチ",バッチ係数,0))) * IF($I261="特高",特高係数,IF($I261="高",高係数,IF($I261="中",中係数,IF($I261="低",低係数,IF($I261="特低",特低係数,0))))) * IF(Q$7="SA",要件定義係数,IF(Q$7="UI",基本設計係数,IF(Q$7="SS",詳細設計係数,IF(Q$7="PS/PG/PT",製作係数,IF(Q$7="IT",結合テスト係数,IF(Q$7="ST",総合テスト係数,IF(Q$7="OT",受入支援係数,IF(Q$7="RL",移行切替係数,IF(Q$7="その他",その他係数,0))))))))) * Q$8,1) -> 0.9 | R261: =ROUNDUP(IF($E261="画面",画面係数,IF($E261="帳票",帳票係数,IF($E261="バッチ",バッチ係数,0))) * IF($I261="特高",特高係数,IF($I261="高",高係数,IF($I261="中",中係数,IF($I261="低",低係数,IF($I261="特低",特低係数,0))))) * IF(R$7="SA",要件定義係数,IF(R$7="UI",基本設計係数,IF(R$7="SS",詳細設計係数,IF(R$7="PS/PG/PT",製作係数,IF(R$7="IT",結合テスト係数,IF(R$7="ST",総合テスト係数,IF(R$7="OT",受入支援係数,IF(R$7="RL",移行切替係数,IF(R$7="その他",その他係数,0))))))))) * R$8,1) -> 0 | T261: =ROUNDUP(SUM(J261:S261)*T$8,1) -> 1.2 | U261: =SUM(J261:T261) -> 9 | V261: =U261/20 -> 0.45 | W261: =((J261*J$9) + (K261*K$9) + (L261*L$9) + (M261*M$9) + (N261*N$9) + (O261*O$9) + (P261*P$9) + (Q261*Q$9) + (R261*R$9) + (S261*S$9) + (T261*T$9))/20 -> 493500 | X261: 各所ごとをやめる
A262: =ROW()-9 -> 253 | B262: バッチ | C262: IV00101B.exe | D262: 朝帳票作成バッチ | E262: バッチ | I262: 高 | J262: =ROUNDUP(IF($E262="画面",画面係数,IF($E262="帳票",帳票係数,IF($E262="バッチ",バッチ係数,0))) * IF($I262="特高",特高係数,IF($I262="高",高係数,IF($I262="中",中係数,IF($I262="低",低係数,IF($I262="特低",特低係数,0))))) * IF(J$7="SA",要件定義係数,IF(J$7="UI",基本設計係数,IF(J$7="SS",詳細設計係数,IF(J$7="PS/PG/PT",製作係数,IF(J$7="IT",結合テスト係数,IF(J$7="ST",総合テスト係数,IF(J$7="OT",受入支援係数,IF(J$7="RL",移行切替係数,IF(J$7="その他",その他係数,0))))))))) * J$8,1) -> 0.9 | K262: =ROUNDUP(IF($E262="画面",画面係数,IF($E262="帳票",帳票係数,IF($E262="バッチ",バッチ係数,0))) * IF($I262="特高",特高係数,IF($I262="高",高係数,IF($I262="中",中係数,IF($I262="低",低係数,IF($I262="特低",特低係数,0))))) * IF(K$7="SA",要件定義係数,IF(K$7="UI",基本設計係数,IF(K$7="SS",詳細設計係数,IF(K$7="PS/PG/PT",製作係数,IF(K$7="IT",結合テスト係数,IF(K$7="ST",総合テスト係数,IF(K$7="OT",受入支援係数,IF(K$7="RL",移行切替係数,IF(K$7="その他",その他係数,0))))))))) * K$8,1) -> 1 | L262: =ROUNDUP(IF($E262="画面",画面係数,IF($E262="帳票",帳票係数,IF($E262="バッチ",バッチ係数,0))) * IF($I262="特高",特高係数,IF($I262="高",高係数,IF($I262="中",中係数,IF($I262="低",低係数,IF($I262="特低",特低係数,0))))) * IF(L$7="SA",要件定義係数,IF(L$7="UI",基本設計係数,IF(L$7="SS",詳細設計係数,IF(L$7="PS/PG/PT",製作係数,IF(L$7="IT",結合テスト係数,IF(L$7="ST",総合テスト係数,IF(L$7="OT",受入支援係数,IF(L$7="RL",移行切替係数,IF(L$7="その他",その他係数,0))))))))) * L$8,1) -> 1 | M262: =ROUNDUP(IF($E262="画面",画面係数,IF($E262="帳票",帳票係数,IF($E262="バッチ",バッチ係数,0))) * IF($I262="特高",特高係数,IF($I262="高",高係数,IF($I262="中",中係数,IF($I262="低",低係数,IF($I262="特低",特低係数,0))))) * IF(M$7="SA",要件定義係数,IF(M$7="UI",基本設計係数,IF(M$7="SS",詳細設計係数,IF(M$7="PS/PG/PT",製作係数,IF(M$7="IT",結合テスト係数,IF(M$7="ST",総合テスト係数,IF(M$7="OT",受入支援係数,IF(M$7="RL",移行切替係数,IF(M$7="その他",その他係数,0))))))))) * M$8,1) -> 1.8 | N262: =ROUNDUP(IF($E262="画面",画面係数,IF($E262="帳票",帳票係数,IF($E262="バッチ",バッチ係数,0))) * IF($I262="特高",特高係数,IF($I262="高",高係数,IF($I262="中",中係数,IF($I262="低",低係数,IF($I262="特低",特低係数,0))))) * IF(N$7="SA",要件定義係数,IF(N$7="UI",基本設計係数,IF(N$7="SS",詳細設計係数,IF(N$7="PS/PG/PT",製作係数,IF(N$7="IT",結合テスト係数,IF(N$7="ST",総合テスト係数,IF(N$7="OT",受入支援係数,IF(N$7="RL",移行切替係数,IF(N$7="その他",その他係数,0))))))))) * N$8,1) -> 1.1 | O262: =ROUNDUP(IF($E262="画面",画面係数,IF($E262="帳票",帳票係数,IF($E262="バッチ",バッチ係数,0))) * IF($I262="特高",特高係数,IF($I262="高",高係数,IF($I262="中",中係数,IF($I262="低",低係数,IF($I262="特低",特低係数,0))))) * IF(O$7="SA",要件定義係数,IF(O$7="UI",基本設計係数,IF(O$7="SS",詳細設計係数,IF(O$7="PS/PG/PT",製作係数,IF(O$7="IT",結合テスト係数,IF(O$7="ST",総合テスト係数,IF(O$7="OT",受入支援係数,IF(O$7="RL",移行切替係数,IF(O$7="その他",その他係数,0))))))))) * O$8,1) -> 0.8 | P262: =ROUNDUP(IF($E262="画面",画面係数,IF($E262="帳票",帳票係数,IF($E262="バッチ",バッチ係数,0))) * IF($I262="特高",特高係数,IF($I262="高",高係数,IF($I262="中",中係数,IF($I262="低",低係数,IF($I262="特低",特低係数,0))))) * IF(P$7="SA",要件定義係数,IF(P$7="UI",基本設計係数,IF(P$7="SS",詳細設計係数,IF(P$7="PS/PG/PT",製作係数,IF(P$7="IT",結合テスト係数,IF(P$7="ST",総合テスト係数,IF(P$7="OT",受入支援係数,IF(P$7="RL",移行切替係数,IF(P$7="その他",その他係数,0))))))))) * P$8,1) -> 0.3 | Q262: =ROUNDUP(IF($E262="画面",画面係数,IF($E262="帳票",帳票係数,IF($E262="バッチ",バッチ係数,0))) * IF($I262="特高",特高係数,IF($I262="高",高係数,IF($I262="中",中係数,IF($I262="低",低係数,IF($I262="特低",特低係数,0))))) * IF(Q$7="SA",要件定義係数,IF(Q$7="UI",基本設計係数,IF(Q$7="SS",詳細設計係数,IF(Q$7="PS/PG/PT",製作係数,IF(Q$7="IT",結合テスト係数,IF(Q$7="ST",総合テスト係数,IF(Q$7="OT",受入支援係数,IF(Q$7="RL",移行切替係数,IF(Q$7="その他",その他係数,0))))))))) * Q$8,1) -> 0.9 | R262: =ROUNDUP(IF($E262="画面",画面係数,IF($E262="帳票",帳票係数,IF($E262="バッチ",バッチ係数,0))) * IF($I262="特高",特高係数,IF($I262="高",高係数,IF($I262="中",中係数,IF($I262="低",低係数,IF($I262="特低",特低係数,0))))) * IF(R$7="SA",要件定義係数,IF(R$7="UI",基本設計係数,IF(R$7="SS",詳細設計係数,IF(R$7="PS/PG/PT",製作係数,IF(R$7="IT",結合テスト係数,IF(R$7="ST",総合テスト係数,IF(R$7="OT",受入支援係数,IF(R$7="RL",移行切替係数,IF(R$7="その他",その他係数,0))))))))) * R$8,1) -> 0 | T262: =ROUNDUP(SUM(J262:S262)*T$8,1) -> 1.2 | U262: =SUM(J262:T262) -> 9 | V262: =U262/20 -> 0.45 | W262: =((J262*J$9) + (K262*K$9) + (L262*L$9) + (M262*M$9) + (N262*N$9) + (O262*O$9) + (P262*P$9) + (Q262*Q$9) + (R262*R$9) + (S262*S$9) + (T262*T$9))/20 -> 493500 | X262: 各所ごとをやめる
A263: =ROW()-9 -> 254 | B263: バッチ | C263: IV00201R.exe | D263: 朝帳票印刷１ | E263: バッチ | I263: 高 | J263: =ROUNDUP(IF($E263="画面",画面係数,IF($E263="帳票",帳票係数,IF($E263="バッチ",バッチ係数,0))) * IF($I263="特高",特高係数,IF($I263="高",高係数,IF($I263="中",中係数,IF($I263="低",低係数,IF($I263="特低",特低係数,0))))) * IF(J$7="SA",要件定義係数,IF(J$7="UI",基本設計係数,IF(J$7="SS",詳細設計係数,IF(J$7="PS/PG/PT",製作係数,IF(J$7="IT",結合テスト係数,IF(J$7="ST",総合テスト係数,IF(J$7="OT",受入支援係数,IF(J$7="RL",移行切替係数,IF(J$7="その他",その他係数,0))))))))) * J$8,1) -> 0.9 | K263: =ROUNDUP(IF($E263="画面",画面係数,IF($E263="帳票",帳票係数,IF($E263="バッチ",バッチ係数,0))) * IF($I263="特高",特高係数,IF($I263="高",高係数,IF($I263="中",中係数,IF($I263="低",低係数,IF($I263="特低",特低係数,0))))) * IF(K$7="SA",要件定義係数,IF(K$7="UI",基本設計係数,IF(K$7="SS",詳細設計係数,IF(K$7="PS/PG/PT",製作係数,IF(K$7="IT",結合テスト係数,IF(K$7="ST",総合テスト係数,IF(K$7="OT",受入支援係数,IF(K$7="RL",移行切替係数,IF(K$7="その他",その他係数,0))))))))) * K$8,1) -> 1 | L263: =ROUNDUP(IF($E263="画面",画面係数,IF($E263="帳票",帳票係数,IF($E263="バッチ",バッチ係数,0))) * IF($I263="特高",特高係数,IF($I263="高",高係数,IF($I263="中",中係数,IF($I263="低",低係数,IF($I263="特低",特低係数,0))))) * IF(L$7="SA",要件定義係数,IF(L$7="UI",基本設計係数,IF(L$7="SS",詳細設計係数,IF(L$7="PS/PG/PT",製作係数,IF(L$7="IT",結合テスト係数,IF(L$7="ST",総合テスト係数,IF(L$7="OT",受入支援係数,IF(L$7="RL",移行切替係数,IF(L$7="その他",その他係数,0))))))))) * L$8,1) -> 1 | M263: =ROUNDUP(IF($E263="画面",画面係数,IF($E263="帳票",帳票係数,IF($E263="バッチ",バッチ係数,0))) * IF($I263="特高",特高係数,IF($I263="高",高係数,IF($I263="中",中係数,IF($I263="低",低係数,IF($I263="特低",特低係数,0))))) * IF(M$7="SA",要件定義係数,IF(M$7="UI",基本設計係数,IF(M$7="SS",詳細設計係数,IF(M$7="PS/PG/PT",製作係数,IF(M$7="IT",結合テスト係数,IF(M$7="ST",総合テスト係数,IF(M$7="OT",受入支援係数,IF(M$7="RL",移行切替係数,IF(M$7="その他",その他係数,0))))))))) * M$8,1) -> 1.8 | N263: =ROUNDUP(IF($E263="画面",画面係数,IF($E263="帳票",帳票係数,IF($E263="バッチ",バッチ係数,0))) * IF($I263="特高",特高係数,IF($I263="高",高係数,IF($I263="中",中係数,IF($I263="低",低係数,IF($I263="特低",特低係数,0))))) * IF(N$7="SA",要件定義係数,IF(N$7="UI",基本設計係数,IF(N$7="SS",詳細設計係数,IF(N$7="PS/PG/PT",製作係数,IF(N$7="IT",結合テスト係数,IF(N$7="ST",総合テスト係数,IF(N$7="OT",受入支援係数,IF(N$7="RL",移行切替係数,IF(N$7="その他",その他係数,0))))))))) * N$8,1) -> 1.1 | O263: =ROUNDUP(IF($E263="画面",画面係数,IF($E263="帳票",帳票係数,IF($E263="バッチ",バッチ係数,0))) * IF($I263="特高",特高係数,IF($I263="高",高係数,IF($I263="中",中係数,IF($I263="低",低係数,IF($I263="特低",特低係数,0))))) * IF(O$7="SA",要件定義係数,IF(O$7="UI",基本設計係数,IF(O$7="SS",詳細設計係数,IF(O$7="PS/PG/PT",製作係数,IF(O$7="IT",結合テスト係数,IF(O$7="ST",総合テスト係数,IF(O$7="OT",受入支援係数,IF(O$7="RL",移行切替係数,IF(O$7="その他",その他係数,0))))))))) * O$8,1) -> 0.8 | P263: =ROUNDUP(IF($E263="画面",画面係数,IF($E263="帳票",帳票係数,IF($E263="バッチ",バッチ係数,0))) * IF($I263="特高",特高係数,IF($I263="高",高係数,IF($I263="中",中係数,IF($I263="低",低係数,IF($I263="特低",特低係数,0))))) * IF(P$7="SA",要件定義係数,IF(P$7="UI",基本設計係数,IF(P$7="SS",詳細設計係数,IF(P$7="PS/PG/PT",製作係数,IF(P$7="IT",結合テスト係数,IF(P$7="ST",総合テスト係数,IF(P$7="OT",受入支援係数,IF(P$7="RL",移行切替係数,IF(P$7="その他",その他係数,0))))))))) * P$8,1) -> 0.3 | Q263: =ROUNDUP(IF($E263="画面",画面係数,IF($E263="帳票",帳票係数,IF($E263="バッチ",バッチ係数,0))) * IF($I263="特高",特高係数,IF($I263="高",高係数,IF($I263="中",中係数,IF($I263="低",低係数,IF($I263="特低",特低係数,0))))) * IF(Q$7="SA",要件定義係数,IF(Q$7="UI",基本設計係数,IF(Q$7="SS",詳細設計係数,IF(Q$7="PS/PG/PT",製作係数,IF(Q$7="IT",結合テスト係数,IF(Q$7="ST",総合テスト係数,IF(Q$7="OT",受入支援係数,IF(Q$7="RL",移行切替係数,IF(Q$7="その他",その他係数,0))))))))) * Q$8,1) -> 0.9 | R263: =ROUNDUP(IF($E263="画面",画面係数,IF($E263="帳票",帳票係数,IF($E263="バッチ",バッチ係数,0))) * IF($I263="特高",特高係数,IF($I263="高",高係数,IF($I263="中",中係数,IF($I263="低",低係数,IF($I263="特低",特低係数,0))))) * IF(R$7="SA",要件定義係数,IF(R$7="UI",基本設計係数,IF(R$7="SS",詳細設計係数,IF(R$7="PS/PG/PT",製作係数,IF(R$7="IT",結合テスト係数,IF(R$7="ST",総合テスト係数,IF(R$7="OT",受入支援係数,IF(R$7="RL",移行切替係数,IF(R$7="その他",その他係数,0))))))))) * R$8,1) -> 0 | T263: =ROUNDUP(SUM(J263:S263)*T$8,1) -> 1.2 | U263: =SUM(J263:T263) -> 9 | V263: =U263/20 -> 0.45 | W263: =((J263*J$9) + (K263*K$9) + (L263*L$9) + (M263*M$9) + (N263*N$9) + (O263*O$9) + (P263*P$9) + (Q263*Q$9) + (R263*R$9) + (S263*S$9) + (T263*T$9))/20 -> 493500 | X263: 各所ごとをやめる
A264: =ROW()-9 -> 255 | B264: バッチ | C264: IV00301R.exe | D264: 朝帳票印刷２ | E264: バッチ | I264: 高 | J264: =ROUNDUP(IF($E264="画面",画面係数,IF($E264="帳票",帳票係数,IF($E264="バッチ",バッチ係数,0))) * IF($I264="特高",特高係数,IF($I264="高",高係数,IF($I264="中",中係数,IF($I264="低",低係数,IF($I264="特低",特低係数,0))))) * IF(J$7="SA",要件定義係数,IF(J$7="UI",基本設計係数,IF(J$7="SS",詳細設計係数,IF(J$7="PS/PG/PT",製作係数,IF(J$7="IT",結合テスト係数,IF(J$7="ST",総合テスト係数,IF(J$7="OT",受入支援係数,IF(J$7="RL",移行切替係数,IF(J$7="その他",その他係数,0))))))))) * J$8,1) -> 0.9 | K264: =ROUNDUP(IF($E264="画面",画面係数,IF($E264="帳票",帳票係数,IF($E264="バッチ",バッチ係数,0))) * IF($I264="特高",特高係数,IF($I264="高",高係数,IF($I264="中",中係数,IF($I264="低",低係数,IF($I264="特低",特低係数,0))))) * IF(K$7="SA",要件定義係数,IF(K$7="UI",基本設計係数,IF(K$7="SS",詳細設計係数,IF(K$7="PS/PG/PT",製作係数,IF(K$7="IT",結合テスト係数,IF(K$7="ST",総合テスト係数,IF(K$7="OT",受入支援係数,IF(K$7="RL",移行切替係数,IF(K$7="その他",その他係数,0))))))))) * K$8,1) -> 1 | L264: =ROUNDUP(IF($E264="画面",画面係数,IF($E264="帳票",帳票係数,IF($E264="バッチ",バッチ係数,0))) * IF($I264="特高",特高係数,IF($I264="高",高係数,IF($I264="中",中係数,IF($I264="低",低係数,IF($I264="特低",特低係数,0))))) * IF(L$7="SA",要件定義係数,IF(L$7="UI",基本設計係数,IF(L$7="SS",詳細設計係数,IF(L$7="PS/PG/PT",製作係数,IF(L$7="IT",結合テスト係数,IF(L$7="ST",総合テスト係数,IF(L$7="OT",受入支援係数,IF(L$7="RL",移行切替係数,IF(L$7="その他",その他係数,0))))))))) * L$8,1) -> 1 | M264: =ROUNDUP(IF($E264="画面",画面係数,IF($E264="帳票",帳票係数,IF($E264="バッチ",バッチ係数,0))) * IF($I264="特高",特高係数,IF($I264="高",高係数,IF($I264="中",中係数,IF($I264="低",低係数,IF($I264="特低",特低係数,0))))) * IF(M$7="SA",要件定義係数,IF(M$7="UI",基本設計係数,IF(M$7="SS",詳細設計係数,IF(M$7="PS/PG/PT",製作係数,IF(M$7="IT",結合テスト係数,IF(M$7="ST",総合テスト係数,IF(M$7="OT",受入支援係数,IF(M$7="RL",移行切替係数,IF(M$7="その他",その他係数,0))))))))) * M$8,1) -> 1.8 | N264: =ROUNDUP(IF($E264="画面",画面係数,IF($E264="帳票",帳票係数,IF($E264="バッチ",バッチ係数,0))) * IF($I264="特高",特高係数,IF($I264="高",高係数,IF($I264="中",中係数,IF($I264="低",低係数,IF($I264="特低",特低係数,0))))) * IF(N$7="SA",要件定義係数,IF(N$7="UI",基本設計係数,IF(N$7="SS",詳細設計係数,IF(N$7="PS/PG/PT",製作係数,IF(N$7="IT",結合テスト係数,IF(N$7="ST",総合テスト係数,IF(N$7="OT",受入支援係数,IF(N$7="RL",移行切替係数,IF(N$7="その他",その他係数,0))))))))) * N$8,1) -> 1.1 | O264: =ROUNDUP(IF($E264="画面",画面係数,IF($E264="帳票",帳票係数,IF($E264="バッチ",バッチ係数,0))) * IF($I264="特高",特高係数,IF($I264="高",高係数,IF($I264="中",中係数,IF($I264="低",低係数,IF($I264="特低",特低係数,0))))) * IF(O$7="SA",要件定義係数,IF(O$7="UI",基本設計係数,IF(O$7="SS",詳細設計係数,IF(O$7="PS/PG/PT",製作係数,IF(O$7="IT",結合テスト係数,IF(O$7="ST",総合テスト係数,IF(O$7="OT",受入支援係数,IF(O$7="RL",移行切替係数,IF(O$7="その他",その他係数,0))))))))) * O$8,1) -> 0.8 | P264: =ROUNDUP(IF($E264="画面",画面係数,IF($E264="帳票",帳票係数,IF($E264="バッチ",バッチ係数,0))) * IF($I264="特高",特高係数,IF($I264="高",高係数,IF($I264="中",中係数,IF($I264="低",低係数,IF($I264="特低",特低係数,0))))) * IF(P$7="SA",要件定義係数,IF(P$7="UI",基本設計係数,IF(P$7="SS",詳細設計係数,IF(P$7="PS/PG/PT",製作係数,IF(P$7="IT",結合テスト係数,IF(P$7="ST",総合テスト係数,IF(P$7="OT",受入支援係数,IF(P$7="RL",移行切替係数,IF(P$7="その他",その他係数,0))))))))) * P$8,1) -> 0.3 | Q264: =ROUNDUP(IF($E264="画面",画面係数,IF($E264="帳票",帳票係数,IF($E264="バッチ",バッチ係数,0))) * IF($I264="特高",特高係数,IF($I264="高",高係数,IF($I264="中",中係数,IF($I264="低",低係数,IF($I264="特低",特低係数,0))))) * IF(Q$7="SA",要件定義係数,IF(Q$7="UI",基本設計係数,IF(Q$7="SS",詳細設計係数,IF(Q$7="PS/PG/PT",製作係数,IF(Q$7="IT",結合テスト係数,IF(Q$7="ST",総合テスト係数,IF(Q$7="OT",受入支援係数,IF(Q$7="RL",移行切替係数,IF(Q$7="その他",その他係数,0))))))))) * Q$8,1) -> 0.9 | R264: =ROUNDUP(IF($E264="画面",画面係数,IF($E264="帳票",帳票係数,IF($E264="バッチ",バッチ係数,0))) * IF($I264="特高",特高係数,IF($I264="高",高係数,IF($I264="中",中係数,IF($I264="低",低係数,IF($I264="特低",特低係数,0))))) * IF(R$7="SA",要件定義係数,IF(R$7="UI",基本設計係数,IF(R$7="SS",詳細設計係数,IF(R$7="PS/PG/PT",製作係数,IF(R$7="IT",結合テスト係数,IF(R$7="ST",総合テスト係数,IF(R$7="OT",受入支援係数,IF(R$7="RL",移行切替係数,IF(R$7="その他",その他係数,0))))))))) * R$8,1) -> 0 | T264: =ROUNDUP(SUM(J264:S264)*T$8,1) -> 1.2 | U264: =SUM(J264:T264) -> 9 | V264: =U264/20 -> 0.45 | W264: =((J264*J$9) + (K264*K$9) + (L264*L$9) + (M264*M$9) + (N264*N$9) + (O264*O$9) + (P264*P$9) + (Q264*Q$9) + (R264*R$9) + (S264*S$9) + (T264*T$9))/20 -> 493500 | X264: 各所ごとをやめる
A265: =ROW()-9 -> 256 | B265: バッチ | C265: OF06902B.exe | D265: タンク在庫送信 | E265: バッチ | I265: 高 | J265: =ROUNDUP(IF($E265="画面",画面係数,IF($E265="帳票",帳票係数,IF($E265="バッチ",バッチ係数,0))) * IF($I265="特高",特高係数,IF($I265="高",高係数,IF($I265="中",中係数,IF($I265="低",低係数,IF($I265="特低",特低係数,0))))) * IF(J$7="SA",要件定義係数,IF(J$7="UI",基本設計係数,IF(J$7="SS",詳細設計係数,IF(J$7="PS/PG/PT",製作係数,IF(J$7="IT",結合テスト係数,IF(J$7="ST",総合テスト係数,IF(J$7="OT",受入支援係数,IF(J$7="RL",移行切替係数,IF(J$7="その他",その他係数,0))))))))) * J$8,1) -> 0.9 | K265: =ROUNDUP(IF($E265="画面",画面係数,IF($E265="帳票",帳票係数,IF($E265="バッチ",バッチ係数,0))) * IF($I265="特高",特高係数,IF($I265="高",高係数,IF($I265="中",中係数,IF($I265="低",低係数,IF($I265="特低",特低係数,0))))) * IF(K$7="SA",要件定義係数,IF(K$7="UI",基本設計係数,IF(K$7="SS",詳細設計係数,IF(K$7="PS/PG/PT",製作係数,IF(K$7="IT",結合テスト係数,IF(K$7="ST",総合テスト係数,IF(K$7="OT",受入支援係数,IF(K$7="RL",移行切替係数,IF(K$7="その他",その他係数,0))))))))) * K$8,1) -> 1 | L265: =ROUNDUP(IF($E265="画面",画面係数,IF($E265="帳票",帳票係数,IF($E265="バッチ",バッチ係数,0))) * IF($I265="特高",特高係数,IF($I265="高",高係数,IF($I265="中",中係数,IF($I265="低",低係数,IF($I265="特低",特低係数,0))))) * IF(L$7="SA",要件定義係数,IF(L$7="UI",基本設計係数,IF(L$7="SS",詳細設計係数,IF(L$7="PS/PG/PT",製作係数,IF(L$7="IT",結合テスト係数,IF(L$7="ST",総合テスト係数,IF(L$7="OT",受入支援係数,IF(L$7="RL",移行切替係数,IF(L$7="その他",その他係数,0))))))))) * L$8,1) -> 1 | M265: =ROUNDUP(IF($E265="画面",画面係数,IF($E265="帳票",帳票係数,IF($E265="バッチ",バッチ係数,0))) * IF($I265="特高",特高係数,IF($I265="高",高係数,IF($I265="中",中係数,IF($I265="低",低係数,IF($I265="特低",特低係数,0))))) * IF(M$7="SA",要件定義係数,IF(M$7="UI",基本設計係数,IF(M$7="SS",詳細設計係数,IF(M$7="PS/PG/PT",製作係数,IF(M$7="IT",結合テスト係数,IF(M$7="ST",総合テスト係数,IF(M$7="OT",受入支援係数,IF(M$7="RL",移行切替係数,IF(M$7="その他",その他係数,0))))))))) * M$8,1) -> 1.8 | N265: =ROUNDUP(IF($E265="画面",画面係数,IF($E265="帳票",帳票係数,IF($E265="バッチ",バッチ係数,0))) * IF($I265="特高",特高係数,IF($I265="高",高係数,IF($I265="中",中係数,IF($I265="低",低係数,IF($I265="特低",特低係数,0))))) * IF(N$7="SA",要件定義係数,IF(N$7="UI",基本設計係数,IF(N$7="SS",詳細設計係数,IF(N$7="PS/PG/PT",製作係数,IF(N$7="IT",結合テスト係数,IF(N$7="ST",総合テスト係数,IF(N$7="OT",受入支援係数,IF(N$7="RL",移行切替係数,IF(N$7="その他",その他係数,0))))))))) * N$8,1) -> 1.1 | O265: =ROUNDUP(IF($E265="画面",画面係数,IF($E265="帳票",帳票係数,IF($E265="バッチ",バッチ係数,0))) * IF($I265="特高",特高係数,IF($I265="高",高係数,IF($I265="中",中係数,IF($I265="低",低係数,IF($I265="特低",特低係数,0))))) * IF(O$7="SA",要件定義係数,IF(O$7="UI",基本設計係数,IF(O$7="SS",詳細設計係数,IF(O$7="PS/PG/PT",製作係数,IF(O$7="IT",結合テスト係数,IF(O$7="ST",総合テスト係数,IF(O$7="OT",受入支援係数,IF(O$7="RL",移行切替係数,IF(O$7="その他",その他係数,0))))))))) * O$8,1) -> 0.8 | P265: =ROUNDUP(IF($E265="画面",画面係数,IF($E265="帳票",帳票係数,IF($E265="バッチ",バッチ係数,0))) * IF($I265="特高",特高係数,IF($I265="高",高係数,IF($I265="中",中係数,IF($I265="低",低係数,IF($I265="特低",特低係数,0))))) * IF(P$7="SA",要件定義係数,IF(P$7="UI",基本設計係数,IF(P$7="SS",詳細設計係数,IF(P$7="PS/PG/PT",製作係数,IF(P$7="IT",結合テスト係数,IF(P$7="ST",総合テスト係数,IF(P$7="OT",受入支援係数,IF(P$7="RL",移行切替係数,IF(P$7="その他",その他係数,0))))))))) * P$8,1) -> 0.3 | Q265: =ROUNDUP(IF($E265="画面",画面係数,IF($E265="帳票",帳票係数,IF($E265="バッチ",バッチ係数,0))) * IF($I265="特高",特高係数,IF($I265="高",高係数,IF($I265="中",中係数,IF($I265="低",低係数,IF($I265="特低",特低係数,0))))) * IF(Q$7="SA",要件定義係数,IF(Q$7="UI",基本設計係数,IF(Q$7="SS",詳細設計係数,IF(Q$7="PS/PG/PT",製作係数,IF(Q$7="IT",結合テスト係数,IF(Q$7="ST",総合テスト係数,IF(Q$7="OT",受入支援係数,IF(Q$7="RL",移行切替係数,IF(Q$7="その他",その他係数,0))))))))) * Q$8,1) -> 0.9 | R265: =ROUNDUP(IF($E265="画面",画面係数,IF($E265="帳票",帳票係数,IF($E265="バッチ",バッチ係数,0))) * IF($I265="特高",特高係数,IF($I265="高",高係数,IF($I265="中",中係数,IF($I265="低",低係数,IF($I265="特低",特低係数,0))))) * IF(R$7="SA",要件定義係数,IF(R$7="UI",基本設計係数,IF(R$7="SS",詳細設計係数,IF(R$7="PS/PG/PT",製作係数,IF(R$7="IT",結合テスト係数,IF(R$7="ST",総合テスト係数,IF(R$7="OT",受入支援係数,IF(R$7="RL",移行切替係数,IF(R$7="その他",その他係数,0))))))))) * R$8,1) -> 0 | T265: =ROUNDUP(SUM(J265:S265)*T$8,1) -> 1.2 | U265: =SUM(J265:T265) -> 9 | V265: =U265/20 -> 0.45 | W265: =((J265*J$9) + (K265*K$9) + (L265*L$9) + (M265*M$9) + (N265*N$9) + (O265*O$9) + (P265*P$9) + (Q265*Q$9) + (R265*R$9) + (S265*S$9) + (T265*T$9))/20 -> 493500 | X265: 各所ごとをやめる
A266: =ROW()-9 -> 257 | B266: バッチ | C266: OS00210B.exe | D266: 入出荷指図受信 | E266: バッチ | I266: 高 | J266: =ROUNDUP(IF($E266="画面",画面係数,IF($E266="帳票",帳票係数,IF($E266="バッチ",バッチ係数,0))) * IF($I266="特高",特高係数,IF($I266="高",高係数,IF($I266="中",中係数,IF($I266="低",低係数,IF($I266="特低",特低係数,0))))) * IF(J$7="SA",要件定義係数,IF(J$7="UI",基本設計係数,IF(J$7="SS",詳細設計係数,IF(J$7="PS/PG/PT",製作係数,IF(J$7="IT",結合テスト係数,IF(J$7="ST",総合テスト係数,IF(J$7="OT",受入支援係数,IF(J$7="RL",移行切替係数,IF(J$7="その他",その他係数,0))))))))) * J$8,1) -> 0.9 | K266: =ROUNDUP(IF($E266="画面",画面係数,IF($E266="帳票",帳票係数,IF($E266="バッチ",バッチ係数,0))) * IF($I266="特高",特高係数,IF($I266="高",高係数,IF($I266="中",中係数,IF($I266="低",低係数,IF($I266="特低",特低係数,0))))) * IF(K$7="SA",要件定義係数,IF(K$7="UI",基本設計係数,IF(K$7="SS",詳細設計係数,IF(K$7="PS/PG/PT",製作係数,IF(K$7="IT",結合テスト係数,IF(K$7="ST",総合テスト係数,IF(K$7="OT",受入支援係数,IF(K$7="RL",移行切替係数,IF(K$7="その他",その他係数,0))))))))) * K$8,1) -> 1 | L266: =ROUNDUP(IF($E266="画面",画面係数,IF($E266="帳票",帳票係数,IF($E266="バッチ",バッチ係数,0))) * IF($I266="特高",特高係数,IF($I266="高",高係数,IF($I266="中",中係数,IF($I266="低",低係数,IF($I266="特低",特低係数,0))))) * IF(L$7="SA",要件定義係数,IF(L$7="UI",基本設計係数,IF(L$7="SS",詳細設計係数,IF(L$7="PS/PG/PT",製作係数,IF(L$7="IT",結合テスト係数,IF(L$7="ST",総合テスト係数,IF(L$7="OT",受入支援係数,IF(L$7="RL",移行切替係数,IF(L$7="その他",その他係数,0))))))))) * L$8,1) -> 1 | M266: =ROUNDUP(IF($E266="画面",画面係数,IF($E266="帳票",帳票係数,IF($E266="バッチ",バッチ係数,0))) * IF($I266="特高",特高係数,IF($I266="高",高係数,IF($I266="中",中係数,IF($I266="低",低係数,IF($I266="特低",特低係数,0))))) * IF(M$7="SA",要件定義係数,IF(M$7="UI",基本設計係数,IF(M$7="SS",詳細設計係数,IF(M$7="PS/PG/PT",製作係数,IF(M$7="IT",結合テスト係数,IF(M$7="ST",総合テスト係数,IF(M$7="OT",受入支援係数,IF(M$7="RL",移行切替係数,IF(M$7="その他",その他係数,0))))))))) * M$8,1) -> 1.8 | N266: =ROUNDUP(IF($E266="画面",画面係数,IF($E266="帳票",帳票係数,IF($E266="バッチ",バッチ係数,0))) * IF($I266="特高",特高係数,IF($I266="高",高係数,IF($I266="中",中係数,IF($I266="低",低係数,IF($I266="特低",特低係数,0))))) * IF(N$7="SA",要件定義係数,IF(N$7="UI",基本設計係数,IF(N$7="SS",詳細設計係数,IF(N$7="PS/PG/PT",製作係数,IF(N$7="IT",結合テスト係数,IF(N$7="ST",総合テスト係数,IF(N$7="OT",受入支援係数,IF(N$7="RL",移行切替係数,IF(N$7="その他",その他係数,0))))))))) * N$8,1) -> 1.1 | O266: =ROUNDUP(IF($E266="画面",画面係数,IF($E266="帳票",帳票係数,IF($E266="バッチ",バッチ係数,0))) * IF($I266="特高",特高係数,IF($I266="高",高係数,IF($I266="中",中係数,IF($I266="低",低係数,IF($I266="特低",特低係数,0))))) * IF(O$7="SA",要件定義係数,IF(O$7="UI",基本設計係数,IF(O$7="SS",詳細設計係数,IF(O$7="PS/PG/PT",製作係数,IF(O$7="IT",結合テスト係数,IF(O$7="ST",総合テスト係数,IF(O$7="OT",受入支援係数,IF(O$7="RL",移行切替係数,IF(O$7="その他",その他係数,0))))))))) * O$8,1) -> 0.8 | P266: =ROUNDUP(IF($E266="画面",画面係数,IF($E266="帳票",帳票係数,IF($E266="バッチ",バッチ係数,0))) * IF($I266="特高",特高係数,IF($I266="高",高係数,IF($I266="中",中係数,IF($I266="低",低係数,IF($I266="特低",特低係数,0))))) * IF(P$7="SA",要件定義係数,IF(P$7="UI",基本設計係数,IF(P$7="SS",詳細設計係数,IF(P$7="PS/PG/PT",製作係数,IF(P$7="IT",結合テスト係数,IF(P$7="ST",総合テスト係数,IF(P$7="OT",受入支援係数,IF(P$7="RL",移行切替係数,IF(P$7="その他",その他係数,0))))))))) * P$8,1) -> 0.3 | Q266: =ROUNDUP(IF($E266="画面",画面係数,IF($E266="帳票",帳票係数,IF($E266="バッチ",バッチ係数,0))) * IF($I266="特高",特高係数,IF($I266="高",高係数,IF($I266="中",中係数,IF($I266="低",低係数,IF($I266="特低",特低係数,0))))) * IF(Q$7="SA",要件定義係数,IF(Q$7="UI",基本設計係数,IF(Q$7="SS",詳細設計係数,IF(Q$7="PS/PG/PT",製作係数,IF(Q$7="IT",結合テスト係数,IF(Q$7="ST",総合テスト係数,IF(Q$7="OT",受入支援係数,IF(Q$7="RL",移行切替係数,IF(Q$7="その他",その他係数,0))))))))) * Q$8,1) -> 0.9 | R266: =ROUNDUP(IF($E266="画面",画面係数,IF($E266="帳票",帳票係数,IF($E266="バッチ",バッチ係数,0))) * IF($I266="特高",特高係数,IF($I266="高",高係数,IF($I266="中",中係数,IF($I266="低",低係数,IF($I266="特低",特低係数,0))))) * IF(R$7="SA",要件定義係数,IF(R$7="UI",基本設計係数,IF(R$7="SS",詳細設計係数,IF(R$7="PS/PG/PT",製作係数,IF(R$7="IT",結合テスト係数,IF(R$7="ST",総合テスト係数,IF(R$7="OT",受入支援係数,IF(R$7="RL",移行切替係数,IF(R$7="その他",その他係数,0))))))))) * R$8,1) -> 0 | T266: =ROUNDUP(SUM(J266:S266)*T$8,1) -> 1.2 | U266: =SUM(J266:T266) -> 9 | V266: =U266/20 -> 0.45 | W266: =((J266*J$9) + (K266*K$9) + (L266*L$9) + (M266*M$9) + (N266*N$9) + (O266*O$9) + (P266*P$9) + (Q266*Q$9) + (R266*R$9) + (S266*S$9) + (T266*T$9))/20 -> 493500 | X266: 各所ごとをやめる
A267: =ROW()-9 -> 258 | B267: バッチ | C267: OS00211R.exe | D267: SAP帳票印刷１ | E267: バッチ | I267: 高 | J267: =ROUNDUP(IF($E267="画面",画面係数,IF($E267="帳票",帳票係数,IF($E267="バッチ",バッチ係数,0))) * IF($I267="特高",特高係数,IF($I267="高",高係数,IF($I267="中",中係数,IF($I267="低",低係数,IF($I267="特低",特低係数,0))))) * IF(J$7="SA",要件定義係数,IF(J$7="UI",基本設計係数,IF(J$7="SS",詳細設計係数,IF(J$7="PS/PG/PT",製作係数,IF(J$7="IT",結合テスト係数,IF(J$7="ST",総合テスト係数,IF(J$7="OT",受入支援係数,IF(J$7="RL",移行切替係数,IF(J$7="その他",その他係数,0))))))))) * J$8,1) -> 0.9 | K267: =ROUNDUP(IF($E267="画面",画面係数,IF($E267="帳票",帳票係数,IF($E267="バッチ",バッチ係数,0))) * IF($I267="特高",特高係数,IF($I267="高",高係数,IF($I267="中",中係数,IF($I267="低",低係数,IF($I267="特低",特低係数,0))))) * IF(K$7="SA",要件定義係数,IF(K$7="UI",基本設計係数,IF(K$7="SS",詳細設計係数,IF(K$7="PS/PG/PT",製作係数,IF(K$7="IT",結合テスト係数,IF(K$7="ST",総合テスト係数,IF(K$7="OT",受入支援係数,IF(K$7="RL",移行切替係数,IF(K$7="その他",その他係数,0))))))))) * K$8,1) -> 1 | L267: =ROUNDUP(IF($E267="画面",画面係数,IF($E267="帳票",帳票係数,IF($E267="バッチ",バッチ係数,0))) * IF($I267="特高",特高係数,IF($I267="高",高係数,IF($I267="中",中係数,IF($I267="低",低係数,IF($I267="特低",特低係数,0))))) * IF(L$7="SA",要件定義係数,IF(L$7="UI",基本設計係数,IF(L$7="SS",詳細設計係数,IF(L$7="PS/PG/PT",製作係数,IF(L$7="IT",結合テスト係数,IF(L$7="ST",総合テスト係数,IF(L$7="OT",受入支援係数,IF(L$7="RL",移行切替係数,IF(L$7="その他",その他係数,0))))))))) * L$8,1) -> 1 | M267: =ROUNDUP(IF($E267="画面",画面係数,IF($E267="帳票",帳票係数,IF($E267="バッチ",バッチ係数,0))) * IF($I267="特高",特高係数,IF($I267="高",高係数,IF($I267="中",中係数,IF($I267="低",低係数,IF($I267="特低",特低係数,0))))) * IF(M$7="SA",要件定義係数,IF(M$7="UI",基本設計係数,IF(M$7="SS",詳細設計係数,IF(M$7="PS/PG/PT",製作係数,IF(M$7="IT",結合テスト係数,IF(M$7="ST",総合テスト係数,IF(M$7="OT",受入支援係数,IF(M$7="RL",移行切替係数,IF(M$7="その他",その他係数,0))))))))) * M$8,1) -> 1.8 | N267: =ROUNDUP(IF($E267="画面",画面係数,IF($E267="帳票",帳票係数,IF($E267="バッチ",バッチ係数,0))) * IF($I267="特高",特高係数,IF($I267="高",高係数,IF($I267="中",中係数,IF($I267="低",低係数,IF($I267="特低",特低係数,0))))) * IF(N$7="SA",要件定義係数,IF(N$7="UI",基本設計係数,IF(N$7="SS",詳細設計係数,IF(N$7="PS/PG/PT",製作係数,IF(N$7="IT",結合テスト係数,IF(N$7="ST",総合テスト係数,IF(N$7="OT",受入支援係数,IF(N$7="RL",移行切替係数,IF(N$7="その他",その他係数,0))))))))) * N$8,1) -> 1.1 | O267: =ROUNDUP(IF($E267="画面",画面係数,IF($E267="帳票",帳票係数,IF($E267="バッチ",バッチ係数,0))) * IF($I267="特高",特高係数,IF($I267="高",高係数,IF($I267="中",中係数,IF($I267="低",低係数,IF($I267="特低",特低係数,0))))) * IF(O$7="SA",要件定義係数,IF(O$7="UI",基本設計係数,IF(O$7="SS",詳細設計係数,IF(O$7="PS/PG/PT",製作係数,IF(O$7="IT",結合テスト係数,IF(O$7="ST",総合テスト係数,IF(O$7="OT",受入支援係数,IF(O$7="RL",移行切替係数,IF(O$7="その他",その他係数,0))))))))) * O$8,1) -> 0.8 | P267: =ROUNDUP(IF($E267="画面",画面係数,IF($E267="帳票",帳票係数,IF($E267="バッチ",バッチ係数,0))) * IF($I267="特高",特高係数,IF($I267="高",高係数,IF($I267="中",中係数,IF($I267="低",低係数,IF($I267="特低",特低係数,0))))) * IF(P$7="SA",要件定義係数,IF(P$7="UI",基本設計係数,IF(P$7="SS",詳細設計係数,IF(P$7="PS/PG/PT",製作係数,IF(P$7="IT",結合テスト係数,IF(P$7="ST",総合テスト係数,IF(P$7="OT",受入支援係数,IF(P$7="RL",移行切替係数,IF(P$7="その他",その他係数,0))))))))) * P$8,1) -> 0.3 | Q267: =ROUNDUP(IF($E267="画面",画面係数,IF($E267="帳票",帳票係数,IF($E267="バッチ",バッチ係数,0))) * IF($I267="特高",特高係数,IF($I267="高",高係数,IF($I267="中",中係数,IF($I267="低",低係数,IF($I267="特低",特低係数,0))))) * IF(Q$7="SA",要件定義係数,IF(Q$7="UI",基本設計係数,IF(Q$7="SS",詳細設計係数,IF(Q$7="PS/PG/PT",製作係数,IF(Q$7="IT",結合テスト係数,IF(Q$7="ST",総合テスト係数,IF(Q$7="OT",受入支援係数,IF(Q$7="RL",移行切替係数,IF(Q$7="その他",その他係数,0))))))))) * Q$8,1) -> 0.9 | R267: =ROUNDUP(IF($E267="画面",画面係数,IF($E267="帳票",帳票係数,IF($E267="バッチ",バッチ係数,0))) * IF($I267="特高",特高係数,IF($I267="高",高係数,IF($I267="中",中係数,IF($I267="低",低係数,IF($I267="特低",特低係数,0))))) * IF(R$7="SA",要件定義係数,IF(R$7="UI",基本設計係数,IF(R$7="SS",詳細設計係数,IF(R$7="PS/PG/PT",製作係数,IF(R$7="IT",結合テスト係数,IF(R$7="ST",総合テスト係数,IF(R$7="OT",受入支援係数,IF(R$7="RL",移行切替係数,IF(R$7="その他",その他係数,0))))))))) * R$8,1) -> 0 | T267: =ROUNDUP(SUM(J267:S267)*T$8,1) -> 1.2 | U267: =SUM(J267:T267) -> 9 | V267: =U267/20 -> 0.45 | W267: =((J267*J$9) + (K267*K$9) + (L267*L$9) + (M267*M$9) + (N267*N$9) + (O267*O$9) + (P267*P$9) + (Q267*Q$9) + (R267*R$9) + (S267*S$9) + (T267*T$9))/20 -> 493500 | X267: 各所ごとをやめる
A268: =ROW()-9 -> 259 | B268: バッチ | C268: OS00212R.exe | D268: SAP帳票印刷２ | E268: バッチ | I268: 高 | J268: =ROUNDUP(IF($E268="画面",画面係数,IF($E268="帳票",帳票係数,IF($E268="バッチ",バッチ係数,0))) * IF($I268="特高",特高係数,IF($I268="高",高係数,IF($I268="中",中係数,IF($I268="低",低係数,IF($I268="特低",特低係数,0))))) * IF(J$7="SA",要件定義係数,IF(J$7="UI",基本設計係数,IF(J$7="SS",詳細設計係数,IF(J$7="PS/PG/PT",製作係数,IF(J$7="IT",結合テスト係数,IF(J$7="ST",総合テスト係数,IF(J$7="OT",受入支援係数,IF(J$7="RL",移行切替係数,IF(J$7="その他",その他係数,0))))))))) * J$8,1) -> 0.9 | K268: =ROUNDUP(IF($E268="画面",画面係数,IF($E268="帳票",帳票係数,IF($E268="バッチ",バッチ係数,0))) * IF($I268="特高",特高係数,IF($I268="高",高係数,IF($I268="中",中係数,IF($I268="低",低係数,IF($I268="特低",特低係数,0))))) * IF(K$7="SA",要件定義係数,IF(K$7="UI",基本設計係数,IF(K$7="SS",詳細設計係数,IF(K$7="PS/PG/PT",製作係数,IF(K$7="IT",結合テスト係数,IF(K$7="ST",総合テスト係数,IF(K$7="OT",受入支援係数,IF(K$7="RL",移行切替係数,IF(K$7="その他",その他係数,0))))))))) * K$8,1) -> 1 | L268: =ROUNDUP(IF($E268="画面",画面係数,IF($E268="帳票",帳票係数,IF($E268="バッチ",バッチ係数,0))) * IF($I268="特高",特高係数,IF($I268="高",高係数,IF($I268="中",中係数,IF($I268="低",低係数,IF($I268="特低",特低係数,0))))) * IF(L$7="SA",要件定義係数,IF(L$7="UI",基本設計係数,IF(L$7="SS",詳細設計係数,IF(L$7="PS/PG/PT",製作係数,IF(L$7="IT",結合テスト係数,IF(L$7="ST",総合テスト係数,IF(L$7="OT",受入支援係数,IF(L$7="RL",移行切替係数,IF(L$7="その他",その他係数,0))))))))) * L$8,1) -> 1 | M268: =ROUNDUP(IF($E268="画面",画面係数,IF($E268="帳票",帳票係数,IF($E268="バッチ",バッチ係数,0))) * IF($I268="特高",特高係数,IF($I268="高",高係数,IF($I268="中",中係数,IF($I268="低",低係数,IF($I268="特低",特低係数,0))))) * IF(M$7="SA",要件定義係数,IF(M$7="UI",基本設計係数,IF(M$7="SS",詳細設計係数,IF(M$7="PS/PG/PT",製作係数,IF(M$7="IT",結合テスト係数,IF(M$7="ST",総合テスト係数,IF(M$7="OT",受入支援係数,IF(M$7="RL",移行切替係数,IF(M$7="その他",その他係数,0))))))))) * M$8,1) -> 1.8 | N268: =ROUNDUP(IF($E268="画面",画面係数,IF($E268="帳票",帳票係数,IF($E268="バッチ",バッチ係数,0))) * IF($I268="特高",特高係数,IF($I268="高",高係数,IF($I268="中",中係数,IF($I268="低",低係数,IF($I268="特低",特低係数,0))))) * IF(N$7="SA",要件定義係数,IF(N$7="UI",基本設計係数,IF(N$7="SS",詳細設計係数,IF(N$7="PS/PG/PT",製作係数,IF(N$7="IT",結合テスト係数,IF(N$7="ST",総合テスト係数,IF(N$7="OT",受入支援係数,IF(N$7="RL",移行切替係数,IF(N$7="その他",その他係数,0))))))))) * N$8,1) -> 1.1 | O268: =ROUNDUP(IF($E268="画面",画面係数,IF($E268="帳票",帳票係数,IF($E268="バッチ",バッチ係数,0))) * IF($I268="特高",特高係数,IF($I268="高",高係数,IF($I268="中",中係数,IF($I268="低",低係数,IF($I268="特低",特低係数,0))))) * IF(O$7="SA",要件定義係数,IF(O$7="UI",基本設計係数,IF(O$7="SS",詳細設計係数,IF(O$7="PS/PG/PT",製作係数,IF(O$7="IT",結合テスト係数,IF(O$7="ST",総合テスト係数,IF(O$7="OT",受入支援係数,IF(O$7="RL",移行切替係数,IF(O$7="その他",その他係数,0))))))))) * O$8,1) -> 0.8 | P268: =ROUNDUP(IF($E268="画面",画面係数,IF($E268="帳票",帳票係数,IF($E268="バッチ",バッチ係数,0))) * IF($I268="特高",特高係数,IF($I268="高",高係数,IF($I268="中",中係数,IF($I268="低",低係数,IF($I268="特低",特低係数,0))))) * IF(P$7="SA",要件定義係数,IF(P$7="UI",基本設計係数,IF(P$7="SS",詳細設計係数,IF(P$7="PS/PG/PT",製作係数,IF(P$7="IT",結合テスト係数,IF(P$7="ST",総合テスト係数,IF(P$7="OT",受入支援係数,IF(P$7="RL",移行切替係数,IF(P$7="その他",その他係数,0))))))))) * P$8,1) -> 0.3 | Q268: =ROUNDUP(IF($E268="画面",画面係数,IF($E268="帳票",帳票係数,IF($E268="バッチ",バッチ係数,0))) * IF($I268="特高",特高係数,IF($I268="高",高係数,IF($I268="中",中係数,IF($I268="低",低係数,IF($I268="特低",特低係数,0))))) * IF(Q$7="SA",要件定義係数,IF(Q$7="UI",基本設計係数,IF(Q$7="SS",詳細設計係数,IF(Q$7="PS/PG/PT",製作係数,IF(Q$7="IT",結合テスト係数,IF(Q$7="ST",総合テスト係数,IF(Q$7="OT",受入支援係数,IF(Q$7="RL",移行切替係数,IF(Q$7="その他",その他係数,0))))))))) * Q$8,1) -> 0.9 | R268: =ROUNDUP(IF($E268="画面",画面係数,IF($E268="帳票",帳票係数,IF($E268="バッチ",バッチ係数,0))) * IF($I268="特高",特高係数,IF($I268="高",高係数,IF($I268="中",中係数,IF($I268="低",低係数,IF($I268="特低",特低係数,0))))) * IF(R$7="SA",要件定義係数,IF(R$7="UI",基本設計係数,IF(R$7="SS",詳細設計係数,IF(R$7="PS/PG/PT",製作係数,IF(R$7="IT",結合テスト係数,IF(R$7="ST",総合テスト係数,IF(R$7="OT",受入支援係数,IF(R$7="RL",移行切替係数,IF(R$7="その他",その他係数,0))))))))) * R$8,1) -> 0 | T268: =ROUNDUP(SUM(J268:S268)*T$8,1) -> 1.2 | U268: =SUM(J268:T268) -> 9 | V268: =U268/20 -> 0.45 | W268: =((J268*J$9) + (K268*K$9) + (L268*L$9) + (M268*M$9) + (N268*N$9) + (O268*O$9) + (P268*P$9) + (Q268*Q$9) + (R268*R$9) + (S268*S$9) + (T268*T$9))/20 -> 493500 | X268: 各所ごとをやめる
A269: =ROW()-9 -> 260 | B269: バッチ | C269: OS00213R.exe | D269: SAP帳票印刷３ | E269: バッチ | I269: 高 | J269: =ROUNDUP(IF($E269="画面",画面係数,IF($E269="帳票",帳票係数,IF($E269="バッチ",バッチ係数,0))) * IF($I269="特高",特高係数,IF($I269="高",高係数,IF($I269="中",中係数,IF($I269="低",低係数,IF($I269="特低",特低係数,0))))) * IF(J$7="SA",要件定義係数,IF(J$7="UI",基本設計係数,IF(J$7="SS",詳細設計係数,IF(J$7="PS/PG/PT",製作係数,IF(J$7="IT",結合テスト係数,IF(J$7="ST",総合テスト係数,IF(J$7="OT",受入支援係数,IF(J$7="RL",移行切替係数,IF(J$7="その他",その他係数,0))))))))) * J$8,1) -> 0.9 | K269: =ROUNDUP(IF($E269="画面",画面係数,IF($E269="帳票",帳票係数,IF($E269="バッチ",バッチ係数,0))) * IF($I269="特高",特高係数,IF($I269="高",高係数,IF($I269="中",中係数,IF($I269="低",低係数,IF($I269="特低",特低係数,0))))) * IF(K$7="SA",要件定義係数,IF(K$7="UI",基本設計係数,IF(K$7="SS",詳細設計係数,IF(K$7="PS/PG/PT",製作係数,IF(K$7="IT",結合テスト係数,IF(K$7="ST",総合テスト係数,IF(K$7="OT",受入支援係数,IF(K$7="RL",移行切替係数,IF(K$7="その他",その他係数,0))))))))) * K$8,1) -> 1 | L269: =ROUNDUP(IF($E269="画面",画面係数,IF($E269="帳票",帳票係数,IF($E269="バッチ",バッチ係数,0))) * IF($I269="特高",特高係数,IF($I269="高",高係数,IF($I269="中",中係数,IF($I269="低",低係数,IF($I269="特低",特低係数,0))))) * IF(L$7="SA",要件定義係数,IF(L$7="UI",基本設計係数,IF(L$7="SS",詳細設計係数,IF(L$7="PS/PG/PT",製作係数,IF(L$7="IT",結合テスト係数,IF(L$7="ST",総合テスト係数,IF(L$7="OT",受入支援係数,IF(L$7="RL",移行切替係数,IF(L$7="その他",その他係数,0))))))))) * L$8,1) -> 1 | M269: =ROUNDUP(IF($E269="画面",画面係数,IF($E269="帳票",帳票係数,IF($E269="バッチ",バッチ係数,0))) * IF($I269="特高",特高係数,IF($I269="高",高係数,IF($I269="中",中係数,IF($I269="低",低係数,IF($I269="特低",特低係数,0))))) * IF(M$7="SA",要件定義係数,IF(M$7="UI",基本設計係数,IF(M$7="SS",詳細設計係数,IF(M$7="PS/PG/PT",製作係数,IF(M$7="IT",結合テスト係数,IF(M$7="ST",総合テスト係数,IF(M$7="OT",受入支援係数,IF(M$7="RL",移行切替係数,IF(M$7="その他",その他係数,0))))))))) * M$8,1) -> 1.8 | N269: =ROUNDUP(IF($E269="画面",画面係数,IF($E269="帳票",帳票係数,IF($E269="バッチ",バッチ係数,0))) * IF($I269="特高",特高係数,IF($I269="高",高係数,IF($I269="中",中係数,IF($I269="低",低係数,IF($I269="特低",特低係数,0))))) * IF(N$7="SA",要件定義係数,IF(N$7="UI",基本設計係数,IF(N$7="SS",詳細設計係数,IF(N$7="PS/PG/PT",製作係数,IF(N$7="IT",結合テスト係数,IF(N$7="ST",総合テスト係数,IF(N$7="OT",受入支援係数,IF(N$7="RL",移行切替係数,IF(N$7="その他",その他係数,0))))))))) * N$8,1) -> 1.1 | O269: =ROUNDUP(IF($E269="画面",画面係数,IF($E269="帳票",帳票係数,IF($E269="バッチ",バッチ係数,0))) * IF($I269="特高",特高係数,IF($I269="高",高係数,IF($I269="中",中係数,IF($I269="低",低係数,IF($I269="特低",特低係数,0))))) * IF(O$7="SA",要件定義係数,IF(O$7="UI",基本設計係数,IF(O$7="SS",詳細設計係数,IF(O$7="PS/PG/PT",製作係数,IF(O$7="IT",結合テスト係数,IF(O$7="ST",総合テスト係数,IF(O$7="OT",受入支援係数,IF(O$7="RL",移行切替係数,IF(O$7="その他",その他係数,0))))))))) * O$8,1) -> 0.8 | P269: =ROUNDUP(IF($E269="画面",画面係数,IF($E269="帳票",帳票係数,IF($E269="バッチ",バッチ係数,0))) * IF($I269="特高",特高係数,IF($I269="高",高係数,IF($I269="中",中係数,IF($I269="低",低係数,IF($I269="特低",特低係数,0))))) * IF(P$7="SA",要件定義係数,IF(P$7="UI",基本設計係数,IF(P$7="SS",詳細設計係数,IF(P$7="PS/PG/PT",製作係数,IF(P$7="IT",結合テスト係数,IF(P$7="ST",総合テスト係数,IF(P$7="OT",受入支援係数,IF(P$7="RL",移行切替係数,IF(P$7="その他",その他係数,0))))))))) * P$8,1) -> 0.3 | Q269: =ROUNDUP(IF($E269="画面",画面係数,IF($E269="帳票",帳票係数,IF($E269="バッチ",バッチ係数,0))) * IF($I269="特高",特高係数,IF($I269="高",高係数,IF($I269="中",中係数,IF($I269="低",低係数,IF($I269="特低",特低係数,0))))) * IF(Q$7="SA",要件定義係数,IF(Q$7="UI",基本設計係数,IF(Q$7="SS",詳細設計係数,IF(Q$7="PS/PG/PT",製作係数,IF(Q$7="IT",結合テスト係数,IF(Q$7="ST",総合テスト係数,IF(Q$7="OT",受入支援係数,IF(Q$7="RL",移行切替係数,IF(Q$7="その他",その他係数,0))))))))) * Q$8,1) -> 0.9 | R269: =ROUNDUP(IF($E269="画面",画面係数,IF($E269="帳票",帳票係数,IF($E269="バッチ",バッチ係数,0))) * IF($I269="特高",特高係数,IF($I269="高",高係数,IF($I269="中",中係数,IF($I269="低",低係数,IF($I269="特低",特低係数,0))))) * IF(R$7="SA",要件定義係数,IF(R$7="UI",基本設計係数,IF(R$7="SS",詳細設計係数,IF(R$7="PS/PG/PT",製作係数,IF(R$7="IT",結合テスト係数,IF(R$7="ST",総合テスト係数,IF(R$7="OT",受入支援係数,IF(R$7="RL",移行切替係数,IF(R$7="その他",その他係数,0))))))))) * R$8,1) -> 0 | T269: =ROUNDUP(SUM(J269:S269)*T$8,1) -> 1.2 | U269: =SUM(J269:T269) -> 9 | V269: =U269/20 -> 0.45 | W269: =((J269*J$9) + (K269*K$9) + (L269*L$9) + (M269*M$9) + (N269*N$9) + (O269*O$9) + (P269*P$9) + (Q269*Q$9) + (R269*R$9) + (S269*S$9) + (T269*T$9))/20 -> 493500 | X269: 各所ごとをやめる
A270: =ROW()-9 -> 261 | B270: バッチ | C270: OS00214R.exe | D270: SAP帳票印刷４ | E270: バッチ | I270: 高 | J270: =ROUNDUP(IF($E270="画面",画面係数,IF($E270="帳票",帳票係数,IF($E270="バッチ",バッチ係数,0))) * IF($I270="特高",特高係数,IF($I270="高",高係数,IF($I270="中",中係数,IF($I270="低",低係数,IF($I270="特低",特低係数,0))))) * IF(J$7="SA",要件定義係数,IF(J$7="UI",基本設計係数,IF(J$7="SS",詳細設計係数,IF(J$7="PS/PG/PT",製作係数,IF(J$7="IT",結合テスト係数,IF(J$7="ST",総合テスト係数,IF(J$7="OT",受入支援係数,IF(J$7="RL",移行切替係数,IF(J$7="その他",その他係数,0))))))))) * J$8,1) -> 0.9 | K270: =ROUNDUP(IF($E270="画面",画面係数,IF($E270="帳票",帳票係数,IF($E270="バッチ",バッチ係数,0))) * IF($I270="特高",特高係数,IF($I270="高",高係数,IF($I270="中",中係数,IF($I270="低",低係数,IF($I270="特低",特低係数,0))))) * IF(K$7="SA",要件定義係数,IF(K$7="UI",基本設計係数,IF(K$7="SS",詳細設計係数,IF(K$7="PS/PG/PT",製作係数,IF(K$7="IT",結合テスト係数,IF(K$7="ST",総合テスト係数,IF(K$7="OT",受入支援係数,IF(K$7="RL",移行切替係数,IF(K$7="その他",その他係数,0))))))))) * K$8,1) -> 1 | L270: =ROUNDUP(IF($E270="画面",画面係数,IF($E270="帳票",帳票係数,IF($E270="バッチ",バッチ係数,0))) * IF($I270="特高",特高係数,IF($I270="高",高係数,IF($I270="中",中係数,IF($I270="低",低係数,IF($I270="特低",特低係数,0))))) * IF(L$7="SA",要件定義係数,IF(L$7="UI",基本設計係数,IF(L$7="SS",詳細設計係数,IF(L$7="PS/PG/PT",製作係数,IF(L$7="IT",結合テスト係数,IF(L$7="ST",総合テスト係数,IF(L$7="OT",受入支援係数,IF(L$7="RL",移行切替係数,IF(L$7="その他",その他係数,0))))))))) * L$8,1) -> 1 | M270: =ROUNDUP(IF($E270="画面",画面係数,IF($E270="帳票",帳票係数,IF($E270="バッチ",バッチ係数,0))) * IF($I270="特高",特高係数,IF($I270="高",高係数,IF($I270="中",中係数,IF($I270="低",低係数,IF($I270="特低",特低係数,0))))) * IF(M$7="SA",要件定義係数,IF(M$7="UI",基本設計係数,IF(M$7="SS",詳細設計係数,IF(M$7="PS/PG/PT",製作係数,IF(M$7="IT",結合テスト係数,IF(M$7="ST",総合テスト係数,IF(M$7="OT",受入支援係数,IF(M$7="RL",移行切替係数,IF(M$7="その他",その他係数,0))))))))) * M$8,1) -> 1.8 | N270: =ROUNDUP(IF($E270="画面",画面係数,IF($E270="帳票",帳票係数,IF($E270="バッチ",バッチ係数,0))) * IF($I270="特高",特高係数,IF($I270="高",高係数,IF($I270="中",中係数,IF($I270="低",低係数,IF($I270="特低",特低係数,0))))) * IF(N$7="SA",要件定義係数,IF(N$7="UI",基本設計係数,IF(N$7="SS",詳細設計係数,IF(N$7="PS/PG/PT",製作係数,IF(N$7="IT",結合テスト係数,IF(N$7="ST",総合テスト係数,IF(N$7="OT",受入支援係数,IF(N$7="RL",移行切替係数,IF(N$7="その他",その他係数,0))))))))) * N$8,1) -> 1.1 | O270: =ROUNDUP(IF($E270="画面",画面係数,IF($E270="帳票",帳票係数,IF($E270="バッチ",バッチ係数,0))) * IF($I270="特高",特高係数,IF($I270="高",高係数,IF($I270="中",中係数,IF($I270="低",低係数,IF($I270="特低",特低係数,0))))) * IF(O$7="SA",要件定義係数,IF(O$7="UI",基本設計係数,IF(O$7="SS",詳細設計係数,IF(O$7="PS/PG/PT",製作係数,IF(O$7="IT",結合テスト係数,IF(O$7="ST",総合テスト係数,IF(O$7="OT",受入支援係数,IF(O$7="RL",移行切替係数,IF(O$7="その他",その他係数,0))))))))) * O$8,1) -> 0.8 | P270: =ROUNDUP(IF($E270="画面",画面係数,IF($E270="帳票",帳票係数,IF($E270="バッチ",バッチ係数,0))) * IF($I270="特高",特高係数,IF($I270="高",高係数,IF($I270="中",中係数,IF($I270="低",低係数,IF($I270="特低",特低係数,0))))) * IF(P$7="SA",要件定義係数,IF(P$7="UI",基本設計係数,IF(P$7="SS",詳細設計係数,IF(P$7="PS/PG/PT",製作係数,IF(P$7="IT",結合テスト係数,IF(P$7="ST",総合テスト係数,IF(P$7="OT",受入支援係数,IF(P$7="RL",移行切替係数,IF(P$7="その他",その他係数,0))))))))) * P$8,1) -> 0.3 | Q270: =ROUNDUP(IF($E270="画面",画面係数,IF($E270="帳票",帳票係数,IF($E270="バッチ",バッチ係数,0))) * IF($I270="特高",特高係数,IF($I270="高",高係数,IF($I270="中",中係数,IF($I270="低",低係数,IF($I270="特低",特低係数,0))))) * IF(Q$7="SA",要件定義係数,IF(Q$7="UI",基本設計係数,IF(Q$7="SS",詳細設計係数,IF(Q$7="PS/PG/PT",製作係数,IF(Q$7="IT",結合テスト係数,IF(Q$7="ST",総合テスト係数,IF(Q$7="OT",受入支援係数,IF(Q$7="RL",移行切替係数,IF(Q$7="その他",その他係数,0))))))))) * Q$8,1) -> 0.9 | R270: =ROUNDUP(IF($E270="画面",画面係数,IF($E270="帳票",帳票係数,IF($E270="バッチ",バッチ係数,0))) * IF($I270="特高",特高係数,IF($I270="高",高係数,IF($I270="中",中係数,IF($I270="低",低係数,IF($I270="特低",特低係数,0))))) * IF(R$7="SA",要件定義係数,IF(R$7="UI",基本設計係数,IF(R$7="SS",詳細設計係数,IF(R$7="PS/PG/PT",製作係数,IF(R$7="IT",結合テスト係数,IF(R$7="ST",総合テスト係数,IF(R$7="OT",受入支援係数,IF(R$7="RL",移行切替係数,IF(R$7="その他",その他係数,0))))))))) * R$8,1) -> 0 | T270: =ROUNDUP(SUM(J270:S270)*T$8,1) -> 1.2 | U270: =SUM(J270:T270) -> 9 | V270: =U270/20 -> 0.45 | W270: =((J270*J$9) + (K270*K$9) + (L270*L$9) + (M270*M$9) + (N270*N$9) + (O270*O$9) + (P270*P$9) + (Q270*Q$9) + (R270*R$9) + (S270*S$9) + (T270*T$9))/20 -> 493500 | X270: 各所ごとをやめる
... A283: =ROW()-9 -> 274 | B283: バッチ | C283: SO07002B.exe | D283: 自動倉庫システム受信用通信サービス停止 | E283: バッチ | I283: 高 | J283: =ROUNDUP(IF($E283="画面",画面係数,IF($E283="帳票",帳票係数,IF($E283="バッチ",バッチ係数,0))) * IF($I283="特高",特高係数,IF($I283="高",高係数,IF($I283="中",中係数,IF($I283="低",低係数,IF($I283="特低",特低係数,0))))) * IF(J$7="SA",要件定義係数,IF(J$7="UI",基本設計係数,IF(J$7="SS",詳細設計係数,IF(J$7="PS/PG/PT",製作係数,IF(J$7="IT",結合テスト係数,IF(J$7="ST",総合テスト係数,IF(J$7="OT",受入支援係数,IF(J$7="RL",移行切替係数,IF(J$7="その他",その他係数,0))))))))) * J$8,1) -> 0.9 | K283: =ROUNDUP(IF($E283="画面",画面係数,IF($E283="帳票",帳票係数,IF($E283="バッチ",バッチ係数,0))) * IF($I283="特高",特高係数,IF($I283="高",高係数,IF($I283="中",中係数,IF($I283="低",低係数,IF($I283="特低",特低係数,0))))) * IF(K$7="SA",要件定義係数,IF(K$7="UI",基本設計係数,IF(K$7="SS",詳細設計係数,IF(K$7="PS/PG/PT",製作係数,IF(K$7="IT",結合テスト係数,IF(K$7="ST",総合テスト係数,IF(K$7="OT",受入支援係数,IF(K$7="RL",移行切替係数,IF(K$7="その他",その他係数,0))))))))) * K$8,1) -> 1 | L283: =ROUNDUP(IF($E283="画面",画面係数,IF($E283="帳票",帳票係数,IF($E283="バッチ",バッチ係数,0))) * IF($I283="特高",特高係数,IF($I283="高",高係数,IF($I283="中",中係数,IF($I283="低",低係数,IF($I283="特低",特低係数,0))))) * IF(L$7="SA",要件定義係数,IF(L$7="UI",基本設計係数,IF(L$7="SS",詳細設計係数,IF(L$7="PS/PG/PT",製作係数,IF(L$7="IT",結合テスト係数,IF(L$7="ST",総合テスト係数,IF(L$7="OT",受入支援係数,IF(L$7="RL",移行切替係数,IF(L$7="その他",その他係数,0))))))))) * L$8,1) -> 1 | M283: =ROUNDUP(IF($E283="画面",画面係数,IF($E283="帳票",帳票係数,IF($E283="バッチ",バッチ係数,0))) * IF($I283="特高",特高係数,IF($I283="高",高係数,IF($I283="中",中係数,IF($I283="低",低係数,IF($I283="特低",特低係数,0))))) * IF(M$7="SA",要件定義係数,IF(M$7="UI",基本設計係数,IF(M$7="SS",詳細設計係数,IF(M$7="PS/PG/PT",製作係数,IF(M$7="IT",結合テスト係数,IF(M$7="ST",総合テスト係数,IF(M$7="OT",受入支援係数,IF(M$7="RL",移行切替係数,IF(M$7="その他",その他係数,0))))))))) * M$8,1) -> 1.8 | N283: =ROUNDUP(IF($E283="画面",画面係数,IF($E283="帳票",帳票係数,IF($E283="バッチ",バッチ係数,0))) * IF($I283="特高",特高係数,IF($I283="高",高係数,IF($I283="中",中係数,IF($I283="低",低係数,IF($I283="特低",特低係数,0))))) * IF(N$7="SA",要件定義係数,IF(N$7="UI",基本設計係数,IF(N$7="SS",詳細設計係数,IF(N$7="PS/PG/PT",製作係数,IF(N$7="IT",結合テスト係数,IF(N$7="ST",総合テスト係数,IF(N$7="OT",受入支援係数,IF(N$7="RL",移行切替係数,IF(N$7="その他",その他係数,0))))))))) * N$8,1) -> 1.1 | O283: =ROUNDUP(IF($E283="画面",画面係数,IF($E283="帳票",帳票係数,IF($E283="バッチ",バッチ係数,0))) * IF($I283="特高",特高係数,IF($I283="高",高係数,IF($I283="中",中係数,IF($I283="低",低係数,IF($I283="特低",特低係数,0))))) * IF(O$7="SA",要件定義係数,IF(O$7="UI",基本設計係数,IF(O$7="SS",詳細設計係数,IF(O$7="PS/PG/PT",製作係数,IF(O$7="IT",結合テスト係数,IF(O$7="ST",総合テスト係数,IF(O$7="OT",受入支援係数,IF(O$7="RL",移行切替係数,IF(O$7="その他",その他係数,0))))))))) * O$8,1) -> 0.8 | P283: =ROUNDUP(IF($E283="画面",画面係数,IF($E283="帳票",帳票係数,IF($E283="バッチ",バッチ係数,0))) * IF($I283="特高",特高係数,IF($I283="高",高係数,IF($I283="中",中係数,IF($I283="低",低係数,IF($I283="特低",特低係数,0))))) * IF(P$7="SA",要件定義係数,IF(P$7="UI",基本設計係数,IF(P$7="SS",詳細設計係数,IF(P$7="PS/PG/PT",製作係数,IF(P$7="IT",結合テスト係数,IF(P$7="ST",総合テスト係数,IF(P$7="OT",受入支援係数,IF(P$7="RL",移行切替係数,IF(P$7="その他",その他係数,0))))))))) * P$8,1) -> 0.3 | Q283: =ROUNDUP(IF($E283="画面",画面係数,IF($E283="帳票",帳票係数,IF($E283="バッチ",バッチ係数,0))) * IF($I283="特高",特高係数,IF($I283="高",高係数,IF($I283="中",中係数,IF($I283="低",低係数,IF($I283="特低",特低係数,0))))) * IF(Q$7="SA",要件定義係数,IF(Q$7="UI",基本設計係数,IF(Q$7="SS",詳細設計係数,IF(Q$7="PS/PG/PT",製作係数,IF(Q$7="IT",結合テスト係数,IF(Q$7="ST",総合テスト係数,IF(Q$7="OT",受入支援係数,IF(Q$7="RL",移行切替係数,IF(Q$7="その他",その他係数,0))))))))) * Q$8,1) -> 0.9 | R283: =ROUNDUP(IF($E283="画面",画面係数,IF($E283="帳票",帳票係数,IF($E283="バッチ",バッチ係数,0))) * IF($I283="特高",特高係数,IF($I283="高",高係数,IF($I283="中",中係数,IF($I283="低",低係数,IF($I283="特低",特低係数,0))))) * IF(R$7="SA",要件定義係数,IF(R$7="UI",基本設計係数,IF(R$7="SS",詳細設計係数,IF(R$7="PS/PG/PT",製作係数,IF(R$7="IT",結合テスト係数,IF(R$7="ST",総合テスト係数,IF(R$7="OT",受入支援係数,IF(R$7="RL",移行切替係数,IF(R$7="その他",その他係数,0))))))))) * R$8,1) -> 0 | T283: =ROUNDUP(SUM(J283:S283)*T$8,1) -> 1.2 | U283: =SUM(J283:T283) -> 9 | V283: =U283/20 -> 0.45 | W283: =((J283*J$9) + (K283*K$9) + (L283*L$9) + (M283*M$9) + (N283*N$9) + (O283*O$9) + (P283*P$9) + (Q283*Q$9) + (R283*R$9) + (S283*S$9) + (T283*T$9))/20 -> 493500 | X283: 各所ごとをやめる
A284: =ROW()-9 -> 275 | B284: バッチ | C284: LogOutPut.exe | D284: ログ出力※通信サーバ次第 | J284: =ROUNDUP(IF($E284="画面",画面係数,IF($E284="帳票",帳票係数,IF($E284="バッチ",バッチ係数,0))) * IF($I284="特高",特高係数,IF($I284="高",高係数,IF($I284="中",中係数,IF($I284="低",低係数,IF($I284="特低",特低係数,0))))) * IF(J$7="SA",要件定義係数,IF(J$7="UI",基本設計係数,IF(J$7="SS",詳細設計係数,IF(J$7="PS/PG/PT",製作係数,IF(J$7="IT",結合テスト係数,IF(J$7="ST",総合テスト係数,IF(J$7="OT",受入支援係数,IF(J$7="RL",移行切替係数,IF(J$7="その他",その他係数,0))))))))) * J$8,1) -> 0 | K284: =ROUNDUP(IF($E284="画面",画面係数,IF($E284="帳票",帳票係数,IF($E284="バッチ",バッチ係数,0))) * IF($I284="特高",特高係数,IF($I284="高",高係数,IF($I284="中",中係数,IF($I284="低",低係数,IF($I284="特低",特低係数,0))))) * IF(K$7="SA",要件定義係数,IF(K$7="UI",基本設計係数,IF(K$7="SS",詳細設計係数,IF(K$7="PS/PG/PT",製作係数,IF(K$7="IT",結合テスト係数,IF(K$7="ST",総合テスト係数,IF(K$7="OT",受入支援係数,IF(K$7="RL",移行切替係数,IF(K$7="その他",その他係数,0))))))))) * K$8,1) -> 0 | L284: =ROUNDUP(IF($E284="画面",画面係数,IF($E284="帳票",帳票係数,IF($E284="バッチ",バッチ係数,0))) * IF($I284="特高",特高係数,IF($I284="高",高係数,IF($I284="中",中係数,IF($I284="低",低係数,IF($I284="特低",特低係数,0))))) * IF(L$7="SA",要件定義係数,IF(L$7="UI",基本設計係数,IF(L$7="SS",詳細設計係数,IF(L$7="PS/PG/PT",製作係数,IF(L$7="IT",結合テスト係数,IF(L$7="ST",総合テスト係数,IF(L$7="OT",受入支援係数,IF(L$7="RL",移行切替係数,IF(L$7="その他",その他係数,0))))))))) * L$8,1) -> 0 | M284: =ROUNDUP(IF($E284="画面",画面係数,IF($E284="帳票",帳票係数,IF($E284="バッチ",バッチ係数,0))) * IF($I284="特高",特高係数,IF($I284="高",高係数,IF($I284="中",中係数,IF($I284="低",低係数,IF($I284="特低",特低係数,0))))) * IF(M$7="SA",要件定義係数,IF(M$7="UI",基本設計係数,IF(M$7="SS",詳細設計係数,IF(M$7="PS/PG/PT",製作係数,IF(M$7="IT",結合テスト係数,IF(M$7="ST",総合テスト係数,IF(M$7="OT",受入支援係数,IF(M$7="RL",移行切替係数,IF(M$7="その他",その他係数,0))))))))) * M$8,1) -> 0 | N284: =ROUNDUP(IF($E284="画面",画面係数,IF($E284="帳票",帳票係数,IF($E284="バッチ",バッチ係数,0))) * IF($I284="特高",特高係数,IF($I284="高",高係数,IF($I284="中",中係数,IF($I284="低",低係数,IF($I284="特低",特低係数,0))))) * IF(N$7="SA",要件定義係数,IF(N$7="UI",基本設計係数,IF(N$7="SS",詳細設計係数,IF(N$7="PS/PG/PT",製作係数,IF(N$7="IT",結合テスト係数,IF(N$7="ST",総合テスト係数,IF(N$7="OT",受入支援係数,IF(N$7="RL",移行切替係数,IF(N$7="その他",その他係数,0))))))))) * N$8,1) -> 0 | O284: =ROUNDUP(IF($E284="画面",画面係数,IF($E284="帳票",帳票係数,IF($E284="バッチ",バッチ係数,0))) * IF($I284="特高",特高係数,IF($I284="高",高係数,IF($I284="中",中係数,IF($I284="低",低係数,IF($I284="特低",特低係数,0))))) * IF(O$7="SA",要件定義係数,IF(O$7="UI",基本設計係数,IF(O$7="SS",詳細設計係数,IF(O$7="PS/PG/PT",製作係数,IF(O$7="IT",結合テスト係数,IF(O$7="ST",総合テスト係数,IF(O$7="OT",受入支援係数,IF(O$7="RL",移行切替係数,IF(O$7="その他",その他係数,0))))))))) * O$8,1) -> 0 | P284: =ROUNDUP(IF($E284="画面",画面係数,IF($E284="帳票",帳票係数,IF($E284="バッチ",バッチ係数,0))) * IF($I284="特高",特高係数,IF($I284="高",高係数,IF($I284="中",中係数,IF($I284="低",低係数,IF($I284="特低",特低係数,0))))) * IF(P$7="SA",要件定義係数,IF(P$7="UI",基本設計係数,IF(P$7="SS",詳細設計係数,IF(P$7="PS/PG/PT",製作係数,IF(P$7="IT",結合テスト係数,IF(P$7="ST",総合テスト係数,IF(P$7="OT",受入支援係数,IF(P$7="RL",移行切替係数,IF(P$7="その他",その他係数,0))))))))) * P$8,1) -> 0 | Q284: =ROUNDUP(IF($E284="画面",画面係数,IF($E284="帳票",帳票係数,IF($E284="バッチ",バッチ係数,0))) * IF($I284="特高",特高係数,IF($I284="高",高係数,IF($I284="中",中係数,IF($I284="低",低係数,IF($I284="特低",特低係数,0))))) * IF(Q$7="SA",要件定義係数,IF(Q$7="UI",基本設計係数,IF(Q$7="SS",詳細設計係数,IF(Q$7="PS/PG/PT",製作係数,IF(Q$7="IT",結合テスト係数,IF(Q$7="ST",総合テスト係数,IF(Q$7="OT",受入支援係数,IF(Q$7="RL",移行切替係数,IF(Q$7="その他",その他係数,0))))))))) * Q$8,1) -> 0 | R284: =ROUNDUP(IF($E284="画面",画面係数,IF($E284="帳票",帳票係数,IF($E284="バッチ",バッチ係数,0))) * IF($I284="特高",特高係数,IF($I284="高",高係数,IF($I284="中",中係数,IF($I284="低",低係数,IF($I284="特低",特低係数,0))))) * IF(R$7="SA",要件定義係数,IF(R$7="UI",基本設計係数,IF(R$7="SS",詳細設計係数,IF(R$7="PS/PG/PT",製作係数,IF(R$7="IT",結合テスト係数,IF(R$7="ST",総合テスト係数,IF(R$7="OT",受入支援係数,IF(R$7="RL",移行切替係数,IF(R$7="その他",その他係数,0))))))))) * R$8,1) -> 0 | T284: =ROUNDUP(SUM(J284:S284)*T$8,1) -> 0 | U284: =SUM(J284:T284) -> 0 | V284: =U284/20 -> 0 | W284: =((J284*J$9) + (K284*K$9) + (L284*L$9) + (M284*M$9) + (N284*N$9) + (O284*O$9) + (P284*P$9) + (Q284*Q$9) + (R284*R$9) + (S284*S$9) + (T284*T$9))/20 -> 0 | X284: 各所ごとをやめる
A285: =ROW()-9 -> 276 | B285: バッチ | C285: DC02002B.exe | D285: 運転実績受信 | E285: バッチ | I285: 高 | J285: =ROUNDUP(IF($E285="画面",画面係数,IF($E285="帳票",帳票係数,IF($E285="バッチ",バッチ係数,0))) * IF($I285="特高",特高係数,IF($I285="高",高係数,IF($I285="中",中係数,IF($I285="低",低係数,IF($I285="特低",特低係数,0))))) * IF(J$7="SA",要件定義係数,IF(J$7="UI",基本設計係数,IF(J$7="SS",詳細設計係数,IF(J$7="PS/PG/PT",製作係数,IF(J$7="IT",結合テスト係数,IF(J$7="ST",総合テスト係数,IF(J$7="OT",受入支援係数,IF(J$7="RL",移行切替係数,IF(J$7="その他",その他係数,0))))))))) * J$8,1) -> 0.9 | K285: =ROUNDUP(IF($E285="画面",画面係数,IF($E285="帳票",帳票係数,IF($E285="バッチ",バッチ係数,0))) * IF($I285="特高",特高係数,IF($I285="高",高係数,IF($I285="中",中係数,IF($I285="低",低係数,IF($I285="特低",特低係数,0))))) * IF(K$7="SA",要件定義係数,IF(K$7="UI",基本設計係数,IF(K$7="SS",詳細設計係数,IF(K$7="PS/PG/PT",製作係数,IF(K$7="IT",結合テスト係数,IF(K$7="ST",総合テスト係数,IF(K$7="OT",受入支援係数,IF(K$7="RL",移行切替係数,IF(K$7="その他",その他係数,0))))))))) * K$8,1) -> 1 | L285: =ROUNDUP(IF($E285="画面",画面係数,IF($E285="帳票",帳票係数,IF($E285="バッチ",バッチ係数,0))) * IF($I285="特高",特高係数,IF($I285="高",高係数,IF($I285="中",中係数,IF($I285="低",低係数,IF($I285="特低",特低係数,0))))) * IF(L$7="SA",要件定義係数,IF(L$7="UI",基本設計係数,IF(L$7="SS",詳細設計係数,IF(L$7="PS/PG/PT",製作係数,IF(L$7="IT",結合テスト係数,IF(L$7="ST",総合テスト係数,IF(L$7="OT",受入支援係数,IF(L$7="RL",移行切替係数,IF(L$7="その他",その他係数,0))))))))) * L$8,1) -> 1 | M285: =ROUNDUP(IF($E285="画面",画面係数,IF($E285="帳票",帳票係数,IF($E285="バッチ",バッチ係数,0))) * IF($I285="特高",特高係数,IF($I285="高",高係数,IF($I285="中",中係数,IF($I285="低",低係数,IF($I285="特低",特低係数,0))))) * IF(M$7="SA",要件定義係数,IF(M$7="UI",基本設計係数,IF(M$7="SS",詳細設計係数,IF(M$7="PS/PG/PT",製作係数,IF(M$7="IT",結合テスト係数,IF(M$7="ST",総合テスト係数,IF(M$7="OT",受入支援係数,IF(M$7="RL",移行切替係数,IF(M$7="その他",その他係数,0))))))))) * M$8,1) -> 1.8 | N285: =ROUNDUP(IF($E285="画面",画面係数,IF($E285="帳票",帳票係数,IF($E285="バッチ",バッチ係数,0))) * IF($I285="特高",特高係数,IF($I285="高",高係数,IF($I285="中",中係数,IF($I285="低",低係数,IF($I285="特低",特低係数,0))))) * IF(N$7="SA",要件定義係数,IF(N$7="UI",基本設計係数,IF(N$7="SS",詳細設計係数,IF(N$7="PS/PG/PT",製作係数,IF(N$7="IT",結合テスト係数,IF(N$7="ST",総合テスト係数,IF(N$7="OT",受入支援係数,IF(N$7="RL",移行切替係数,IF(N$7="その他",その他係数,0))))))))) * N$8,1) -> 1.1 | O285: =ROUNDUP(IF($E285="画面",画面係数,IF($E285="帳票",帳票係数,IF($E285="バッチ",バッチ係数,0))) * IF($I285="特高",特高係数,IF($I285="高",高係数,IF($I285="中",中係数,IF($I285="低",低係数,IF($I285="特低",特低係数,0))))) * IF(O$7="SA",要件定義係数,IF(O$7="UI",基本設計係数,IF(O$7="SS",詳細設計係数,IF(O$7="PS/PG/PT",製作係数,IF(O$7="IT",結合テスト係数,IF(O$7="ST",総合テスト係数,IF(O$7="OT",受入支援係数,IF(O$7="RL",移行切替係数,IF(O$7="その他",その他係数,0))))))))) * O$8,1) -> 0.8 | P285: =ROUNDUP(IF($E285="画面",画面係数,IF($E285="帳票",帳票係数,IF($E285="バッチ",バッチ係数,0))) * IF($I285="特高",特高係数,IF($I285="高",高係数,IF($I285="中",中係数,IF($I285="低",低係数,IF($I285="特低",特低係数,0))))) * IF(P$7="SA",要件定義係数,IF(P$7="UI",基本設計係数,IF(P$7="SS",詳細設計係数,IF(P$7="PS/PG/PT",製作係数,IF(P$7="IT",結合テスト係数,IF(P$7="ST",総合テスト係数,IF(P$7="OT",受入支援係数,IF(P$7="RL",移行切替係数,IF(P$7="その他",その他係数,0))))))))) * P$8,1) -> 0.3 | Q285: =ROUNDUP(IF($E285="画面",画面係数,IF($E285="帳票",帳票係数,IF($E285="バッチ",バッチ係数,0))) * IF($I285="特高",特高係数,IF($I285="高",高係数,IF($I285="中",中係数,IF($I285="低",低係数,IF($I285="特低",特低係数,0))))) * IF(Q$7="SA",要件定義係数,IF(Q$7="UI",基本設計係数,IF(Q$7="SS",詳細設計係数,IF(Q$7="PS/PG/PT",製作係数,IF(Q$7="IT",結合テスト係数,IF(Q$7="ST",総合テスト係数,IF(Q$7="OT",受入支援係数,IF(Q$7="RL",移行切替係数,IF(Q$7="その他",その他係数,0))))))))) * Q$8,1) -> 0.9 | R285: =ROUNDUP(IF($E285="画面",画面係数,IF($E285="帳票",帳票係数,IF($E285="バッチ",バッチ係数,0))) * IF($I285="特高",特高係数,IF($I285="高",高係数,IF($I285="中",中係数,IF($I285="低",低係数,IF($I285="特低",特低係数,0))))) * IF(R$7="SA",要件定義係数,IF(R$7="UI",基本設計係数,IF(R$7="SS",詳細設計係数,IF(R$7="PS/PG/PT",製作係数,IF(R$7="IT",結合テスト係数,IF(R$7="ST",総合テスト係数,IF(R$7="OT",受入支援係数,IF(R$7="RL",移行切替係数,IF(R$7="その他",その他係数,0))))))))) * R$8,1) -> 0 | T285: =ROUNDUP(SUM(J285:S285)*T$8,1) -> 1.2 | U285: =SUM(J285:T285) -> 9 | V285: =U285/20 -> 0.45 | W285: =((J285*J$9) + (K285*K$9) + (L285*L$9) + (M285*M$9) + (N285*N$9) + (O285*O$9) + (P285*P$9) + (Q285*Q$9) + (R285*R$9) + (S285*S$9) + (T285*T$9))/20 -> 493500 | X285: 各所ごとをやめる
A286: =ROW()-9 -> 277 | B286: バッチ | C286: DC01001B.exe | D286: マスタデータ作成（運転制御） | E286: バッチ | I286: 高 | J286: =ROUNDUP(IF($E286="画面",画面係数,IF($E286="帳票",帳票係数,IF($E286="バッチ",バッチ係数,0))) * IF($I286="特高",特高係数,IF($I286="高",高係数,IF($I286="中",中係数,IF($I286="低",低係数,IF($I286="特低",特低係数,0))))) * IF(J$7="SA",要件定義係数,IF(J$7="UI",基本設計係数,IF(J$7="SS",詳細設計係数,IF(J$7="PS/PG/PT",製作係数,IF(J$7="IT",結合テスト係数,IF(J$7="ST",総合テスト係数,IF(J$7="OT",受入支援係数,IF(J$7="RL",移行切替係数,IF(J$7="その他",その他係数,0))))))))) * J$8,1) -> 0.9 | K286: =ROUNDUP(IF($E286="画面",画面係数,IF($E286="帳票",帳票係数,IF($E286="バッチ",バッチ係数,0))) * IF($I286="特高",特高係数,IF($I286="高",高係数,IF($I286="中",中係数,IF($I286="低",低係数,IF($I286="特低",特低係数,0))))) * IF(K$7="SA",要件定義係数,IF(K$7="UI",基本設計係数,IF(K$7="SS",詳細設計係数,IF(K$7="PS/PG/PT",製作係数,IF(K$7="IT",結合テスト係数,IF(K$7="ST",総合テスト係数,IF(K$7="OT",受入支援係数,IF(K$7="RL",移行切替係数,IF(K$7="その他",その他係数,0))))))))) * K$8,1) -> 1 | L286: =ROUNDUP(IF($E286="画面",画面係数,IF($E286="帳票",帳票係数,IF($E286="バッチ",バッチ係数,0))) * IF($I286="特高",特高係数,IF($I286="高",高係数,IF($I286="中",中係数,IF($I286="低",低係数,IF($I286="特低",特低係数,0))))) * IF(L$7="SA",要件定義係数,IF(L$7="UI",基本設計係数,IF(L$7="SS",詳細設計係数,IF(L$7="PS/PG/PT",製作係数,IF(L$7="IT",結合テスト係数,IF(L$7="ST",総合テスト係数,IF(L$7="OT",受入支援係数,IF(L$7="RL",移行切替係数,IF(L$7="その他",その他係数,0))))))))) * L$8,1) -> 1 | M286: =ROUNDUP(IF($E286="画面",画面係数,IF($E286="帳票",帳票係数,IF($E286="バッチ",バッチ係数,0))) * IF($I286="特高",特高係数,IF($I286="高",高係数,IF($I286="中",中係数,IF($I286="低",低係数,IF($I286="特低",特低係数,0))))) * IF(M$7="SA",要件定義係数,IF(M$7="UI",基本設計係数,IF(M$7="SS",詳細設計係数,IF(M$7="PS/PG/PT",製作係数,IF(M$7="IT",結合テスト係数,IF(M$7="ST",総合テスト係数,IF(M$7="OT",受入支援係数,IF(M$7="RL",移行切替係数,IF(M$7="その他",その他係数,0))))))))) * M$8,1) -> 1.8 | N286: =ROUNDUP(IF($E286="画面",画面係数,IF($E286="帳票",帳票係数,IF($E286="バッチ",バッチ係数,0))) * IF($I286="特高",特高係数,IF($I286="高",高係数,IF($I286="中",中係数,IF($I286="低",低係数,IF($I286="特低",特低係数,0))))) * IF(N$7="SA",要件定義係数,IF(N$7="UI",基本設計係数,IF(N$7="SS",詳細設計係数,IF(N$7="PS/PG/PT",製作係数,IF(N$7="IT",結合テスト係数,IF(N$7="ST",総合テスト係数,IF(N$7="OT",受入支援係数,IF(N$7="RL",移行切替係数,IF(N$7="その他",その他係数,0))))))))) * N$8,1) -> 1.1 | O286: =ROUNDUP(IF($E286="画面",画面係数,IF($E286="帳票",帳票係数,IF($E286="バッチ",バッチ係数,0))) * IF($I286="特高",特高係数,IF($I286="高",高係数,IF($I286="中",中係数,IF($I286="低",低係数,IF($I286="特低",特低係数,0))))) * IF(O$7="SA",要件定義係数,IF(O$7="UI",基本設計係数,IF(O$7="SS",詳細設計係数,IF(O$7="PS/PG/PT",製作係数,IF(O$7="IT",結合テスト係数,IF(O$7="ST",総合テスト係数,IF(O$7="OT",受入支援係数,IF(O$7="RL",移行切替係数,IF(O$7="その他",その他係数,0))))))))) * O$8,1) -> 0.8 | P286: =ROUNDUP(IF($E286="画面",画面係数,IF($E286="帳票",帳票係数,IF($E286="バッチ",バッチ係数,0))) * IF($I286="特高",特高係数,IF($I286="高",高係数,IF($I286="中",中係数,IF($I286="低",低係数,IF($I286="特低",特低係数,0))))) * IF(P$7="SA",要件定義係数,IF(P$7="UI",基本設計係数,IF(P$7="SS",詳細設計係数,IF(P$7="PS/PG/PT",製作係数,IF(P$7="IT",結合テスト係数,IF(P$7="ST",総合テスト係数,IF(P$7="OT",受入支援係数,IF(P$7="RL",移行切替係数,IF(P$7="その他",その他係数,0))))))))) * P$8,1) -> 0.3 | Q286: =ROUNDUP(IF($E286="画面",画面係数,IF($E286="帳票",帳票係数,IF($E286="バッチ",バッチ係数,0))) * IF($I286="特高",特高係数,IF($I286="高",高係数,IF($I286="中",中係数,IF($I286="低",低係数,IF($I286="特低",特低係数,0))))) * IF(Q$7="SA",要件定義係数,IF(Q$7="UI",基本設計係数,IF(Q$7="SS",詳細設計係数,IF(Q$7="PS/PG/PT",製作係数,IF(Q$7="IT",結合テスト係数,IF(Q$7="ST",総合テスト係数,IF(Q$7="OT",受入支援係数,IF(Q$7="RL",移行切替係数,IF(Q$7="その他",その他係数,0))))))))) * Q$8,1) -> 0.9 | R286: =ROUNDUP(IF($E286="画面",画面係数,IF($E286="帳票",帳票係数,IF($E286="バッチ",バッチ係数,0))) * IF($I286="特高",特高係数,IF($I286="高",高係数,IF($I286="中",中係数,IF($I286="低",低係数,IF($I286="特低",特低係数,0))))) * IF(R$7="SA",要件定義係数,IF(R$7="UI",基本設計係数,IF(R$7="SS",詳細設計係数,IF(R$7="PS/PG/PT",製作係数,IF(R$7="IT",結合テスト係数,IF(R$7="ST",総合テスト係数,IF(R$7="OT",受入支援係数,IF(R$7="RL",移行切替係数,IF(R$7="その他",その他係数,0))))))))) * R$8,1) -> 0 | T286: =ROUNDUP(SUM(J286:S286)*T$8,1) -> 1.2 | U286: =SUM(J286:T286) -> 9 | V286: =U286/20 -> 0.45 | W286: =((J286*J$9) + (K286*K$9) + (L286*L$9) + (M286*M$9) + (N286*N$9) + (O286*O$9) + (P286*P$9) + (Q286*Q$9) + (R286*R$9) + (S286*S$9) + (T286*T$9))/20 -> 493500 | X286: 各所ごとをやめる
A287: =ROW()-9 -> 278 | B287: 共通 | C287: DC01002B.exe | D287: 運転データ作成（運転制御） | E287: バッチ | I287: 高 | J287: =ROUNDUP(IF($E287="画面",画面係数,IF($E287="帳票",帳票係数,IF($E287="バッチ",バッチ係数,0))) * IF($I287="特高",特高係数,IF($I287="高",高係数,IF($I287="中",中係数,IF($I287="低",低係数,IF($I287="特低",特低係数,0))))) * IF(J$7="SA",要件定義係数,IF(J$7="UI",基本設計係数,IF(J$7="SS",詳細設計係数,IF(J$7="PS/PG/PT",製作係数,IF(J$7="IT",結合テスト係数,IF(J$7="ST",総合テスト係数,IF(J$7="OT",受入支援係数,IF(J$7="RL",移行切替係数,IF(J$7="その他",その他係数,0))))))))) * J$8,1) -> 0.9 | K287: =ROUNDUP(IF($E287="画面",画面係数,IF($E287="帳票",帳票係数,IF($E287="バッチ",バッチ係数,0))) * IF($I287="特高",特高係数,IF($I287="高",高係数,IF($I287="中",中係数,IF($I287="低",低係数,IF($I287="特低",特低係数,0))))) * IF(K$7="SA",要件定義係数,IF(K$7="UI",基本設計係数,IF(K$7="SS",詳細設計係数,IF(K$7="PS/PG/PT",製作係数,IF(K$7="IT",結合テスト係数,IF(K$7="ST",総合テスト係数,IF(K$7="OT",受入支援係数,IF(K$7="RL",移行切替係数,IF(K$7="その他",その他係数,0))))))))) * K$8,1) -> 1 | L287: =ROUNDUP(IF($E287="画面",画面係数,IF($E287="帳票",帳票係数,IF($E287="バッチ",バッチ係数,0))) * IF($I287="特高",特高係数,IF($I287="高",高係数,IF($I287="中",中係数,IF($I287="低",低係数,IF($I287="特低",特低係数,0))))) * IF(L$7="SA",要件定義係数,IF(L$7="UI",基本設計係数,IF(L$7="SS",詳細設計係数,IF(L$7="PS/PG/PT",製作係数,IF(L$7="IT",結合テスト係数,IF(L$7="ST",総合テスト係数,IF(L$7="OT",受入支援係数,IF(L$7="RL",移行切替係数,IF(L$7="その他",その他係数,0))))))))) * L$8,1) -> 1 | M287: =ROUNDUP(IF($E287="画面",画面係数,IF($E287="帳票",帳票係数,IF($E287="バッチ",バッチ係数,0))) * IF($I287="特高",特高係数,IF($I287="高",高係数,IF($I287="中",中係数,IF($I287="低",低係数,IF($I287="特低",特低係数,0))))) * IF(M$7="SA",要件定義係数,IF(M$7="UI",基本設計係数,IF(M$7="SS",詳細設計係数,IF(M$7="PS/PG/PT",製作係数,IF(M$7="IT",結合テスト係数,IF(M$7="ST",総合テスト係数,IF(M$7="OT",受入支援係数,IF(M$7="RL",移行切替係数,IF(M$7="その他",その他係数,0))))))))) * M$8,1) -> 1.8 | N287: =ROUNDUP(IF($E287="画面",画面係数,IF($E287="帳票",帳票係数,IF($E287="バッチ",バッチ係数,0))) * IF($I287="特高",特高係数,IF($I287="高",高係数,IF($I287="中",中係数,IF($I287="低",低係数,IF($I287="特低",特低係数,0))))) * IF(N$7="SA",要件定義係数,IF(N$7="UI",基本設計係数,IF(N$7="SS",詳細設計係数,IF(N$7="PS/PG/PT",製作係数,IF(N$7="IT",結合テスト係数,IF(N$7="ST",総合テスト係数,IF(N$7="OT",受入支援係数,IF(N$7="RL",移行切替係数,IF(N$7="その他",その他係数,0))))))))) * N$8,1) -> 1.1 | O287: =ROUNDUP(IF($E287="画面",画面係数,IF($E287="帳票",帳票係数,IF($E287="バッチ",バッチ係数,0))) * IF($I287="特高",特高係数,IF($I287="高",高係数,IF($I287="中",中係数,IF($I287="低",低係数,IF($I287="特低",特低係数,0))))) * IF(O$7="SA",要件定義係数,IF(O$7="UI",基本設計係数,IF(O$7="SS",詳細設計係数,IF(O$7="PS/PG/PT",製作係数,IF(O$7="IT",結合テスト係数,IF(O$7="ST",総合テスト係数,IF(O$7="OT",受入支援係数,IF(O$7="RL",移行切替係数,IF(O$7="その他",その他係数,0))))))))) * O$8,1) -> 0.8 | P287: =ROUNDUP(IF($E287="画面",画面係数,IF($E287="帳票",帳票係数,IF($E287="バッチ",バッチ係数,0))) * IF($I287="特高",特高係数,IF($I287="高",高係数,IF($I287="中",中係数,IF($I287="低",低係数,IF($I287="特低",特低係数,0))))) * IF(P$7="SA",要件定義係数,IF(P$7="UI",基本設計係数,IF(P$7="SS",詳細設計係数,IF(P$7="PS/PG/PT",製作係数,IF(P$7="IT",結合テスト係数,IF(P$7="ST",総合テスト係数,IF(P$7="OT",受入支援係数,IF(P$7="RL",移行切替係数,IF(P$7="その他",その他係数,0))))))))) * P$8,1) -> 0.3 | Q287: =ROUNDUP(IF($E287="画面",画面係数,IF($E287="帳票",帳票係数,IF($E287="バッチ",バッチ係数,0))) * IF($I287="特高",特高係数,IF($I287="高",高係数,IF($I287="中",中係数,IF($I287="低",低係数,IF($I287="特低",特低係数,0))))) * IF(Q$7="SA",要件定義係数,IF(Q$7="UI",基本設計係数,IF(Q$7="SS",詳細設計係数,IF(Q$7="PS/PG/PT",製作係数,IF(Q$7="IT",結合テスト係数,IF(Q$7="ST",総合テスト係数,IF(Q$7="OT",受入支援係数,IF(Q$7="RL",移行切替係数,IF(Q$7="その他",その他係数,0))))))))) * Q$8,1) -> 0.9 | R287: =ROUNDUP(IF($E287="画面",画面係数,IF($E287="帳票",帳票係数,IF($E287="バッチ",バッチ係数,0))) * IF($I287="特高",特高係数,IF($I287="高",高係数,IF($I287="中",中係数,IF($I287="低",低係数,IF($I287="特低",特低係数,0))))) * IF(R$7="SA",要件定義係数,IF(R$7="UI",基本設計係数,IF(R$7="SS",詳細設計係数,IF(R$7="PS/PG/PT",製作係数,IF(R$7="IT",結合テスト係数,IF(R$7="ST",総合テスト係数,IF(R$7="OT",受入支援係数,IF(R$7="RL",移行切替係数,IF(R$7="その他",その他係数,0))))))))) * R$8,1) -> 0 | T287: =ROUNDUP(SUM(J287:S287)*T$8,1) -> 1.2 | U287: =SUM(J287:T287) -> 9 | V287: =U287/20 -> 0.45 | W287: =((J287*J$9) + (K287*K$9) + (L287*L$9) + (M287*M$9) + (N287*N$9) + (O287*O$9) + (P287*P$9) + (Q287*Q$9) + (R287*R$9) + (S287*S$9) + (T287*T$9))/20 -> 493500 | X287: 各所ごとをやめる
