Workbook

Sheet サマリ
C2: 2月～4月 | G2: 5月～10月 | O2: 11 月～1月 | Q2: 2月～3月
C3: 要件定義 | E3: 基本設計 | G3: 詳細設計 | I3: 開発・単体 | K3: IT | M3: ST | O3: OT | Q3: RL | S3: 合計
C4: 工数 | D4: 金額 | E4: 工数 | F4: 金額
B5: 公開AP | C5: 2 | D5: =C5*1000000 -> 2000000 | E5: 2 | F5: =E5*1000000 -> 2000000 | G5: 2 | H5: =G5*1000000 -> 2000000 | I5: 3.5 | J5: =I5*1000000 -> 3500000 | K5: 3.5 | L5: =K5*1000000 -> 3500000 | M5: 10 | N5: =M5*1000000 -> 10000000 | O5: 5.5 | P5: =O5*1000000 -> 5500000 | Q5: 2.5 | R5: =Q5*1000000 -> 2500000 | S5: =SUM(C5,E5,G5,I5,K5,M5,O5,Q5) -> 31 | T5: =SUM(D5,F5,H5,J5,L5,N5,P5,R5) -> 31000000
B6: Excel | C6: =Excel!G12 -> 3.5 | D6: =Excel!G13 -> 3500000 | I6: =Excel!J12 -> 5 | J6: =Excel!J13 -> 5000000 | M6: =Excel!M12 -> 16 | N6: =Excel!M13 -> 16000000 | O6: =Excel!N12 -> 3 | P6: =Excel!N13 -> 3000000 | Q6: =Excel!O12 -> 2.5 | R6: =Excel!O13 -> 2500000 | S6: =SUM(C6,E6,G6,I6,K6,M6,O6,Q6) -> 30 | T6: =SUM(D6,F6,H6,J6,L6,N6,P6,R6) -> 30000000
B7: ファイルサーバ | C7: =ファイルサーバ・その他!C2 -> 1 | D7: =ファイルサーバ・その他!D2 -> 1000000 | E7: =ファイルサーバ・その他!E2 -> 1 | F7: =ファイルサーバ・その他!F2 -> 1000000 | I7: =ファイルサーバ・その他!G2 -> 1 | J7: =ファイルサーバ・その他!H2 -> 1000000 | O7: =ファイルサーバ・その他!I2 -> 0.5 | P7: =ファイルサーバ・その他!J2 -> 500000 | Q7: =ファイルサーバ・その他!K2 -> 1 | R7: =ファイルサーバ・その他!L2 -> 1000000 | S7: =SUM(C7,E7,G7,I7,K7,M7,O7,Q7) -> 4.5 | T7: =SUM(D7,F7,H7,J7,L7,N7,P7,R7) -> 4500000
B8: その他 | C8: =ファイルサーバ・その他!C9 -> 2 | D8: =C8*1000000 -> 2000000 | E8: =ファイルサーバ・その他!E9 -> 1 | F8: =E8*1000000 -> 1000000 | S8: =SUM(C8,E8,G8,I8,K8,M8,O8,Q8) -> 3 | T8: =SUM(D8,F8,H8,J8,L8,N8,P8,R8) -> 3000000
B9: 小計 | C9: =SUM(C5:C8) -> 8.5 | D9: =SUM(D5:D8) -> 8500000 | E9: =SUM(E5:E8) -> 4 | F9: =SUM(F5:F8) -> 4000000 | G9: =SUM(G5:G8) -> 2 | H9: =SUM(H5:H8) -> 2000000 | I9: =SUM(I5:I8) -> 9.5 | J9: =SUM(J5:J8) -> 9500000 | ... T9: =SUM(T5:T8) -> 68500000
B11: 管理工数 | C11: =ROUNDUP(C9*0.15,2) -> 1.28 | D11: =C11*1400000 -> 1792000 | E11: =ROUNDUP(E9*0.15,2) -> 0.6 | F11: =E11*1400000 -> 840000 | G11: =ROUNDUP(G9*0.15,2) -> 0.3 | H11: =G11*1400000 -> 420000 | I11: =ROUNDUP(I9*0.15,2) -> 1.43 | J11: =I11*1400000 -> 2002000 | K11: =ROUNDUP(K9*0.15,2) -> 0.53 | L11: =K11*1400000 -> 742000 | M11: =ROUNDUP(M9*0.15,2) -> 3.9 | N11: =M11*1400000 -> 5460000 | O11: =ROUNDUP(O9*0.15,2) -> 1.35 | P11: =O11*1400000 -> 1890000 | Q11: =ROUNDUP(Q9*0.15,2) -> 0.9 | R11: =Q11*1400000 -> 1260000 | S11: =ROUNDUP(S9*0.15,1) -> 10.3 | T11: =S11*1400000 -> 14420000
E12: =C11+E11 -> 1.88 | F12: =D11+F11 -> 2632000 | M12: =G11+I11+K11+M11 -> 6.16 | N12: =H11+J11+L11+N11 -> 8624000
B13: 合計 | C13: =C9+C11 -> 9.78 | D13: =D9+D11 -> 10292000 | E13: =E9+E11 -> 4.6 | F13: =F9+F11 -> 4840000 | G13: =G9+G11 -> 2.3 | H13: =H9+H11 -> 2420000 | I13: =I9+I11 -> 10.93 | J13: =J9+J11 -> 11502000 | ... T13: =T9+T11 -> 82920000
E14: =C13+E13 -> 14.38 | F14: =D13+F13 -> 15132000 | M14: =G13+I13+K13+M13 -> 47.16 | N14: =H13+J13+L13+N13 -> 49624000 | O14: =O13 -> 10.35 | P14: =P13 -> 10890000 | Q14: =Q13 -> 6.9 | R14: =R13 -> 7260000 | S14: =SUM(E14,M14,O14,Q14) -> 78.79 | T14: =SUM(F14,N14,P14,R14) -> 82906000

Sheet サマリ (丸め調整)
C2: 2月～4月 | G2: 5月～10月 | O2: 11 月～1月 | Q2: 2月～3月
C3: 要件定義 | E3: 基本設計 | G3: 詳細設計 | I3: 開発・単体 | K3: IT | M3: ST | O3: OT | Q3: RL | S3: 合計
C4: 工数 | D4: 金額 | E4: 工数 | F4: 金額 | G4: 工数 | H4: 金額 | I4: 工数 | J4: 金額 | K4: 工数 | L4: 金額 | M4: 工数 | N4: 金額 | O4: 工数 | P4: 金額 | Q4: 工数 | R4: 金額 | S4: 工数 | T4: 金額
B5: 公開AP | C5: 2 | D5: =C5*1000000 -> 2000000 | E5: 2 | F5: =E5*1000000 -> 2000000 | G5: 2 | H5: =G5*1000000 -> 2000000 | I5: 3.5 | J5: =I5*1000000 -> 3500000 | K5: 3.5 | L5: =K5*1000000 -> 3500000 | M5: 10 | N5: =M5*1000000 -> 10000000 | O5: 5.5 | P5: =O5*1000000 -> 5500000 | Q5: 2.5 | R5: =Q5*1000000 -> 2500000 | S5: =SUM(C5,E5,G5,I5,K5,M5,O5,Q5) -> 31 | T5: =SUM(D5,F5,H5,J5,L5,N5,P5,R5) -> 31000000
B6: Excel | C6: =Excel!G12 -> 3.5 | D6: =Excel!G13 -> 3500000 | I6: =Excel!J12 -> 5 | J6: =Excel!J13 -> 5000000 | M6: =Excel!M12 -> 16 | N6: =Excel!M13 -> 16000000 | O6: =Excel!N12 -> 3 | P6: =Excel!N13 -> 3000000 | Q6: =Excel!O12 -> 2.5 | R6: =Excel!O13 -> 2500000 | S6: =SUM(C6,E6,G6,I6,K6,M6,O6,Q6) -> 30 | T6: =SUM(D6,F6,H6,J6,L6,N6,P6,R6) -> 30000000 | U6: =T6/1642 -> 18270.402
B7: ファイルサーバ | C7: =ファイルサーバ・その他!C2 -> 1 | D7: =ファイルサーバ・その他!D2 -> 1000000 | E7: =ファイルサーバ・その他!E2 -> 1 | F7: =ファイルサーバ・その他!F2 -> 1000000 | I7: =ファイルサーバ・その他!G2 -> 1 | J7: =ファイルサーバ・その他!H2 -> 1000000 | O7: =ファイルサーバ・その他!I2 -> 0.5 | P7: =ファイルサーバ・その他!J2 -> 500000 | Q7: =ファイルサーバ・その他!K2 -> 1 | R7: =ファイルサーバ・その他!L2 -> 1000000 | S7: =SUM(C7,E7,G7,I7,K7,M7,O7,Q7) -> 4.5 | T7: =SUM(D7,F7,H7,J7,L7,N7,P7,R7) -> 4500000
B8: その他 | C8: =ファイルサーバ・その他!C9 -> 2 | D8: =C8*1000000 -> 2000000 | E8: =ファイルサーバ・その他!E9 -> 1 | F8: =E8*1000000 -> 1000000 | S8: =SUM(C8,E8,G8,I8,K8,M8,O8,Q8) -> 3 | T8: =SUM(D8,F8,H8,J8,L8,N8,P8,R8) -> 3000000
B9: 小計 | C9: =SUM(C5:C8) -> 8.5 | D9: =SUM(D5:D8) -> 8500000 | E9: =SUM(E5:E8) -> 4 | F9: =SUM(F5:F8) -> 4000000 | G9: =SUM(G5:G8) -> 2 | H9: =SUM(H5:H8) -> 2000000 | I9: =SUM(I5:I8) -> 9.5 | J9: =SUM(J5:J8) -> 9500000 | ... T9: =SUM(T5:T8) -> 68500000
B11: 管理工数 | C11: =ROUNDUP(C9*0.15,1) -> 1.3 | D11: =C11*1400000 -> 1820000 | E11: =ROUNDUP(E9*0.15,2) -> 0.6 | F11: =E11*1400000 -> 840000 | G11: =ROUNDUP(G9*0.15,2) -> 0.3 | H11: =G11*1400000 -> 420000 | I11: 1.5 | J11: =I11*1400000 -> 2100000 | K11: =ROUNDUP(K9*0.15,1) -> 0.6 | L11: =K11*1400000 -> 840000 | M11: =ROUNDUP(M9*0.15,1) -> 3.9 | N11: =M11*1400000 -> 5460000 | O11: =ROUNDUP(O9*0.15,1) -> 1.4 | P11: =O11*1400000 -> 1960000 | Q11: =ROUNDUP(Q9*0.15,1) -> 0.9 | R11: =Q11*1400000 -> 1260000 | S11: =ROUNDUP(S9*0.15,1) -> 10.3 | T11: =S11*1400000 -> 14420000
E12: =C11+E11 -> 1.9 | F12: =D11+F11 -> 2660000 | M12: =G11+I11+K11+M11 -> 6.3 | N12: =H11+J11+L11+N11 -> 8820000 | Q12: =O11+Q11 -> 2.3 | R12: =P11+R11 -> 3220000
B13: 合計 | C13: =C9+C11 -> 9.8 | D13: =D9+D11 -> 10320000 | E13: =E9+E11 -> 4.6 | F13: =F9+F11 -> 4840000 | G13: =G9+G11 -> 2.3 | H13: =H9+H11 -> 2420000 | I13: =I9+I11 -> 11 | J13: =J9+J11 -> 11600000 | ... T13: =T9+T11 -> 82920000
E14: =C13+E13 -> 14.4 | F14: =D13+F13 -> 15160000 | M14: =G13+I13+K13+M13 -> 47.3 | N14: =H13+J13+L13+N13 -> 49820000 | Q14: =O13+Q13 -> 17.3 | R14: =P13+R13 -> 18220000 | S14: =SUM(E14,M14,Q14) -> 79 | T14: =SUM(F14,L14,N14,R14) -> 83200000
C16: =D5+J5+N5 -> 15500000 | D16: =C16/121 -> 128099.17
C17: =D6+J6+N6 -> 24500000 | D17: =C17/1642 -> 14920.828

Sheet サマリ (丸め調整) (修正後)
C2: 2月～5月 | G2: 5月～10月 | O2: 11 月～1月 | Q2: 2月～3月
C3: 要件定義 | E3: 基本設計 | G3: 詳細設計 | I3: 開発・単体 | K3: IT | M3: ST | O3: OT | Q3: RL | S3: 合計
C4: 工数 | D4: 金額 | E4: 工数 | F4: 金額 | G4: 工数 | H4: 金額 | I4: 工数 | J4: 金額 | K4: 工数 | L4: 金額 | M4: 工数 | N4: 金額 | O4: 工数 | P4: 金額 | Q4: 工数 | R4: 金額 | S4: 工数 | T4: 金額
B5: 公開AP | C5: 2 | D5: =C5*1000000 -> 2000000 | E5: 2 | F5: =E5*1000000 -> 2000000 | G5: 2 | H5: =G5*1000000 -> 2000000 | I5: 3.5 | J5: =I5*1000000 -> 3500000 | K5: 3.5 | L5: =K5*1000000 -> 3500000 | M5: 10 | N5: =M5*1000000 -> 10000000 | O5: 5.5 | P5: =O5*1000000 -> 5500000 | Q5: 2.5 | R5: =Q5*1000000 -> 2500000 | S5: =SUM(C5,E5,G5,I5,K5,M5,O5,Q5) -> 31 | T5: =SUM(D5,F5,H5,J5,L5,N5,P5,R5) -> 31000000
B6: Excel | C6: =Excel!G12 -> 3.5 | D6: =Excel!G13 -> 3500000 | I6: ='Excel (修正後)'!L12 -> 4.2 | J6: ='Excel (修正後)'!L13 -> 4200000 | M6: ='Excel (修正後)'!O12 -> 10.4 | N6: ='Excel (修正後)'!O13 -> 10400000 | O6: =Excel!N12 -> 3 | P6: =Excel!N13 -> 3000000 | Q6: =Excel!O12 -> 2.5 | R6: =Excel!O13 -> 2500000 | S6: =SUM(C6,E6,G6,I6,K6,M6,O6,Q6) -> 23.6 | T6: =SUM(D6,F6,H6,J6,L6,N6,P6,R6) -> 23600000 | U6: =T6/1642 -> 14372.716
B7: ファイルサーバ | C7: =ファイルサーバ・その他!C2 -> 1 | D7: =ファイルサーバ・その他!D2 -> 1000000 | E7: =ファイルサーバ・その他!E2 -> 1 | F7: =ファイルサーバ・その他!F2 -> 1000000 | I7: =ファイルサーバ・その他!G2 -> 1 | J7: =ファイルサーバ・その他!H2 -> 1000000 | O7: =ファイルサーバ・その他!I2 -> 0.5 | P7: =ファイルサーバ・その他!J2 -> 500000 | Q7: =ファイルサーバ・その他!K2 -> 1 | R7: =ファイルサーバ・その他!L2 -> 1000000 | S7: =SUM(C7,E7,G7,I7,K7,M7,O7,Q7) -> 4.5 | T7: =SUM(D7,F7,H7,J7,L7,N7,P7,R7) -> 4500000
B8: その他 | C8: =ファイルサーバ・その他!C9 -> 2 | D8: =C8*1000000 -> 2000000 | E8: =ファイルサーバ・その他!E9 -> 1 | F8: =E8*1000000 -> 1000000 | S8: =SUM(C8,E8,G8,I8,K8,M8,O8,Q8) -> 3 | T8: =SUM(D8,F8,H8,J8,L8,N8,P8,R8) -> 3000000
B9: 小計 | C9: =SUM(C5:C8) -> 8.5 | D9: =SUM(D5:D8) -> 8500000 | E9: =SUM(E5:E8) -> 4 | F9: =SUM(F5:F8) -> 4000000 | G9: =SUM(G5:G8) -> 2 | H9: =SUM(H5:H8) -> 2000000 | I9: =SUM(I5:I8) -> 8.7 | J9: =SUM(J5:J8) -> 8700000 | ... T9: =SUM(T5:T8) -> 62100000
B11: 管理工数 | C11: =ROUNDUP(C9*0.15,1) -> 1.3 | D11: =C11*1400000 -> 1820000 | E11: =ROUNDUP(E9*0.15,2) -> 0.6 | F11: =E11*1400000 -> 840000 | G11: =ROUNDUP(G9*0.15,2) -> 0.3 | H11: =G11*1400000 -> 420000 | I11: =ROUNDUP(I9*0.15,1) -> 1.4 | J11: =I11*1400000 -> 1960000 | K11: =ROUNDUP(K9*0.15,1) -> 0.6 | L11: =K11*1400000 -> 840000 | M11: =ROUNDUP(M9*0.15,1) -> 3.1 | N11: =M11*1400000 -> 4340000 | O11: =ROUNDUP(O9*0.15,1) -> 1.4 | P11: =O11*1400000 -> 1960000 | Q11: =ROUNDUP(Q9*0.15,1) -> 0.9 | R11: =Q11*1400000 -> 1260000 | S11: =ROUNDUP(S9*0.15,1) -> 9.4 | T11: =S11*1400000 -> 13160000
E12: =C11+E11 -> 1.9 | F12: =D11+F11 -> 2660000 | M12: =G11+I11+K11+M11 -> 5.4 | N12: =H11+J11+L11+N11 -> 7560000 | Q12: =O11+Q11 -> 2.3 | R12: =P11+R11 -> 3220000
B13: 合計 | C13: =C9+C11 -> 9.8 | D13: =D9+D11 -> 10320000 | E13: =E9+E11 -> 4.6 | F13: =F9+F11 -> 4840000 | G13: =G9+G11 -> 2.3 | H13: =H9+H11 -> 2420000 | I13: =I9+I11 -> 10.1 | J13: =J9+J11 -> 10660000 | ... T13: =T9+T11 -> 75260000
E14: =C13+E13 -> 14.4 | F14: =D13+F13 -> 15160000 | M14: =G13+I13+K13+M13 -> 40 | N14: =H13+J13+L13+N13 -> 42160000 | Q14: =O13+Q13 -> 17.3 | R14: =P13+R13 -> 18220000 | S14: =SUM(E14,M14,Q14) -> 71.7 | T14: =SUM(F14,L14,N14,R14) -> 75540000
C16: =D5+J5+N5 -> 15500000 | D16: =C16/121 -> 128099.17
C17: =D6+J6+N6 -> 18100000 | D17: =C17/1642 -> 11023.143

Sheet サマリ（最終版）
A1: XenApp廃止に伴うアプリケーション移行（御見積内訳） | Q1: 45694
Q2: 株式会社システムエグゼ
Q3: システムソリューション本部
B4: 2月～5月 | F4: 5月～10月 | N4: 11 月～1月 | P4: 2月～3月
B5: 要件定義 | D5: 基本設計 | F5: 詳細設計 | H5: 開発・単体 | J5: IT | L5: ST | N5: OT | P5: RL | R5: 合計
B6: 工数 | C6: 金額 | D6: 工数 | E6: 金額 | F6: 工数 | G6: 金額 | H6: 工数 | I6: 金額 | J6: 工数 | K6: 金額 | L6: 工数 | M6: 金額 | N6: 工数 | O6: 金額 | P6: 工数 | Q6: 金額 | R6: 工数 | S6: 金額
A7: 公開AP | B7: 2 | C7: =B7*1000000 -> 2000000 | D7: 2 | E7: =D7*1000000 -> 2000000 | F7: 2 | G7: =F7*1000000 -> 2000000 | H7: 3.5 | I7: =H7*1000000 -> 3500000 | J7: 3.5 | K7: =J7*1000000 -> 3500000 | L7: 10 | M7: =L7*1000000 -> 10000000 | N7: 5.5 | O7: =N7*1000000 -> 5500000 | P7: 2.5 | Q7: =P7*1000000 -> 2500000 | R7: =SUM(B7,D7,F7,H7,J7,L7,N7,P7) -> 31 | S7: =SUM(C7,E7,G7,I7,K7,M7,O7,Q7) -> 31000000
A8: Excel | B8: =Excel!G12 -> 3.5 | C8: =Excel!G13 -> 3500000 | H8: ='Excel (修正後)'!L12 -> 4.2 | I8: ='Excel (修正後)'!L13 -> 4200000 | L8: ='Excel (修正後)'!O12 -> 10.4 | M8: ='Excel (修正後)'!O13 -> 10400000 | N8: =Excel!N12 -> 3 | O8: =Excel!N13 -> 3000000 | P8: =Excel!O12 -> 2.5 | Q8: =Excel!O13 -> 2500000 | R8: =SUM(B8,D8,F8,H8,J8,L8,N8,P8) -> 23.6 | S8: =SUM(C8,E8,G8,I8,K8,M8,O8,Q8) -> 23600000
A9: ファイルサーバ | B9: =ファイルサーバ・その他!C2 -> 1 | C9: =ファイルサーバ・その他!D2 -> 1000000 | D9: =ファイルサーバ・その他!E2 -> 1 | E9: =ファイルサーバ・その他!F2 -> 1000000 | H9: =ファイルサーバ・その他!G2 -> 1 | I9: =ファイルサーバ・その他!H2 -> 1000000 | N9: =ファイルサーバ・その他!I2 -> 0.5 | O9: =ファイルサーバ・その他!J2 -> 500000 | P9: =ファイルサーバ・その他!K2 -> 1 | Q9: =ファイルサーバ・その他!L2 -> 1000000 | R9: =SUM(B9,D9,F9,H9,J9,L9,N9,P9) -> 4.5 | S9: =SUM(C9,E9,G9,I9,K9,M9,O9,Q9) -> 4500000
A10: その他 | B10: =ファイルサーバ・その他!C9 -> 2 | C10: =B10*1000000 -> 2000000 | D10: =ファイルサーバ・その他!E9 -> 1 | E10: =D10*1000000 -> 1000000 | R10: =SUM(B10,D10,F10,H10,J10,L10,N10,P10) -> 3 | S10: =SUM(C10,E10,G10,I10,K10,M10,O10,Q10) -> 3000000
A11: 小計 | B11: =SUM(B7:B10) -> 8.5 | C11: =SUM(C7:C10) -> 8500000 | D11: =SUM(D7:D10) -> 4 | E11: =SUM(E7:E10) -> 4000000 | F11: =SUM(F7:F10) -> 2 | G11: =SUM(G7:G10) -> 2000000 | H11: =SUM(H7:H10) -> 8.7 | I11: =SUM(I7:I10) -> 8700000 | ... S11: =SUM(S7:S10) -> 62100000
A13: 管理工数 | B13: =ROUNDUP(B11*0.15,1) -> 1.3 | C13: =B13*1400000 -> 1820000 | D13: =ROUNDUP(D11*0.15,2) -> 0.6 | E13: =D13*1400000 -> 840000 | F13: =ROUNDUP(F11*0.15,2) -> 0.3 | G13: =F13*1400000 -> 420000 | H13: =ROUNDUP(H11*0.15,1) -> 1.4 | I13: =H13*1400000 -> 1960000 | J13: =ROUNDUP(J11*0.15,1) -> 0.6 | K13: =J13*1400000 -> 840000 | L13: =ROUNDUP(L11*0.15,1) -> 3.1 | M13: =L13*1400000 -> 4340000 | N13: =ROUNDUP(N11*0.15,1) -> 1.4 | O13: =N13*1400000 -> 1960000 | P13: =ROUNDUP(P11*0.15,1) -> 0.9 | Q13: =P13*1400000 -> 1260000
D14: =B13+D13 -> 1.9 | E14: =C13+E13 -> 2660000 | L14: =F13+H13+J13+L13 -> 5.4 | M14: =G13+I13+K13+M13 -> 7560000 | P14: =N13+P13 -> 2.3 | Q14: =O13+Q13 -> 3220000
A16: 合計 | B16: =B11+B13 -> 9.8 | C16: =C11+C13 -> 10320000 | D16: =D11+D13 -> 4.6 | E16: =E11+E13 -> 4840000 | F16: =F11+F13 -> 2.3 | G16: =G11+G13 -> 2420000 | H16: =H11+H13 -> 10.1 | I16: =I11+I13 -> 10660000 | ... Q16: =Q11+Q13 -> 7260000
A17: 契約毎の合計 | B17: 工数 | C17: =B16+D16 -> 14.4 | D17: 金額 | E17: =C16+E16 -> 15160000 | J17: 工数 | K17: =F16+H16+J16+L16 -> 40 | L17: 金額 | M17: =G16+I16+K16+M16 -> 42160000 | N17: 工数 | O17: =N16+P16 -> 17.3 | P17: 金額 | Q17: =O16+Q16 -> 18220000 | R17: =SUM(D17,L17,P17) -> 0 | S17: =SUM(E17,K17,M17,Q17) -> 75540040
A18: 契約種別 | B18: 準委任契約 | F18: 請負契約 | N18: 準委任契約
O19: 総合計 | P19: =SUM(C17,K17,O17) -> 71.7 | Q19: =SUM(E17,K17,M17,Q17) -> 75540040

Sheet 公開AP
A1: 別紙「SP-02-01 SS-ST工程工数見積（XenApp廃止に伴うアプリケーション移行）Ver.4.2.xlsx」参照

Sheet Excel
B1: 技術検証時修正割合 | C1: 対象数 | D1: 要修正数 | E1: 割合
C2: 1558 | D2: 1143 | E2: =D2/C2 -> 0.73363286
E4: 要件定義 | H4: 修正・単体テスト | K4: システムテスト | N4: OT | O4: RL | P4: 合計
B5: 対象フォルダ | E5: 調査 | H5: 修正 | K5: テスト
C6: 対象数 | D6: 修正数 | E6: 数/H | F6: 人日 | G6: 人月 | H6: 数/H | I6: 人日 | J6: 人月 | K6: 数/H | L6: 人日 | M6: 人月
B7: iris_cps | C7: 2000 | D7: =ROUNDUP(C7*E2,0) -> 1468 | G7: =F7/20 -> 0 | H7: 32 | I7: =ROUNDUP(D7/H7,0) -> 46 | J7: =I7/20 -> 2.3 | K7: 8 | L7: =ROUNDUP(C7/K7,0) -> 250 | M7: =L7/20 -> 12.5 | P7: =SUM((F7+I7+L7)/20) -> 14.8
B8: IRIS_LocalSystem | C8: 237 | D8: =ROUNDUP(C8*E2,0) -> 174 | E8: 4 | F8: =ROUNDUP(C8/E8,0) -> 60 | G8: =F8/20 -> 3 | H8: 4 | I8: =ROUNDUP(D8/H8,0) -> 44 | J8: =I8/20 -> 2.2 | K8: 4 | L8: =ROUNDUP(C8/K8,0) -> 60 | M8: =L8/20 -> 3 | P8: =SUM((F8+I8+L8)/20) -> 8.2
B9: IRIS_SouHin | C9: 数ファイル | F9: 2 | G9: =F9/20 -> 0.1 | I9: 2 | J9: =I9/20 -> 0.1 | L9: 2 | M9: =L9/20 -> 0.1 | P9: =SUM((F9+I9+L9)/20) -> 0.3
G10: =SUM(G7:G9) -> 3.1 | J10: =SUM(J7:J9) -> 4.6 | M10: =SUM(M7:M9) -> 15.6 | N10: 3 | O10: 2.5 | P10: =SUM(P7:P9)+N12+O12 -> 28.8
G11: =G10*1000000 -> 3100000 | J11: =J10*1000000 -> 4600000 | M11: =M10*1000000 -> 15600000 | N11: =N10*1000000 -> 3000000 | O11: =O10*1000000 -> 2500000 | P11: =P10*1000000 -> 28800000
F12: 工数 | G12: 3.5 | I12: 工数 | J12: 5 | L12: 工数 | M12: 16 | N12: 3 | O12: =O10 -> 2.5 | P12: =SUM(G12,J12,M12,N12,O12) -> 30
F13: 金額 | G13: =G12*1000000 -> 3500000 | I13: 金額 | J13: =J12*1000000 -> 5000000 | L13: 金額 | M13: =M12*1000000 -> 16000000 | N13: =N12*1000000 -> 3000000 | O13: =O12*1000000 -> 2500000 | P13: =P12*1000000 -> 30000000

Sheet Excel (修正後)
B1: 技術検証時修正割合 | C1: 対象数 | D1: 要修正数 | E1: 割合
C2: 1558 | D2: 1143 | E2: =D2/C2 -> 0.73363286
G4: 要件定義 | J4: 修正・単体テスト | M4: システムテスト | P4: OT | Q4: RL | R4: 合計
B5: 対象フォルダ | G5: 調査 | J5: 修正 | M5: テスト
C6: 対象数 | D6: 修正数 | E6: エラーなし | F6: 実質修正数 | G6: 数/H | H6: 人日 | I6: 人月 | J6: 数/H | K6: 人日 | L6: 人月 | M6: 数/H | N6: 人日 | O6: 人月
B7: iris_cps | C7: 2000 | D7: =ROUNDUP(C7*E2,0) -> 1468 | E7: 312 | F7: =D7-E7 -> 1156 | I7: =H7/20 -> 0 | J7: 32 | K7: =ROUNDUP(F7/J7,0) -> 37 | L7: =K7/20 -> 1.85 | M7: 8 | N7: =ROUNDUP(F7/M7,0) -> 145 | O7: =N7/20 -> 7.25 | R7: =SUM((H7+K7+N7)/20) -> 9.1
B8: IRIS_LocalSystem | C8: 237 | D8: =ROUNDUP(C8*E2,0) -> 174 | F8: 174 | G8: 4 | H8: =ROUNDUP(C8/G8,0) -> 60 | I8: =H8/20 -> 3 | J8: 4 | K8: =ROUNDUP(D8/J8,0) -> 44 | L8: =K8/20 -> 2.2 | M8: 4 | N8: =ROUNDUP(C8/M8,0) -> 60 | O8: =N8/20 -> 3 | R8: =SUM((H8+K8+N8)/20) -> 8.2
B9: IRIS_SouHin | C9: 数ファイル | H9: 2 | I9: =H9/20 -> 0.1 | K9: 2 | L9: =K9/20 -> 0.1 | N9: 2 | O9: =N9/20 -> 0.1 | R9: =SUM((H9+K9+N9)/20) -> 0.3
I10: =SUM(I7:I9) -> 3.1 | L10: =SUM(L7:L9) -> 4.15 | O10: =SUM(O7:O9) -> 10.35 | P10: 3 | Q10: 2.5 | R10: =SUM(R7:R9)+P12+Q12 -> 23.1
I11: =I10*1000000 -> 3100000 | L11: =L10*1000000 -> 4150000 | O11: =O10*1000000 -> 10350000 | P11: =P10*1000000 -> 3000000 | Q11: =Q10*1000000 -> 2500000 | R11: =R10*1000000 -> 23100000
H12: 工数 | I12: 3.5 | K12: 工数 | L12: =ROUNDUP(L10,1) -> 4.2 | N12: 工数 | O12: =ROUNDUP(O10,1) -> 10.4 | P12: 3 | Q12: =Q10 -> 2.5 | R12: =SUM(I12,L12,O12,P12,Q12) -> 23.6
H13: 金額 | I13: =I12*1000000 -> 3500000 | K13: 金額 | L13: =L12*1000000 -> 4200000 | N13: 金額 | O13: =O12*1000000 -> 10400000 | P13: =P12*1000000 -> 3000000 | Q13: =Q12*1000000 -> 2500000 | R13: =R12*1000000 -> 23600000

Sheet ファイルサーバ・その他
C1: 要件定義 | E1: 設計 | G1: 構築 | I1: OT | K1: RL
B2: ファイルサーバ構築 | C2: 1 | D2: =C2*1000000 -> 1000000 | E2: 1 | F2: =E2*1000000 -> 1000000 | G2: 1 | H2: =G2*1000000 -> 1000000 | I2: 0.5 | J2: =I2*1000000 -> 500000 | K2: 1 | L2: =K2*1000000 -> 1000000
C3: 調査
C4: ・スペック
C5: ・フォルダ構成
C6: ・権限
B8: その他 | C8: 要件定義 | E8: 設計
B9: （XenAppその他調査） | C9: 2 | D9: =C9*1000000 -> 2000000 | E9: 1 | F9: =E9*1000000 -> 1000000
C10: 調査 | E10: テスト計画作成
