Workbook

Sheet No.394_工数見積もり
A1: No.394_工数見積もり
A2: 当初のご要望内容
B3: 関東第二支店では、販売部から提供頂いたデータをもとに、下記の通り各SSの黒本ポータルの利用状況を把握しております。
B12: 上記のデータに加えてSSが黒本ポータルを利用するにあたり、「（在庫増減確認の）□にチェックを入れたか」を把握したい、と考えております。
B13: ＊在庫登録だけでなく、在庫増減数量及び増減率を「確認」しないと、漏洩管理を実施したことにならない為
B15: つきましては、以下３点が相談事項となります。
B16: １． 月１回、黒本ポータル登録SSで「（在庫増減確認の）□」にチェックを入れているかどうか確認したい。
B17: ２． 出来れば日別で把握したい。
B18: ３． 上記２点をエクセルデータで頂きたい。
A21: ご確認事項
B22: Box\apollostationポータル構築プロジェクト\42_黒本ポータル構築PJ（システムエグゼ様 × 出光）\11_保守\【No.394】黒本ポータル利用実績について\システムエグゼ調査\確認事項一覧.xlsx
A25: 要件整理
B26: １． 月２回、黒本ポータル登録SSで「（在庫増減確認の）□」にチェックをいれているかどうか確認したい。
B27: （例１～１５日分を次の営業日の午前中、１６～末分を次の営業日の午前中）在庫入力、在庫管理実施状況の「○」は、それぞれ、１～１５日及び１６～末日で１回でも実施すれば「○」）
B28: ２． 現状出力している利用状況データの項目「No.1_CD」～「在庫登録」に「在庫増減確認」を追加する。
B29: また、項目「毎日・毎週点検登録」～「在庫増減登録」の〇は対象月に登録されたものに〇を付ける
B30: ３． フォーマットは現状出力している利用状況データと同じ。
B31: ４． 現状提供している利用状況データ(下記)と同様の流れでのご提供とする。
A34: お見積もり工数(人日)
B35: =作業工数!H33 -> 10.5 | C35: 人日
B37: 詳細は下記参照ください。
C38: 作業工数

Sheet マスタ
A2: ■単価
B3: 管理 | C3: 1400000
B4: 管理以外 | C4: 1000000

Sheet 作業工数
A1: 作業工数
A3: 前提
B4: NASサーバとして使用するサーバと出力先フォルダが現状提供している利用状況データと同じであること。
C5: ※別フォルダにするのであれば改修内容も修正が必要
B6: Excelマクロツールは利用状況データで使用しているものを改修すること。
A9: 工数
B10: 行程 | E10: 工数 (人時) | H10: 工数 (人日) | I10: 工数 (人月) | J10: 金額 | K10: メモ
B11: 設計 | E11: =SUM(F12:F12) -> 10 | H11: =E11/8 -> 1.25 | I11: =H11/20 -> 0.0625 | J11: =マスタ!$C$4*I11 -> 62500
C12: バッチ仕様書 | F12: 10
B13: 実装・単体テスト | E13: =SUM(F14:F20) -> 31 | H13: =E13/8 -> 3.875 | I13: =H13/20 -> 0.19375 | J13: =マスタ!$C$4*I13 -> 193750
C14: ジョブ | F14: 2 | K14: batファイル
C15: サーバ処理 | F15: 14
D16: 実装 | G16: 4 | K16: BatchService, Service, application.yml(リリース時の差替え用のymlファイルも修正必要)
D17: 単体テスト | G17: 8 | K17: ※出力日のパターンについては、current_dateを変更することができないので、sqlの日付部分を変更したjarを作成して実施する
C18: Excelマクロ | F18: 15 | K18: 現行ファイルを改修する想定
D19: 現行ファイル改修 | G19: 4 | K19: 用途選択方式の追加、用途による取得ファイルの切替え、用途によるテンプレート(レイアウト)の切替え | L19: Excelマクロツールの改修内容
D20: 高速化 | G20: 1 | K20: 一般的な対処(描画を止める、自動計算の停止、イベント処理の停止、等)のみの想定
D21: 単体テスト | G21: 8 | K21: 在庫増減確認シートの出力、利用状況シートの出力(デグレ確認)
B22: 結合テスト | E22: =SUM(F23:F24) -> 16 | H22: =E22/8 -> 2 | I22: =H22/20 -> 0.1 | J22: =マスタ!$C$4*I22 -> 100000 | K22: 結合部分の確認を想定
C23: テスト仕様書 | F23: 10 | K23: 項目作成(バッチ処理～Excelマクロ)、検証環境確認 本番の「\\10.180.0.106\015hanbai\黒本ポータル利用実績」フォルダへのアクセスを実際に行うかは要相談
C24: 実施 | F24: 6
B25: リリース作業 | E25: =SUM(F26:F27) -> 9 | H25: =E25/8 -> 1.125 | I25: =H25/20 -> 0.05625 | J25: =マスタ!$C$4*I25 -> 56250
C26: リリース手順書 | F26: 5
C27: 実施 | F27: 4 | K27: 実施者とバックチェック者の2名分
B28: リリース後の問合せ対応 | E28: =SUM(F29:F29) -> 4 | H28: =E28/8 -> 0.5 | I28: =H28/20 -> 0.025 | J28: =マスタ!$C$4*I28 -> 25000
C29: 問合せ対応 | F29: 4
B30: 管理工数 | E30: =F31 -> 14 | H30: =E30/8 -> 1.75 | I30: =H30/20 -> 0.0875 | J30: =マスタ!$C$3*I30 -> 122500
C31: PJ管理 | F31: =SUM(E11:E28)*0.2 -> 14
B33: 合計 | E33: =SUM(E11:E32) -> 84 | H33: =SUM(H11:H32) -> 10.5 | I33: =SUM(I11:I32) -> 0.525 | J33: =SUM(J11:J32) -> 560000

Sheet Excelマクロツールの改修内容
A2: Excelマクロツールの改修内容
B3: 「利用状況取込」シートにて、用途を選択できるようにします。
A31: 「利用状況」を選択した場合
B36: 「\\10.180.0.106\015hanbai\黒本ポータル利用実績」フォルダ内の「usage_survey_」のファイルを読込んで出力処理を実施します。
B42: 従来の利用状況シートを作成します。
B55: シート名は従来通りとします。
A60: 「在庫増減確認」を選択した場合
B65: 「\\10.180.0.106\015hanbai\黒本ポータル利用実績」フォルダ内の「inventory_confirmation_survey_」のファイルを読込んで出力処理を実施します。
B71: 在庫増減確認シートを作成します。
B84: シート名は年月日+「在庫増減確認」とします。

Sheet sql
A1: select
A2: ss.ref_no1 as torihikisaki_no1_cd, head.name as torihikisaki_no1_nm,
A3: ss.no2_code as torihikisaki_no2_cd, ss.name as torihikisaki_no2_nm,
A4: ss.branch_code, ss.branch_name, ss.department_code, ss.department_name,
A5: ifnull(tank.tank_cnt, 0) as tank_cnt,
A6: if(daily.daily_cnt > 0, '〇', '') as daily_cnt,
A7: if(monthly.monthly_cnt > 0, '〇', '') as monthly_cnt,
A8: if(half_year.half_year_cnt > 0, '〇', '') as half_year_cnt,
A9: if(inventory.inventory_cnt > 0, '〇', '') as inventory_cnt,
A10: if(pos_inspection_checked.pos_inspection_cnt > 0, '〇', '') as pos_inspection_checked
A11: from m_dealership_ss as ss
A12: left join m_dealership_head as head on ss.ref_no1 = head.no1_code
... A58: order by ss.ref_no1, ss.no2_code;

Sheet No.394_工数見積もり_old
A1: No.394_工数見積もり
A2: ご要望内容
B3: 関東第二支店では、販売部から提供頂いたデータをもとに、下記の通り各SSの黒本ポータルの利用状況を把握しております。
B12: 上記のデータに加えてSSが黒本ポータルを利用するにあたり、「（在庫増減確認の）□にチェックを入れたか」を把握したい、と考えております。
B13: ＊在庫登録だけでなく、在庫増減数量及び増減率を「確認」しないと、漏洩管理を実施したことにならない為
B15: つきましては、以下３点が相談事項となります。
B16: １． 月１回、黒本ポータル登録SSで「（在庫増減確認の）□」にチェックを入れているかどうか確認したい。
B17: ２． 出来れば日別で把握したい。
B18: ３． 上記２点をエクセルデータで頂きたい。
A21: ご確認事項
B22: Box\apollostationポータル構築プロジェクト\42_黒本ポータル構築PJ（システムエグゼ様 × 出光）\11_保守\【No.394】黒本ポータル利用実績について\システムエグゼ調査\確認事項一覧.xlsx
A25: お見積もり工数(人時)
B26: 38人時 | D26: ※22025/6/9時点でのお見積りとなります。今後予定しているヒアリングの結果によって変更することがあります。
B28: 詳細は下記参照ください。
C29: 作業工数

Sheet 作業工数_old
A1: 作業工数
A3: 前提
B4: 既存の作業状況抽出と同じ流れであること(バッチ処理→Excelマクロ)。
B5: サーバの出力先フォルダが決まっていること。
B6: Excelマクロのレイアウトが決まっていること。
B7: レビュー工数は含めていません。
A9: 工数
B10: 行程 | E10: 工数 (人時) | H10: メモ
B11: 設計 | E11: =SUM(F12:F13) -> 8
C12: バッチ仕様書 | F12: 4
C13: IF定義書 | F13: 4
B14: 実装 | E14: =SUM(F15:F21) -> 14
C15: ジョブ | F15: 1 | H15: オペマネ
C16: サーバ処理 | F16: =SUM(G17:G18) -> 8
D17: 実装 | G17: 4 | H17: BatchService, Service, application.yml
D18: 単体テスト | G18: 4
C19: Excelマクロ | F19: =SUM(G20:G21) -> 5 | H19: 現行ファイルを改修する想定
D20: 現行ファイル改修(用途の切替え) | G20: 4
D21: 高速化 | G21: 1 | H21: 一般的な対処(描画を止める、自動計算の停止、イベント処理の停止、等)のみの想定
B22: 結合テスト | E22: =SUM(F23:F24) -> 8
C23: テスト仕様書 | F23: 4
C24: 実施 | F24: 4
B25: リリース作業 | E25: =SUM(F26:F27) -> 8
C26: リリース手順書 | F26: 4
C27: 実施 | F27: 4 | H27: 実施者とバックチェック者の2名分
B28: 合計 | E28: =SUM(E11:E27) -> 38
