Workbook

Sheet No.406_工数見積もり
A1: No.406_工数見積もり
A2: 当初のご要望内容
B3: 【東北支店からの確認事項（黒本ポータルのPDF化）】
B4: 在庫管理を出力（印刷）する際、「日計増減率」を省かれないようにしたい
A7: ご確認事項
B8: 在庫管理PDFは、すでに帳票幅一杯まで明細表示に使用しているため、「日計増減率」項目を追加するには各項目の幅を調整する(縮める)必要があります。よろしいでしょうか。
A11: お見積もり工数(人日)
B12: =作業工数!G20 -> 8.4 | C12: 人日
B14: 詳細は下記参照ください。
C15: 作業工数

Sheet 作業工数
A1: 作業工数
A3: 前提
B4: 在庫管理画面の「日計増減率」項目は、在庫管理要注意判定「日計」にチェックが付いているSSの場合に表示されます。帳票においても、同様の条件で「日計増減率」の表示/非表示を切り替える想定です。
B5: 下記工数は開発者の作業工数となっています。
B6: リリース作業工数については、No.394と同時対応を想定している関係上、本件個別での計上は行っておりません。
A8: 工数
B9: 行程 | E9: 工数 (人時) | G9: 工数 (人日) | H9: 工数 (人月) | I9: 金額 | J9: メモ
B10: 設計 | E10: =SUM(F11:F11) -> 12 | G10: =E10/8 -> 1.5 | H10: =G10/20 -> 0.075 | I10: =マスタ!$C$4*H10 -> 75000
C11: 帳票仕様 | F11: 12 | J11: Box\apollostationポータル構築プロジェクト\42_黒本ポータル構築PJ（システムエグゼ様 × 出光）\04_設計・開発\01_ユーザインタフェース設計\B1UI-4_帳票設計(UI-12,13)\UI-13 帳票仕様(在庫管理_画面DW).xlsx 「在庫管理帳票」シートにイメージを追加する
B12: 実装・単体テスト | E12: =SUM(F13:F14) -> 24 | G12: =E12/8 -> 3 | H12: =G12/20 -> 0.15 | I12: =マスタ!$C$4*H12 -> 150000
C13: サーバ処理 | F13: 8 | J13: /kurohon-portal/src/main/java/com/idemitsu/apollostation/kurohon/domain/service/InventoryControlService.java exportCalcuratedInventory()にて、帳票を切替える処理を追加
C14: 帳票レイアウト(新規) | F14: 16 | J14: /kurohon-portal/src/main/resources/jasper/inventory_control.jrxmlを元に、「日計増減率」項目追加版を新規作成する | K14: 帳票の改修内容
B15: 結合テスト | E15: =SUM(F16:F17) -> 20 | G15: =E15/8 -> 2.5 | H15: =G15/20 -> 0.125 | I15: =マスタ!$C$4*H15 -> 125000 | J15: 検証環境で実施
C16: テスト仕様書 | F16: 12 | J16: 項目作成(バッチ処理～Excelマクロ)、検証環境リリース 本番の「\\10.180.0.106\015hanbai\黒本ポータル利用実績」フォルダへのアクセスを実際に行うかは要相談
C17: 実施 | F17: 8
B18: 管理工数 | E18: =SUM(F19) -> 11.2 | G18: =E18/8 -> 1.4 | H18: =G18/20 -> 0.07 | I18: =マスタ!$C$3*H18 -> 98000 | J18: =[1]マスタ!$C$3*I18 -> 1.176e+11
C19: PJ管理 | F19: =SUM(F11:F17)*0.2 -> 11.2
B20: 合計 | E20: =SUM(E10:E17) -> 56 | G20: =SUM(G10:G18) -> 8.4 | H20: =SUM(H10:H19) -> 0.42 | I20: =SUM(I10:I19) -> 448000

Sheet 作業工数_old
A1: 作業工数
A3: 前提
B4: 在庫管理画面の「日計増減率」項目は、在庫管理要注意判定「日計」にチェックが付いているSSの場合に表示されます。帳票においても、同様の条件で「日計増減率」の表示/非表示を切り替える想定です。
B5: 下記工数は開発者の作業工数となっています。管理工数、レビュー工数は含めていません。
B6: リリース作業工数については、No.394と同時対応を想定している関係上、本件個別での計上は行っておりません。
A8: 工数
B9: 行程 | E9: 工数 (人時) | G9: 工数 (人日) | H9: 工数 (人月) | I9: 金額 | J9: メモ
B10: 設計 | E10: =SUM(F11:F11) -> 4 | G10: =E10/8 -> 0.5 | H10: =G10/20 -> 0.025 | I10: =マスタ!$C$4*H10 -> 25000
C11: 帳票仕様 | F11: 4 | J11: Box\apollostationポータル構築プロジェクト\42_黒本ポータル構築PJ（システムエグゼ様 × 出光）\04_設計・開発\01_ユーザインタフェース設計\B1UI-4_帳票設計(UI-12,13)\UI-13 帳票仕様(在庫管理_画面DW).xlsx 「在庫管理帳票」シートにイメージを追加する
B12: 実装 | E12: =SUM(F13:F14) -> 14 | G12: =E12/8 -> 1.75 | H12: =G12/20 -> 0.0875 | I12: =マスタ!$C$4*H12 -> 87500
C13: サーバ処理 | F13: 6 | J13: /kurohon-portal/src/main/java/com/idemitsu/apollostation/kurohon/domain/service/InventoryControlService.java exportCalcuratedInventory()にて、帳票を切替える処理を追加
C14: 帳票レイアウト(新規) | F14: 8 | J14: /kurohon-portal/src/main/resources/jasper/inventory_control.jrxmlを元に、「日計増減率」項目追加版を新規作成する | K14: 帳票の改修内容
B15: 結合テスト | E15: =SUM(F16:F17) -> 12 | G15: =E15/8 -> 1.5 | H15: =G15/20 -> 0.075 | I15: =マスタ!$C$4*H15 -> 75000 | J15: 検証環境で実施
C16: テスト仕様書 | F16: 8 | J16: 項目作成(バッチ処理～Excelマクロ)、検証環境リリース 本番の「\\10.180.0.106\015hanbai\黒本ポータル利用実績」フォルダへのアクセスを実際に行うかは要相談
C17: 実施 | F17: 4
B18: 合計 | E18: =SUM(E10:E17) -> 30 | G18: =SUM(G10:G17) -> 3.75 | H18: =SUM(H10:H17) -> 0.1875 | I18: =SUM(I10:I17) -> 187500

Sheet 帳票の改修内容
A2: 帳票の改修内容
B3: 「日計増減率」項目なし(在庫管理要注意判定「日計」にチェックなしの場合) | M3: 「日計増減率」項目あり(在庫管理要注意判定「日計」にチェックありの場合)

Sheet マスタ
A2: ■単価
B3: 管理 | C3: 1400000
B4: 管理以外 | C4: 1000000
