Workbook
Name A: 工数見積!$B:$B

Sheet 御見積について
B2: ■成果物
B3: 工程名 | C3: 成果物 | D3: 備考
B4: 要件定義 | C4: 画面一覧
B5: 要件定義 | C5: 対応方針書
B6: 設計 | C6: 画面項目定義書 | D6: 既存ドキュメントの修正
B7: 設計 | C7: 設計書 | D7: 既存ドキュメントの修正
B8: 設計 | C8: マニュアル | D8: 既存ドキュメントの修正
B9: 製造 | C9: プログラム仕様書
B10: 製造 | C10: プログラムソース一式
B11: 単体テスト | C11: 単体テスト仕様書
B12: 結合テスト | C12: 結合テスト仕様書
B13: 受入テスト支援
B14: リリース | C14: 作業手順書
B16: ■前提条件
B17: ・改修対象は全画面とします。（パワポに書くときは画面一覧のスライド名にする）
B19: ・サーバ、及び画面ソースの改修（機能改修）は実施しません。
B21: ・テスト対象はタブレット1端末（縦/横 画面）、スマートフォン1端末（縦/横 画面）とします。
B22: なお、機能改修は実施しないため、システムテストは見積対象外としています。
B24: ・テストは検証環境にアクセスできる端末が無いため、エミュレーターで実施させていただく想定です。
B25: ※実機での確認は出光様にて受け入れ時にお願いいたします。
B27: ・要件定義工程でスマートフォン対応が必要な画面の精査を行い、対応不要と判断した画面は設計工程から除外させていただきます。
B29: ・改修対象画面を現在のレイアウトをスマートフォン用に修正する想定で御見積を算出しています。
B30: ※新たにスマートフォン用のレイアウトを作成する場合はご相談させていただきたく存じます。

Sheet 工数見積
A1: 【黒本】スマホ対応 工数見積もり
B3: 画面名 | C3: 画面ステップ数 | D3: 難易度 | E3: 工程 | K3: プロジェクト管理工数(20%) | L3: 合計 （人日） | M3: 合計 （人月）
E4: 要件定義 | F4: 設計 | G4: 製造 | H4: 単体テスト | I4: 結合テスト | J4: 受入テスト支援
B6: 画面
B7: ヘッダー | C7: 221 | D7: {=_xlfn.IFS(C7<=工数マスタ!$F$11,"特低",AND(C7>=工数マスタ!$E$10,C7<=工数マスタ!$E$11),"低",AND(C7>=工数マスタ!$D$10,C7<=工数マスタ!$D$11),"中",AND(C7>=工数マスタ!$C$10,C7<=工数マスタ!$C$11),"高",C7>=工数マスタ!$B$10,"特高")} -> 低 | E7: =SUMPRODUCT(VLOOKUP(E$4,工数マスタ!$A$2:$F$8,MATCH($D7,工数マスタ!$A$2:$F$2,0),FALSE)) -> 0.3 | F7: =SUMPRODUCT(VLOOKUP(F$4,工数マスタ!$A$2:$F$8,MATCH($D7,工数マスタ!$A$2:$F$2,0),FALSE)) -> 0.3 | G7: =SUMPRODUCT(VLOOKUP(G$4,工数マスタ!$A$2:$F$8,MATCH($D7,工数マスタ!$A$2:$F$2,0),FALSE)) -> 0.8 | H7: =SUMPRODUCT(VLOOKUP(H$4,工数マスタ!$A$2:$F$8,MATCH($D7,工数マスタ!$A$2:$F$2,0),FALSE)) -> 0.3 | I7: =SUMPRODUCT(VLOOKUP(I$4,工数マスタ!$A$2:$F$8,MATCH($D7,工数マスタ!$A$2:$F$2,0),FALSE)) -> 1.5 | J7: =SUMPRODUCT(VLOOKUP(J$4,工数マスタ!$A$2:$F$8,MATCH($D7,工数マスタ!$A$2:$F$2,0),FALSE)) -> 0.3 | K7: =SUM(E7:J7)*0.2 -> 0.7 | L7: =SUM(E7:J7)+K7 -> 4.2 | M7: =ROUNDUP(L7/20,2) -> 0.21
B8: メニュー | C8: 89 | D8: {=_xlfn.IFS(C8<=工数マスタ!$F$11,"特低",AND(C8>=工数マスタ!$E$10,C8<=工数マスタ!$E$11),"低",AND(C8>=工数マスタ!$D$10,C8<=工数マスタ!$D$11),"中",AND(C8>=工数マスタ!$C$10,C8<=工数マスタ!$C$11),"高",C8>=工数マスタ!$B$10,"特高")} -> 特低 | E8: =SUMPRODUCT(VLOOKUP(E$4,工数マスタ!$A$2:$F$8,MATCH($D8,工数マスタ!$A$2:$F$2,0),FALSE)) -> 0.2 | F8: =SUMPRODUCT(VLOOKUP(F$4,工数マスタ!$A$2:$F$8,MATCH($D8,工数マスタ!$A$2:$F$2,0),FALSE)) -> 0.2 | G8: =SUMPRODUCT(VLOOKUP(G$4,工数マスタ!$A$2:$F$8,MATCH($D8,工数マスタ!$A$2:$F$2,0),FALSE)) -> 0.5 | H8: =SUMPRODUCT(VLOOKUP(H$4,工数マスタ!$A$2:$F$8,MATCH($D8,工数マスタ!$A$2:$F$2,0),FALSE)) -> 0.2 | I8: =SUMPRODUCT(VLOOKUP(I$4,工数マスタ!$A$2:$F$8,MATCH($D8,工数マスタ!$A$2:$F$2,0),FALSE)) -> 1 | J8: =SUMPRODUCT(VLOOKUP(J$4,工数マスタ!$A$2:$F$8,MATCH($D8,工数マスタ!$A$2:$F$2,0),FALSE)) -> 0.2 | K8: =SUM(E8:J8)*0.2 -> 0.46 | L8: =SUM(E8:J8)+K8 -> 2.76 | M8: =ROUNDUP(L8/20,2) -> 0.14
B9: システム利用権限エラー | C9: 18 | D9: {=_xlfn.IFS(C9<=工数マスタ!$F$11,"特低",AND(C9>=工数マスタ!$E$10,C9<=工数マスタ!$E$11),"低",AND(C9>=工数マスタ!$D$10,C9<=工数マスタ!$D$11),"中",AND(C9>=工数マスタ!$C$10,C9<=工数マスタ!$C$11),"高",C9>=工数マスタ!$B$10,"特高")} -> 特低 | E9: =SUMPRODUCT(VLOOKUP(E$4,工数マスタ!$A$2:$F$8,MATCH($D9,工数マスタ!$A$2:$F$2,0),FALSE)) -> 0.2 | F9: =SUMPRODUCT(VLOOKUP(F$4,工数マスタ!$A$2:$F$8,MATCH($D9,工数マスタ!$A$2:$F$2,0),FALSE)) -> 0.2 | G9: =SUMPRODUCT(VLOOKUP(G$4,工数マスタ!$A$2:$F$8,MATCH($D9,工数マスタ!$A$2:$F$2,0),FALSE)) -> 0.5 | H9: =SUMPRODUCT(VLOOKUP(H$4,工数マスタ!$A$2:$F$8,MATCH($D9,工数マスタ!$A$2:$F$2,0),FALSE)) -> 0.2 | I9: =SUMPRODUCT(VLOOKUP(I$4,工数マスタ!$A$2:$F$8,MATCH($D9,工数マスタ!$A$2:$F$2,0),FALSE)) -> 1 | J9: =SUMPRODUCT(VLOOKUP(J$4,工数マスタ!$A$2:$F$8,MATCH($D9,工数マスタ!$A$2:$F$2,0),FALSE)) -> 0.2 | K9: =SUM(E9:J9)*0.2 -> 0.46 | L9: =SUM(E9:J9)+K9 -> 2.76 | M9: =ROUNDUP(L9/20,2) -> 0.14
B10: 毎日・毎週点検一覧 | C10: 1381 | D10: {=_xlfn.IFS(C10<=工数マスタ!$F$11,"特低",AND(C10>=工数マスタ!$E$10,C10<=工数マスタ!$E$11),"低",AND(C10>=工数マスタ!$D$10,C10<=工数マスタ!$D$11),"中",AND(C10>=工数マスタ!$C$10,C10<=工数マスタ!$C$11),"高",C10>=工数マスタ!$B$10,"特高")} -> 高 | E10: =SUMPRODUCT(VLOOKUP(E$4,工数マスタ!$A$2:$F$8,MATCH($D10,工数マスタ!$A$2:$F$2,0),FALSE)) -> 0.7 | F10: =SUMPRODUCT(VLOOKUP(F$4,工数マスタ!$A$2:$F$8,MATCH($D10,工数マスタ!$A$2:$F$2,0),FALSE)) -> 0.7 | G10: =SUMPRODUCT(VLOOKUP(G$4,工数マスタ!$A$2:$F$8,MATCH($D10,工数マスタ!$A$2:$F$2,0),FALSE)) -> 1.3 | H10: =SUMPRODUCT(VLOOKUP(H$4,工数マスタ!$A$2:$F$8,MATCH($D10,工数マスタ!$A$2:$F$2,0),FALSE)) -> 0.7 | I10: =SUMPRODUCT(VLOOKUP(I$4,工数マスタ!$A$2:$F$8,MATCH($D10,工数マスタ!$A$2:$F$2,0),FALSE)) -> 2.5 | J10: =SUMPRODUCT(VLOOKUP(J$4,工数マスタ!$A$2:$F$8,MATCH($D10,工数マスタ!$A$2:$F$2,0),FALSE)) -> 0.7 | K10: =SUM(E10:J10)*0.2 -> 1.32 | L10: =SUM(E10:J10)+K10 -> 7.92 | M10: =ROUNDUP(L10/20,2) -> 0.4
B11: 毎日・毎週点検入力 | C11: 112 | D11: {=_xlfn.IFS(C11<=工数マスタ!$F$11,"特低",AND(C11>=工数マスタ!$E$10,C11<=工数マスタ!$E$11),"低",AND(C11>=工数マスタ!$D$10,C11<=工数マスタ!$D$11),"中",AND(C11>=工数マスタ!$C$10,C11<=工数マスタ!$C$11),"高",C11>=工数マスタ!$B$10,"特高")} -> 特低 | E11: =SUMPRODUCT(VLOOKUP(E$4,工数マスタ!$A$2:$F$8,MATCH($D11,工数マスタ!$A$2:$F$2,0),FALSE)) -> 0.2 | F11: =SUMPRODUCT(VLOOKUP(F$4,工数マスタ!$A$2:$F$8,MATCH($D11,工数マスタ!$A$2:$F$2,0),FALSE)) -> 0.2 | G11: =SUMPRODUCT(VLOOKUP(G$4,工数マスタ!$A$2:$F$8,MATCH($D11,工数マスタ!$A$2:$F$2,0),FALSE)) -> 0.5 | H11: =SUMPRODUCT(VLOOKUP(H$4,工数マスタ!$A$2:$F$8,MATCH($D11,工数マスタ!$A$2:$F$2,0),FALSE)) -> 0.2 | I11: =SUMPRODUCT(VLOOKUP(I$4,工数マスタ!$A$2:$F$8,MATCH($D11,工数マスタ!$A$2:$F$2,0),FALSE)) -> 1 | J11: =SUMPRODUCT(VLOOKUP(J$4,工数マスタ!$A$2:$F$8,MATCH($D11,工数マスタ!$A$2:$F$2,0),FALSE)) -> 0.2 | K11: =SUM(E11:J11)*0.2 -> 0.46 | L11: =SUM(E11:J11)+K11 -> 2.76 | M11: =ROUNDUP(L11/20,2) -> 0.14
B12: 毎日・毎週点検確認 | C12: 76 | D12: {=_xlfn.IFS(C12<=工数マスタ!$F$11,"特低",AND(C12>=工数マスタ!$E$10,C12<=工数マスタ!$E$11),"低",AND(C12>=工数マスタ!$D$10,C12<=工数マスタ!$D$11),"中",AND(C12>=工数マスタ!$C$10,C12<=工数マスタ!$C$11),"高",C12>=工数マスタ!$B$10,"特高")} -> 特低 | E12: =SUMPRODUCT(VLOOKUP(E$4,工数マスタ!$A$2:$F$8,MATCH($D12,工数マスタ!$A$2:$F$2,0),FALSE)) -> 0.2 | F12: =SUMPRODUCT(VLOOKUP(F$4,工数マスタ!$A$2:$F$8,MATCH($D12,工数マスタ!$A$2:$F$2,0),FALSE)) -> 0.2 | G12: =SUMPRODUCT(VLOOKUP(G$4,工数マスタ!$A$2:$F$8,MATCH($D12,工数マスタ!$A$2:$F$2,0),FALSE)) -> 0.5 | H12: =SUMPRODUCT(VLOOKUP(H$4,工数マスタ!$A$2:$F$8,MATCH($D12,工数マスタ!$A$2:$F$2,0),FALSE)) -> 0.2 | I12: =SUMPRODUCT(VLOOKUP(I$4,工数マスタ!$A$2:$F$8,MATCH($D12,工数マスタ!$A$2:$F$2,0),FALSE)) -> 1 | J12: =SUMPRODUCT(VLOOKUP(J$4,工数マスタ!$A$2:$F$8,MATCH($D12,工数マスタ!$A$2:$F$2,0),FALSE)) -> 0.2 | K12: =SUM(E12:J12)*0.2 -> 0.46 | L12: =SUM(E12:J12)+K12 -> 2.76 | M12: =ROUNDUP(L12/20,2) -> 0.14
B13: 削除 | C13: 75 | D13: {=_xlfn.IFS(C13<=工数マスタ!$F$11,"特低",AND(C13>=工数マスタ!$E$10,C13<=工数マスタ!$E$11),"低",AND(C13>=工数マスタ!$D$10,C13<=工数マスタ!$D$11),"中",AND(C13>=工数マスタ!$C$10,C13<=工数マスタ!$C$11),"高",C13>=工数マスタ!$B$10,"特高")} -> 特低 | E13: =SUMPRODUCT(VLOOKUP(E$4,工数マスタ!$A$2:$F$8,MATCH($D13,工数マスタ!$A$2:$F$2,0),FALSE)) -> 0.2 | F13: =SUMPRODUCT(VLOOKUP(F$4,工数マスタ!$A$2:$F$8,MATCH($D13,工数マスタ!$A$2:$F$2,0),FALSE)) -> 0.2 | G13: =SUMPRODUCT(VLOOKUP(G$4,工数マスタ!$A$2:$F$8,MATCH($D13,工数マスタ!$A$2:$F$2,0),FALSE)) -> 0.5 | H13: =SUMPRODUCT(VLOOKUP(H$4,工数マスタ!$A$2:$F$8,MATCH($D13,工数マスタ!$A$2:$F$2,0),FALSE)) -> 0.2 | I13: =SUMPRODUCT(VLOOKUP(I$4,工数マスタ!$A$2:$F$8,MATCH($D13,工数マスタ!$A$2:$F$2,0),FALSE)) -> 1 | J13: =SUMPRODUCT(VLOOKUP(J$4,工数マスタ!$A$2:$F$8,MATCH($D13,工数マスタ!$A$2:$F$2,0),FALSE)) -> 0.2 | K13: =SUM(E13:J13)*0.2 -> 0.46 | L13: =SUM(E13:J13)+K13 -> 2.76 | M13: =ROUNDUP(L13/20,2) -> 0.14
B14: 6ヶ月点検 | C14: 840 | D14: {=_xlfn.IFS(C14<=工数マスタ!$F$11,"特低",AND(C14>=工数マスタ!$E$10,C14<=工数マスタ!$E$11),"低",AND(C14>=工数マスタ!$D$10,C14<=工数マスタ!$D$11),"中",AND(C14>=工数マスタ!$C$10,C14<=工数マスタ!$C$11),"高",C14>=工数マスタ!$B$10,"特高")} -> 中 | E14: =SUMPRODUCT(VLOOKUP(E$4,工数マスタ!$A$2:$F$8,MATCH($D14,工数マスタ!$A$2:$F$2,0),FALSE)) -> 0.5 | F14: =SUMPRODUCT(VLOOKUP(F$4,工数マスタ!$A$2:$F$8,MATCH($D14,工数マスタ!$A$2:$F$2,0),FALSE)) -> 0.5 | G14: =SUMPRODUCT(VLOOKUP(G$4,工数マスタ!$A$2:$F$8,MATCH($D14,工数マスタ!$A$2:$F$2,0),FALSE)) -> 1 | H14: =SUMPRODUCT(VLOOKUP(H$4,工数マスタ!$A$2:$F$8,MATCH($D14,工数マスタ!$A$2:$F$2,0),FALSE)) -> 0.5 | I14: =SUMPRODUCT(VLOOKUP(I$4,工数マスタ!$A$2:$F$8,MATCH($D14,工数マスタ!$A$2:$F$2,0),FALSE)) -> 2 | J14: =SUMPRODUCT(VLOOKUP(J$4,工数マスタ!$A$2:$F$8,MATCH($D14,工数マスタ!$A$2:$F$2,0),FALSE)) -> 0.5 | K14: =SUM(E14:J14)*0.2 -> 1 | L14: =SUM(E14:J14)+K14 -> 6 | M14: =ROUNDUP(L14/20,2) -> 0.3
B15: 在庫管理表一覧 | C15: 1418 | D15: {=_xlfn.IFS(C15<=工数マスタ!$F$11,"特低",AND(C15>=工数マスタ!$E$10,C15<=工数マスタ!$E$11),"低",AND(C15>=工数マスタ!$D$10,C15<=工数マスタ!$D$11),"中",AND(C15>=工数マスタ!$C$10,C15<=工数マスタ!$C$11),"高",C15>=工数マスタ!$B$10,"特高")} -> 高 | E15: =SUMPRODUCT(VLOOKUP(E$4,工数マスタ!$A$2:$F$8,MATCH($D15,工数マスタ!$A$2:$F$2,0),FALSE)) -> 0.7 | F15: =SUMPRODUCT(VLOOKUP(F$4,工数マスタ!$A$2:$F$8,MATCH($D15,工数マスタ!$A$2:$F$2,0),FALSE)) -> 0.7 | G15: =SUMPRODUCT(VLOOKUP(G$4,工数マスタ!$A$2:$F$8,MATCH($D15,工数マスタ!$A$2:$F$2,0),FALSE)) -> 1.3 | H15: =SUMPRODUCT(VLOOKUP(H$4,工数マスタ!$A$2:$F$8,MATCH($D15,工数マスタ!$A$2:$F$2,0),FALSE)) -> 0.7 | I15: =SUMPRODUCT(VLOOKUP(I$4,工数マスタ!$A$2:$F$8,MATCH($D15,工数マスタ!$A$2:$F$2,0),FALSE)) -> 2.5 | J15: =SUMPRODUCT(VLOOKUP(J$4,工数マスタ!$A$2:$F$8,MATCH($D15,工数マスタ!$A$2:$F$2,0),FALSE)) -> 0.7 | K15: =SUM(E15:J15)*0.2 -> 1.32 | L15: =SUM(E15:J15)+K15 -> 7.92 | M15: =ROUNDUP(L15/20,2) -> 0.4
B16: 在庫入力 | C16: 110 | D16: {=_xlfn.IFS(C16<=工数マスタ!$F$11,"特低",AND(C16>=工数マスタ!$E$10,C16<=工数マスタ!$E$11),"低",AND(C16>=工数マスタ!$D$10,C16<=工数マスタ!$D$11),"中",AND(C16>=工数マスタ!$C$10,C16<=工数マスタ!$C$11),"高",C16>=工数マスタ!$B$10,"特高")} -> 特低 | E16: =SUMPRODUCT(VLOOKUP(E$4,工数マスタ!$A$2:$F$8,MATCH($D16,工数マスタ!$A$2:$F$2,0),FALSE)) -> 0.2 | F16: =SUMPRODUCT(VLOOKUP(F$4,工数マスタ!$A$2:$F$8,MATCH($D16,工数マスタ!$A$2:$F$2,0),FALSE)) -> 0.2 | G16: =SUMPRODUCT(VLOOKUP(G$4,工数マスタ!$A$2:$F$8,MATCH($D16,工数マスタ!$A$2:$F$2,0),FALSE)) -> 0.5 | H16: =SUMPRODUCT(VLOOKUP(H$4,工数マスタ!$A$2:$F$8,MATCH($D16,工数マスタ!$A$2:$F$2,0),FALSE)) -> 0.2 | I16: =SUMPRODUCT(VLOOKUP(I$4,工数マスタ!$A$2:$F$8,MATCH($D16,工数マスタ!$A$2:$F$2,0),FALSE)) -> 1 | J16: =SUMPRODUCT(VLOOKUP(J$4,工数マスタ!$A$2:$F$8,MATCH($D16,工数マスタ!$A$2:$F$2,0),FALSE)) -> 0.2 | K16: =SUM(E16:J16)*0.2 -> 0.46 | L16: =SUM(E16:J16)+K16 -> 2.76 | M16: =ROUNDUP(L16/20,2) -> 0.14
B17: アラート・リマインド通知マスタ | C17: 567 | D17: {=_xlfn.IFS(C17<=工数マスタ!$F$11,"特低",AND(C17>=工数マスタ!$E$10,C17<=工数マスタ!$E$11),"低",AND(C17>=工数マスタ!$D$10,C17<=工数マスタ!$D$11),"中",AND(C17>=工数マスタ!$C$10,C17<=工数マスタ!$C$11),"高",C17>=工数マスタ!$B$10,"特高")} -> 中 | E17: =SUMPRODUCT(VLOOKUP(E$4,工数マスタ!$A$2:$F$8,MATCH($D17,工数マスタ!$A$2:$F$2,0),FALSE)) -> 0.5 | F17: =SUMPRODUCT(VLOOKUP(F$4,工数マスタ!$A$2:$F$8,MATCH($D17,工数マスタ!$A$2:$F$2,0),FALSE)) -> 0.5 | G17: =SUMPRODUCT(VLOOKUP(G$4,工数マスタ!$A$2:$F$8,MATCH($D17,工数マスタ!$A$2:$F$2,0),FALSE)) -> 1 | H17: =SUMPRODUCT(VLOOKUP(H$4,工数マスタ!$A$2:$F$8,MATCH($D17,工数マスタ!$A$2:$F$2,0),FALSE)) -> 0.5 | I17: =SUMPRODUCT(VLOOKUP(I$4,工数マスタ!$A$2:$F$8,MATCH($D17,工数マスタ!$A$2:$F$2,0),FALSE)) -> 2 | J17: =SUMPRODUCT(VLOOKUP(J$4,工数マスタ!$A$2:$F$8,MATCH($D17,工数マスタ!$A$2:$F$2,0),FALSE)) -> 0.5 | K17: =SUM(E17:J17)*0.2 -> 1 | L17: =SUM(E17:J17)+K17 -> 6 | M17: =ROUNDUP(L17/20,2) -> 0.3
B18: アラート・リマインド通知確認 | C18: 75 | D18: {=_xlfn.IFS(C18<=工数マスタ!$F$11,"特低",AND(C18>=工数マスタ!$E$10,C18<=工数マスタ!$E$11),"低",AND(C18>=工数マスタ!$D$10,C18<=工数マスタ!$D$11),"中",AND(C18>=工数マスタ!$C$10,C18<=工数マスタ!$C$11),"高",C18>=工数マスタ!$B$10,"特高")} -> 特低 | E18: =SUMPRODUCT(VLOOKUP(E$4,工数マスタ!$A$2:$F$8,MATCH($D18,工数マスタ!$A$2:$F$2,0),FALSE)) -> 0.2 | F18: =SUMPRODUCT(VLOOKUP(F$4,工数マスタ!$A$2:$F$8,MATCH($D18,工数マスタ!$A$2:$F$2,0),FALSE)) -> 0.2 | G18: =SUMPRODUCT(VLOOKUP(G$4,工数マスタ!$A$2:$F$8,MATCH($D18,工数マスタ!$A$2:$F$2,0),FALSE)) -> 0.5 | H18: =SUMPRODUCT(VLOOKUP(H$4,工数マスタ!$A$2:$F$8,MATCH($D18,工数マスタ!$A$2:$F$2,0),FALSE)) -> 0.2 | I18: =SUMPRODUCT(VLOOKUP(I$4,工数マスタ!$A$2:$F$8,MATCH($D18,工数マスタ!$A$2:$F$2,0),FALSE)) -> 1 | J18: =SUMPRODUCT(VLOOKUP(J$4,工数マスタ!$A$2:$F$8,MATCH($D18,工数マスタ!$A$2:$F$2,0),FALSE)) -> 0.2 | K18: =SUM(E18:J18)*0.2 -> 0.46 | L18: =SUM(E18:J18)+K18 -> 2.76 | M18: =ROUNDUP(L18/20,2) -> 0.14
... B39: 顧客に自ら給油等をさせる給油取扱所（屋外）点検表 | C39: 2660 | D39: {=_xlfn.IFS(C39<=工数マスタ!$F$11,"特低",AND(C39>=工数マスタ!$E$10,C39<=工数マスタ!$E$11),"低",AND(C39>=工数マスタ!$D$10,C39<=工数マスタ!$D$11),"中",AND(C39>=工数マスタ!$C$10,C39<=工数マスタ!$C$11),"高",C39>=工数マスタ!$B$10,"特高")} -> 特高 | E39: =SUMPRODUCT(VLOOKUP(E$4,工数マスタ!$A$2:$F$8,MATCH($D39,工数マスタ!$A$2:$F$2,0),FALSE)) -> 1 | F39: =SUMPRODUCT(VLOOKUP(F$4,工数マスタ!$A$2:$F$8,MATCH($D39,工数マスタ!$A$2:$F$2,0),FALSE)) -> 1 | G39: =SUMPRODUCT(VLOOKUP(G$4,工数マスタ!$A$2:$F$8,MATCH($D39,工数マスタ!$A$2:$F$2,0),FALSE)) -> 1.5 | H39: =SUMPRODUCT(VLOOKUP(H$4,工数マスタ!$A$2:$F$8,MATCH($D39,工数マスタ!$A$2:$F$2,0),FALSE)) -> 1 | I39: =SUMPRODUCT(VLOOKUP(I$4,工数マスタ!$A$2:$F$8,MATCH($D39,工数マスタ!$A$2:$F$2,0),FALSE)) -> 3 | J39: =SUMPRODUCT(VLOOKUP(J$4,工数マスタ!$A$2:$F$8,MATCH($D39,工数マスタ!$A$2:$F$2,0),FALSE)) -> 1 | K39: =SUM(E39:J39)*0.2 -> 1.7 | L39: =SUM(E39:J39)+K39 -> 10.2 | M39: =ROUNDUP(L39/20,2) -> 0.51
B40: リリース作業（準備含む） | F40: 3 | K40: =SUM(E40:J40)*0.2 -> 0.6 | L40: =SUM(E40:J40)+K40 -> 3.6 | M40: =ROUNDUP(L40/20,2) -> 0.18
B41: 合計（人日） | E41: =SUBTOTAL(9,E6:E40) -> 13.7 | F41: =SUBTOTAL(9,F6:F40) -> 16.7 | G41: =SUBTOTAL(9,G6:G40) -> 28.1 | H41: =SUBTOTAL(9,H6:H40) -> 13.7 | I41: =SUBTOTAL(9,I6:I40) -> 55 | J41: =SUBTOTAL(9,J6:J40) -> 13.7 | K41: =SUBTOTAL(9,K6:K40) -> 28.18 | L41: =SUM(E41:K41) -> 169.08
B42: 合計（人月） | E42: =ROUNDUP(SUM(E41:E41)/20,2) -> 0.69 | F42: =ROUNDUP(SUM(F41:F41)/20,2) -> 0.84 | G42: =ROUNDUP(SUM(G41:G41)/20,2) -> 1.41 | H42: =ROUNDUP(SUM(H41:H41)/20,2) -> 0.69 | I42: =ROUNDUP(SUM(I41:I41)/20,2) -> 2.75 | J42: =ROUNDUP(SUM(J41:J41)/20,2) -> 0.69 | K42: =ROUNDUP(SUM(K41:K41)/20,2) -> 1.41 | L42: =SUM(E42:K42) -> 8.48
B43: 金額 | E43: =E42*1000000 -> 690000 | F43: =F42*1000000 -> 840000 | G43: =G42*1000000 -> 1410000 | H43: =H42*1000000 -> 690000 | I43: =I42*1000000 -> 2750000 | J43: =J42*1000000 -> 690000 | K43: =K42*1400000 -> 1974000 | L43: =SUM(E43:K43) -> 9044000

Sheet 体制見積
C1: 2025年
C2: 5月 | E2: 6月 | F2: 7月 | G2: 8月 | H2: 9月
A3: 工程 | C3: 要件定義 | D3: 設計 | E3: 製造 | F3: 単体テスト | G3: 結合テスト | H3: 受入テスト支援 | I3: リリース | J3: 工数合計
A4: 見積工数（人月） | C4: =工数見積!E42 -> 0.69 | D4: =工数見積!F42 -> 0.84 | E4: =工数見積!G42 -> 1.41 | F4: =工数見積!H42 -> 0.69 | G4: =工数見積!I42 -> 2.75 | H4: =工数見積!J42 -> 0.69 | I4: =工数見積!M40 -> 0.18 | J4: =SUM(C4:I4) -> 7.25
A5: 桝井 | B5: PM | C5: 0.2 | E5: 0.2 | F5: 0.2 | G5: 0.5 | H5: 0.2 | J5: =SUM(C5:I5) -> 1.3
A6: （未定） | B6: SE | C6: 1 | E6: 1 | F6: 1 | G6: 1 | H6: 1 | J6: =SUM(C6:I6) -> 5
A7: （未定） | B7: SE | F7: 1 | G7: 1 | J7: =SUM(C7:I7) -> 2
J8: =SUM(C8:I8) -> 0
J9: =SUM(C9:I9) -> 0
J10: =SUM(C10:I10) -> 0
J11: =SUM(C11:I11) -> 0
J12: =SUM(C12:I12) -> 0
A13: 工数合計（人月） | C13: =SUM(C5:C12) -> 1.2 | E13: =SUM(E5:E12) -> 1.2 | F13: =SUM(F5:F12) -> 2.2 | G13: =SUM(G5:G12) -> 2.5 | H13: =SUM(H5:I12) -> 1.2 | J13: =SUM(C13:I13) -> 8.3
A15: 桝井 | B15: PM | C15: =VLOOKUP($B15,単価!$A$2:$B$5,2,FALSE)*C5 -> 280000 | E15: =VLOOKUP($B15,単価!$A$2:$B$5,2,FALSE)*E5 -> 280000 | F15: =VLOOKUP($B15,単価!$A$2:$B$5,2,FALSE)*F5 -> 280000 | G15: =VLOOKUP($B15,単価!$A$2:$B$5,2,FALSE)*G5 -> 700000 | H15: =VLOOKUP($B15,単価!$A$2:$B$5,2,FALSE)*H5 -> 280000 | J15: =SUM(C15:I15) -> 1820000
A16: （未定） | B16: SE | C16: =VLOOKUP($B16,単価!$A$2:$B$5,2,FALSE)*C6 -> 1000000 | E16: =VLOOKUP($B16,単価!$A$2:$B$5,2,FALSE)*E6 -> 1000000 | F16: =VLOOKUP($B16,単価!$A$2:$B$5,2,FALSE)*F6 -> 1000000 | G16: =VLOOKUP($B16,単価!$A$2:$B$5,2,FALSE)*G6 -> 1000000 | H16: =VLOOKUP($B16,単価!$A$2:$B$5,2,FALSE)*H6 -> 1000000 | J16: =SUM(C16:I16) -> 5000000
A17: （未定） | B17: SE | F17: =VLOOKUP($B17,単価!$A$2:$B$5,2,FALSE)*F7 -> 1000000 | G17: =VLOOKUP($B17,単価!$A$2:$B$5,2,FALSE)*G7 -> 1000000 | J17: =SUM(C17:I17) -> 2000000
J18: =SUM(C18:I18) -> 0
J19: =SUM(C19:I19) -> 0
J20: =SUM(C20:I20) -> 0
J21: =SUM(C21:I21) -> 0
J22: =SUM(C22:I22) -> 0
A23: 工数合計 | C23: =SUM(C15:C22) -> 1280000 | E23: =SUM(E15:E22) -> 1280000 | F23: =SUM(F15:F22) -> 2280000 | G23: =SUM(G15:G22) -> 2700000 | H23: =SUM(H15:I22) -> 1280000 | J23: =SUM(C23:I23) -> 8820000

Sheet 工数マスタ
J1: LOOKUP用
B2: 特高 | C2: 高 | D2: 中 | E2: 低 | F2: 特低
A3: 要件定義 | B3: 1 | C3: 0.7 | D3: 0.5 | E3: 0.3 | F3: 0.2 | J3: =A3&$B2 -> 要件定義特高
A4: 設計 | B4: 1 | C4: 0.7 | D4: 0.5 | E4: 0.3 | F4: 0.2 | J4: =A3&C2 -> 要件定義高
A5: 製造 | B5: 1.5 | C5: 1.3 | D5: 1 | E5: 0.8 | F5: 0.5 | J5: =A3&D2 -> 要件定義中
A6: 単体テスト | B6: 1 | C6: 0.7 | D6: 0.5 | E6: 0.3 | F6: 0.2 | J6: =A3&E2 -> 要件定義低
A7: 結合テスト | B7: 3 | C7: 2.5 | D7: 2 | E7: 1.5 | F7: 1 | J7: =A3&F2 -> 要件定義特低
A8: 受入テスト支援 | B8: 1 | C8: 0.7 | D8: 0.5 | E8: 0.3 | F8: 0.2
B9: =SUM(B3:B8) -> 8.5 | C9: =SUM(C3:C8) -> 6.6 | D9: =SUM(D3:D8) -> 5 | E9: =SUM(E3:E8) -> 3.5 | F9: =SUM(F3:F8) -> 2.3
A10: 画面ステップ数 | B10: 1501 | C10: 1001 | D10: 501 | E10: 201 | G10: 以上
C11: 1500 | D11: 1000 | E11: 500 | F11: 200 | G11: 以下

Sheet 単価
A2: PM | B2: 1400000
A3: PL | B3: 1200000
A4: SE | B4: 1000000
