Workbook

Sheet 依頼概要
B3: 1. 経緯
B4: 館林DCセンターの廃止に伴い、現在のサーバ郡を移転する必要がある。
B5: 期日までに以下のいずれかの対応をとる必要がある。
B6: （２）Azureに構築される縮小版の共通基盤に移行
B7: ※現状よりスペックは低下、Oracleは19C
B8: 加えて、館林DC以外（現地）のサーバに関してWindows2016サーバはサポート期限切れに伴い、再構築を行う必要がある。
B11: 2. 依頼事項
B12: 各システム毎に概算見積を行ってほしい。
B13: （２）Azureに構築される縮小版の共通基盤に移行
C14: 対象：現行共通基盤を利用しているシステム
C15: 時期：2025年度1Q以降見込
C16: 出光側で構築した縮小版共通基盤へアプリ、帳票、バッチを移行
C17: 縮小版共通基盤の構成は現行共通基盤を踏襲した形となるが、OS,MWのバージョンは変更となる見込み
B20: 3. 希望期日
B21: 2024/12中に概算見積提示
B24: 顧客受領資料より

Sheet 想定作業
A1: 前提
B2: 業務・機能変更は行わない。
B3: サーバ構成は現行踏襲とする。
B4: DBは現行踏襲（Oracle、SQLSever継続）
B5: JavaフレームワークはStruts継続
B6: テストは新規構築した本番環境（次期本番機）にて行う。
B7: 開始時期を2025/4月以降
B8: ※検証、予備環境は最低限の動作確認（アプリ起動、ログイン確認程度）を想定
A11: 想定作業
A12: 全パターン共通
B13: IP,ホスト名変更に伴う各種（IF、DB等）向け先変更、検証
B14: アプリ動作検証（全画面、帳票、バッチ、IF打鍵 ※初期画面の描画や正常系の動作に問題がないことを確認）
B15: アプリケーション構築、ミドルウェアのセットアップ ※デプロイ作業のみ想定
B16: ※関連基盤の切り替えは完了しており、アプリケーションのAzure移行の切り替え作業は1回の未実施を想定（基盤切り替えが複数回発生する場合は別途工数が必要となります）
A18: （２）Azureに構築される縮小版の共通基盤に移行
B19: 全パターン共通の作業のみ

Sheet 概要図(千葉)
C1: ファイル連携 | F1: 工場系保守対象 | I1: 館林管理
C2: DBデータ連携 | F2: 工場系保守対象外 | I2: 現地管理
K63: Azure環境
K121: Azure環境

Sheet 概要図(徳山)
C1: ファイル連携 | F1: 工場系保守対象 | I1: 館林管理
C2: DBデータ連携 | F2: 工場系保守対象外 | I2: 現地管理
C60: Azure環境
C114: Azure環境

Sheet システム概要
E1: システム概要 | M1: システム規模 | S1: 共通基盤利用状況（現状）
A2: サービス: サービス番号 | B2: サービス名 | C2: 保守領域 | D2: 移行状況 | E2: 業務概要 | F2: OS | G2: アプリ | H2: DB | I2: ミドルウェア | J2: フレームワーク | K2: その他 | L2: サーバ構成 | M2: 画面 | N2: 帳票 | O2: バッチ | P2: IF | Q2: テーブル | R2: その他 | S2: 共通AP | T2: 共通DB | U2: 連携 | V2: レポート | W2: 認証 | X2: バッチ
A3: SVC-00000710 | B3: 数量確定システム(千葉) | C3: 工場系 | D3: 縮小共通基盤移行中 ⇒クラウドアーキ環境へ移行へ方針変更 | E3: 千葉事業所及び徳山事業所の石油化学装置の生産、在庫、PL(パイプライン)出荷、品目転換数量の管理を行うシステム。またタンクヤードの日報作成(ヤード日報)機能も持つ。 | F3: Red Hat Enterprise Linux7.3 | G3: java 1.8.0_202 Tomcat 9.0 | H3: Oracle19C | I3: A-AUTO | J3: struts 1.2.9 | L3: 本番 共通基盤（館林） 検証 共通基盤（館林） | M3: 千葉：41 徳山：30 | N3: 千葉：23 徳山：7 | O3: 共通：2 千葉：9 徳山：4 | P3: 千葉：8 徳山：4 | Q3: 共通：58 千葉：16 徳山：9 | S3: 〇 | T3: 〇 | U3: 〇 | V3: × | W3: 〇 | X3: 〇 | Y3: e
A4: SVC-00000857 | B4: 数量確定システム(徳山) | Y4: e
A5: - | B5: 用役管理システム(千葉工場) | C5: 工場系 | D5: 縮小共通基盤移行中 ⇒クラウドアーキ環境へ移行へ方針変更 | E5: 石油化学装置の生産数量、用役数量の管理を行うシステム。 | F5: Red Hat Enterprise Linux7.3 | G5: java 1.8.0_202 Tomcat 9.0 | H5: Oracle19C | I5: A-AUTO | J5: struts 1.2.9 | L5: 本番 共通基盤（館林） 検証 共通基盤（館林） | M5: 千葉：28 徳山：17 | N5: 千葉：43 徳山：6 | O5: 共通：0 千葉：0 徳山：0 | P5: 千葉：0 徳山：0 | Q5: 共通：11 千葉：1 徳山：11 | S5: 〇 | T5: 〇 | U5: 〇 | V5: × | W5: 〇 | X5: 〇 | Y5: e
A6: SVC-00000858 | B6: 用役管理システム(徳山工場) | Y6: e
A7: SVC-00001700 | B7: 千葉化学品質管理システム | C7: 工場系 | D7: 縮小共通基盤移行中 ⇒クラウドアーキ環境へ移行へ方針変更 | E7: 千葉事業所(工場)の品質管理課にて行う各種試験(工程、製品、物性)、及びそれに付随する業務(ロット管理、試験料金計算)を行うシステム。 | F7: Red Hat Enterprise Linux7.3 | G7: java 1.8.0_202 Tomcat 9.0 | H7: Oracle19C | I7: A-AUTO | J7: struts 1.2.9 | K7: List Creatorでの帳票作成 | L7: 本番 共通基盤（館林） 検証 共通基盤（館林） | M7: 83 | N7: 25 | O7: 5 | P7: 4 | Q7: 67 | S7: 〇 | T7: 〇 | U7: 〇 | V7: 〇 | W7: 〇 | X7: 〇 | Y7: e
A8: SVC-00000854 | B8: ＬＭＰＰ包装システム | C8: 工場系 | D8: 縮小共通基盤移行中 ⇒クラウドアーキ環境へ移行へ方針変更 | E8: 千葉事業所(工場)のSPS、LMPP装置で生産される製品の包装管理を行うシステム。 | F8: Red Hat Enterprise Linux7.3 | G8: java 1.8.0_202 Tomcat 9.0 | H8: Oracle19C | I8: A-AUTO | J8: struts 1.2.9 | K8: List Creatorでの帳票作成 | L8: 本番 共通基盤（館林） 検証 共通基盤（館林） | M8: 17 | N8: 3 | O8: 1 | P8: 3 | Q8: 12 | S8: 〇 | T8: 〇 | U8: 〇 | V8: 〇 | W8: 〇 | X8: 〇 | Y8: e
A9: SVC-00000877 | B9: 工場DB | C9: 工場系 | D9: 縮小共通基盤移行中 ⇒クラウドアーキ環境へ移行へ方針変更 ※アプリはXenApp | E9: 徳山事業所の石油化学装置の生産、在庫の計画値及び実績値を管理するDB及びエクセルマクロ群。 | F9: - | G9: Excel | H9: Oracle19C | I9: - | J9: - | L9: 本番 共通基盤（館林） 検証 共通基盤（館林） | M9: 0 | N9: 0 | O9: 0 | P9: 0 | Q9: 211 | S9: × | T9: 〇 | U9: × | V9: × | W9: × | X9: × | Y9: e
A10: SVC-00000705 | B10: 千葉ヤ－ド操業システム | C10: 工場系 | D10: OS更新対応にて現地サーバ構築済み | E10: 千葉事業所及び徳山事業所の石油化学品の入出荷を管理するシステム。 | F10: WindowsServer2022 | G10: java 1.8.0_152 WebLogic 12.2.1.2.0 | H10: SQLServer2022 | I10: A-AUTO | J10: struts 1.2.9 | L10: 本番 AP/DBサーバ×2（現地） AP/DB予備×2（館林） 検証 AP/DBサーバ×2（館林） | M10: 80 | N10: 20 | O10: 千葉：20 徳山：19 | P10: 千葉：16 徳山：15 | Q10: 75 | S10: × | T10: 〇 | U10: 〇 | V10: × | W10: 〇 | X10: × | Y10: e
A11: SVC-00000707 | B11: 徳山ヤ－ド操業システム | S11: × | T11: 〇 | U11: 〇 | V11: × | W11: 〇 | X11: × | Y11: e
A12: SVC-00000704 | B12: 千葉製品倉庫システム | C12: 工場系 | D12: 未実施（現地サーバ） | E12: 千葉事業所(工場)で生産されているポリマー製品の包装、入出荷、在庫管理を行うシステム。 | F12: WindowsServer2016 | G12: VB.NET | H12: Oracle12C | I12: Systemwalker Operation Manager OWFT | L12: 本番 AP/DBサーバ（現地） 検証 APサーバ（館林） | M12: 68 | N12: 43 | O12: 9 | P12: 45 | Q12: 205 | S12: × | T12: × | U12: 〇 | V12: × | W12: × | X12: × | Y12: e
A13: SVC-00000901 | B13: 千葉工場数量確定システム（ポリマ－） | C13: 工場系 | D13: 未実施（現地サーバ） | E13: 千葉事業所(工場)で生産されているポリマー製品の生産、在庫、PL(パイプライン)出荷、品目転換数量の管理を行うシステム。 | F13: WindowsServer2016 | G13: ASP.NET | H13: Oracle12C | I13: Systemwalker Operation Manager OWFT | M13: 20 | N13: 4 | O13: 2 | P13: 2 | Q13: 30 | S13: × | T13: × | U13: × | V13: × | W13: × | X13: × | Y13: e
A14: SVC-00000711 | B14: ＡＢＣ数量確定システム | C14: 工場系 | D14: 未実施（現地サーバ） | E14: 千葉事業所(工場)のABC装置で生産される製品の生産管理を行うシステム。 | F14: WindowsServer2016 | G14: C# | H14: Oracle12C | I14: Systemwalker Operation Manager OWFT | M14: 15 | N14: 0 | O14: 12 | P14: 5 | Q14: 24 | S14: × | T14: × | U14: × | V14: × | W14: × | X14: × | Y14: e
A15: - | B15: 千葉L3.5 | C15: 工場系 | D15: 未実施（現地サーバ） | E15: L3層に存在するシステムとL4層に存在するシステムの中継となるサーバ | F15: WindowsServer2016 | G15: - | H15: - | I15: Systemwalker Operation Manager OWFT | J15: - | L15: 本番 APサーバ（現地） 検証 APサーバ（館林） | M15: 0 | N15: 0 | O15: 2 | P15: 千葉：52 徳山：14 | Q15: 0 | S15: × | T15: × | U15: × | V15: × | W15: × | X15: ×
A16: - | B16: 徳山L3.5 | S16: × | T16: × | U16: × | V16: × | W16: × | X16: ×
A17: SVC-00001969 | B17: 用役集計 | C17: 工場系 | D17: excelファイルでの構築の為不要 | E17: 用役管理システムで出力した帳票のデータをOneSAPへ連携する為のシステム。 | G17: Excel | S17: - | T17: 不明 | U17: - | V17: - | W17: - | X17: - | Y17: e
A18: SVC-00001975 | B18: PRM HULFT | C18: 工場系 | D18: 2023年Azure移行済み | E18: PRMSAP⇔製品倉庫等PRMシステムの連携中継サーバ | S18: × | T18: × | U18: × | V18: × | W18: × | X18: × | Y18: e
A19: SVC-00000702 | B19: ロット管理明細表システム（PRM） | C19: 工場系 | D19: XenAppにて稼働 | G19: Excel | S19: × | T19: × | U19: × | V19: × | W19: × | X19: × | Y19: e
A20: SVC-00000706 | B20: 工場ロ－カルＥｘｃｅｌシステム | C20: 工場系 | S20: × | T20: 不明 | U20: × | V20: × | W20: × | X20: × | Y20: e
A21: SVC-00000876 | B21: スクラップ管理システム | C21: 工場系 | S21: × | T21: × | U21: × | V21: × | W21: × | X21: × | Y21: e

Sheet Sheet1
B3: No | C3: パターン | D3: 説明 | E3: 金額
B4: 1 | C4: 次期アーキへ移行 | D4: 次期アーキへ移行のため概算総額 | E4: ='見積 (システム・基盤別サマリ) '!K12 -> 68960000
B5: 1-1 | D5: 上記の内、次期アーキ要件定義フェーズ金額 | E5: =SUM('見積 (システム・工程別サマリ)'!M21:M26) -> 12020000
B6: 1-2 | D6: 次期アーキ要件定義を現契約で実施するにあたり、現契約から追加で必要な金額 | E6: ='見積 (システム・工程別サマリ)'!Q28 -> 5213000
B7: 2 | C7: 縮小共通基盤へ移行 | D7: 中断中の移行フェーズを再開するにあたり、現契約から追加で必要な金額 | E7: ='見積 (縮小共通基盤継続） '!D23 -> 6549000
B8: 3 | C8: 縮小共通基盤へ移行後、次期アーキへ移行 | D8: No1+No2 | E8: ='見積 (システム・縮小共通基盤⇒クラウドアーキサマリ) '!M13 -> 75509000

Sheet 見積 (縮小共通基盤継続） 
C1: 工数直入力のため注意！！
C2: 移行フェーズ作業実績
G3: 備考
B5: No. | C5: 月 | D5: 作業内容 | E5: 工数 | F5: 金額
B6: 1 | C6: 7月（当初予定作業） | D6: 縮小共通基盤移行作業 ・環境構築 ・システムテスト準備 | E6: 2.335 | F6: 2444000 | G6: 石井：0.71人月*1,400k=\994,000 天川：0.5人月*1,000k=\500,000 馬場：0.5人月*1,000k=\500,000 BSE：0.125人月*800k=\100,000 VT：0.5人月*700k=\350,000
B7: 2 | C7: 8月（当初予定外作業） | D7: 次期アーキに向けた調査・検証作業 | E7: 4.38 | F7: 4366000 | G7: ①～8/25+残日数 石井：14.8人日+残2人日=0.84人月*1,400k=\1,176,000 天川：18.3人日+残4人日=1.12人月*1,000k=\1,120,000 馬場：19.3人日+残4人日=1.17人月*1,000k=\1,170,000 ②VT BSE：0.25人月*800k=\200,000 VT：1人月*700k=\700,000
B8: 3 | C8: 9月（当初予定外作業） | D8: 次期アーキに向けた調査・検証作業 | E8: 2.2 | F8: 2183000 | G8: 9月中旬に方針確定と想定し、8月の0.5人月分で算出
B9: 計 | E9: =SUM(E6:E8) -> 8.915 | F9: =SUM(F6:F8) -> 8993000
C12: 案件名 | D12: 見積金額
C13: LMPP包装システム Azure移行（移行フェーズ） | D13: 2160000
C14: 千葉化学品質管理システム Azure移行（移行フェーズ） | D14: 2160000
C15: 数量確定システム Azure移行（移行フェーズ） | D15: 5440000
C16: 用役管理システム Azure移行（移行フェーズ） | D16: 5300000
C17: 工場DB Azure移行（移行フェーズ） | D17: 740000 | F17: 17480000
B18: ① | C18: 現契約合計 | D18: =SUM(D13:D17) -> 15800000 | F18: =D18-F9 -> 6807000
B19: ② | C19: 縮小共通基盤作業実績（7月作業実績） | D19: =F6 -> 2444000 | F19: =F17-F18 -> 10673000
B20: ③ | C20: 縮小共通基盤残作業分費用 （①-②） | D20: =D18-F6 -> 13356000
B21: ④ | C21: 次期アーキ調査・検証分費用 （8月、9月作業実績） | D21: =SUM(F7:F8) -> 6549000
B22: ⑤ | C22: 現契約残額（①-②-④） | D22: =D18-D19-D21 -> 6807000
B23: ⑥ | C23: 追加発注分（③-⑤） | D23: =D20-D22 -> 6549000
D24: ※ヤード認証基盤対応分は除く

Sheet 見積 (システム・基盤別サマリ) 
C1: 工数直入力のため注意！！
C2: 見積 (基盤別サマリ)
C3: パターン | D3: クラウドアーキ基盤に移行 | P3: 備考
D4: アプリ | L4: DB | N4: 全体
B5: No. | C5: システム | D5: 共通 (基盤に関わらず共通して必要な作業) | E5: AP基盤 | F5: 認証基盤 | G5: バッチ基盤 | H5: DB基盤 | I5: 管理 | J5: 工数計 | K5: 金額 | L5: 工数計 | M5: 金額 | N5: 工数計 | O5: 金額
B6: 1 | C6: 数量確定システム（千葉・徳山） | D6: 5.5 | E6: 9.2 | F6: 1.3 | G6: 0.9 | H6: 0 | I6: 3.8 | J6: =SUM(D6:I6) -> 20.7 | K6: =SUM(D6:H6)*1000000+I6*1400000 -> 22220000 | L6: 0 | M6: 0 | N6: =SUM(J6:J10)+L6 -> 58.3 | O6: =SUM(K6:K10)+M6 -> 62900000
B7: 2 | C7: 用役管理システム（千葉・徳山） | D7: 5.2 | E7: 5.3 | F7: 0.5 | G7: 0 | H7: 0 | I7: 2.6 | J7: =SUM(D7:I7) -> 13.6 | K7: =SUM(D7:H7)*1000000+I7*1400000 -> 14640000
B8: 3 | C8: 千葉化学品質管理システム | D8: 3.2 | E8: 7 | F8: 1.2 | G8: 0.7 | H8: 0 | I8: 2.7 | J8: =SUM(D8:I8) -> 14.8 | K8: =SUM(D8:H8)*1000000+I8*1400000 -> 15880000
B9: 4 | C9: ＬＭＰＰ包装システム | D9: 2.2 | E9: 3 | F9: 0.6 | G9: 0.6 | H9: 0 | I9: 1.9 | J9: =SUM(D9:I9) -> 8.3 | K9: =SUM(D9:H9)*1000000+I9*1400000 -> 9060000
B10: 5 | C10: 工場DB | D10: 0.4 | I10: 0.5 | J10: =SUM(D10:I10) -> 0.9 | K10: =SUM(D10:H10)*1000000+I10*1400000 -> 1100000
B11: 6 | C11: ヤ－ド操業システム（千葉・徳山） | D11: 2.4 | E11: 0 | F11: 2.4 | G11: 0 | H11: 0 | I11: 0.9 | J11: =SUM(D11:I11) -> 5.7 | K11: =SUM(D11:H11)*1000000+I11*1400000 -> 6060000 | L11: 0 | M11: =SUM(M5:M10) -> 0 | N11: =SUM(J11:J11)+L11 -> 5.7 | O11: =SUM(K11:K11)+M6 -> 6060000
B12: 計 | D12: =SUM(D6:D11) -> 18.9 | E12: =SUM(E6:E11) -> 24.5 | F12: =SUM(F6:F11) -> 6 | G12: =SUM(G6:G11) -> 2.2 | H12: =SUM(H6:H11) -> 0 | I12: =SUM(I6:I11) -> 12.4 | J12: =SUM(D12:I12) -> 64 | K12: =SUM(K6:K11) -> 68960000 | L12: =SUM(L6:L11) -> 0 | M12: =SUM(M6:M11) -> 0 | N12: =SUM(N6:N11) -> 64 | O12: =SUM(O6:O11) -> 68960000
B13: 単価 | D13: 1000000 | E13: 1000000 | F13: 1000000 | G13: 1000000 | H13: 1000000 | I13: 1400000
B14: 金額 | D14: =D12*D13 -> 18900000 | E14: =E12*E13 -> 24500000 | F14: =F12*F13 -> 6000000 | G14: =G12*G13 -> 2200000 | H14: =H12*H13 -> 0 | I14: =I12*I13 -> 17360000

Sheet 見積 (システム・工程別サマリ)
C1: 工数直入力のため注意！！
C2: 見積（工程別サマリ）
C3: パターン | D3: クラウドアーキ基盤に移行 | R3: 備考
D4: アプリ | N4: DB | P4: 全体
B5: No. | C5: システム | D5: 調査・要件定義 | E5: 設計 | F5: 製造 | G5: 結合テスト | H5: システムテスト | I5: ユーザテスト | J5: 本番稼働 | K5: 管理 | L5: 工数計 | M5: 金額 | N5: 工数計 | O5: 金額 | P5: 工数計 | Q5: 金額
B6: 1 | C6: 数量確定システム（千葉・徳山） | D6: 3.2 | E6: 1.6 | F6: 2.7 | G6: 5.2 | H6: 1.4 | I6: 0.8 | J6: 2 | K6: 3.8 | L6: =SUM(D6:K6) -> 20.7 | M6: =SUM(D6:J6)*1000000+K6*1400000 -> 22220000 | N6: 0 | O6: 0 | P6: =SUM(L6:L10)+N6 -> 58.3 | Q6: =SUM(M6:M10)+O6 -> 62900000
B7: 2 | C7: 用役管理システム（千葉・徳山） | D7: 1.4 | E7: 1.1 | F7: 1.5 | G7: 3.1 | H7: 1.1 | I7: 0.8 | J7: 2 | K7: 2.6 | L7: =SUM(D7:K7) -> 13.6 | M7: =SUM(D7:J7)*1000000+K7*1400000 -> 14640000
B8: 3 | C8: 千葉化学品質管理システム | D8: 1.7 | E8: 1.4 | F8: 1.6 | G8: 5.5 | H8: 0.8 | I8: 0.5 | J8: 0.6 | K8: 2.7 | L8: =SUM(D8:K8) -> 14.8 | M8: =SUM(D8:J8)*1000000+K8*1400000 -> 15880000
B9: 4 | C9: ＬＭＰＰ包装システム | D9: 1.3 | E9: 0.4 | F9: 1.6 | G9: 1.2 | H9: 0.8 | I9: 0.5 | J9: 0.6 | K9: 1.9 | L9: =SUM(D9:K9) -> 8.3 | M9: =SUM(D9:J9)*1000000+K9*1400000 -> 9060000
B10: 5 | C10: 工場DB | J10: 0.4 | K10: 0.5 | L10: =SUM(D10:K10) -> 0.9 | M10: =SUM(D10:J10)*1000000+K10*1400000 -> 1100000
B11: 6 | C11: ヤ－ド操業システム（千葉・徳山） | D11: 0.5 | E11: 0.4 | F11: 0.7 | G11: 1.4 | H11: 0.2 | I11: 0.1 | J11: 1.5 | K11: 0.9 | L11: =SUM(D11:K11) -> 5.7 | M11: =SUM(D11:J11)*1000000+K11*1400000 -> 6060000 | N11: 0 | O11: =SUM(O5:O10) -> 0 | P11: =SUM(L11:L11)+N11 -> 5.7 | Q11: =SUM(M11:M11)+O6 -> 6060000
B12: 計 | D12: =SUM(D6:D11) -> 8.1 | E12: =SUM(E6:E11) -> 4.9 | F12: =SUM(F6:F11) -> 8.1 | G12: =SUM(G6:G11) -> 16.4 | H12: =SUM(H6:H11) -> 4.3 | I12: =SUM(I6:I11) -> 2.7 | J12: =SUM(J6:J11) -> 7.1 | K12: =SUM(K6:K11) -> 12.4 | L12: =SUM(D12:K12) -> 64 | M12: =SUM(M6:M11) -> 68960000 | N12: =SUM(N6:N11) -> 0 | O12: =SUM(O6:O11) -> 0 | P12: =SUM(P6:P11) -> 64 | Q12: =SUM(Q6:Q11) -> 68960000
B13: 単価 | D13: 1000000 | E13: 1000000 | F13: 1000000 | G13: 1000000 | H13: 1000000 | I13: 1000000 | J13: 1000000 | K13: 1400000
B14: 金額 | D14: =D12*D13 -> 8100000 | E14: =E12*E13 -> 4900000 | F14: =F12*F13 -> 8100000 | G14: =G12*G13 -> 16400000 | H14: =H12*H13 -> 4300000 | I14: =I12*I13 -> 2700000 | J14: =J12*J13 -> 7100000 | K14: =K12*K13 -> 17360000
C17: 調査・要件定義（移行フェーズの契約変更）
C18: パターン | D18: クラウドアーキ基盤に移行 | R18: 備考
D19: アプリ | N19: DB | P19: 全体
B20: No. | C20: システム | D20: 調査・要件定義 | E20: 設計 | F20: 製造 | G20: 結合テスト | H20: システムテスト | I20: ユーザテスト | J20: 本番稼働 | K20: 管理 | L20: 工数計 | M20: 金額 | N20: 工数計 | O20: 金額 | P20: 工数計 | Q20: 金額
B21: 1 | C21: 数量確定システム（千葉・徳山） | D21: 3.2 | K21: 0.9 | L21: =SUM(D21:K21) -> 4.1 | M21: =SUM(D21:J21)*1000000+K21*1400000 -> 4460000 | N21: 0 | O21: 0 | P21: =SUM(L21:L25)+N21 -> 10.2 | Q21: =SUM(M21:M25)+O21 -> 11240000
B22: 2 | C22: 用役管理システム（千葉・徳山） | D22: 1.4 | K22: 0.6 | L22: =SUM(D22:K22) -> 2 | M22: =SUM(D22:J22)*1000000+K22*1400000 -> 2240000
B23: 3 | C23: 千葉化学品質管理システム | D23: 1.7 | K23: 0.6 | L23: =SUM(D23:K23) -> 2.3 | M23: =SUM(D23:J23)*1000000+K23*1400000 -> 2540000
B24: 4 | C24: ＬＭＰＰ包装システム | D24: 1.3 | K24: 0.5 | L24: =SUM(D24:K24) -> 1.8 | M24: =SUM(D24:J24)*1000000+K24*1400000 -> 2000000
B25: 5 | C25: 工場DB | L25: =SUM(D25:K25) -> 0 | M25: =SUM(D25:J25)*1000000+K25*1400000 -> 0
B26: 6 | C26: ヤ－ド操業システム（千葉・徳山） | D26: 0.5 | K26: 0.2 | L26: =SUM(D26:K26) -> 0.7 | M26: =SUM(D26:J26)*1000000+K26*1400000 -> 780000 | P26: =SUM(L26:L26)+N26 -> 0.7 | Q26: =SUM(M26:M26)+O26 -> 780000
B27: 7 | C27: 縮小共通基盤（移行フェーズ） | L27: =SUM(D27:K27) -> 0 | M27: -6807000 | P27: =SUM(L27:L27)+N27 -> 0 | Q27: =SUM(M27:M27)+O21 -> -6807000 | R27: 現契約残額を差し引き
B28: 計 | D28: =SUM(D21:D27) -> 8.1 | E28: =SUM(E21:E27) -> 0 | F28: =SUM(F21:F27) -> 0 | G28: =SUM(G21:G27) -> 0 | H28: =SUM(H21:H27) -> 0 | I28: =SUM(I21:I27) -> 0 | J28: =SUM(J21:J27) -> 0 | K28: =SUM(K22:K27) -> 1.9 | L28: =SUM(D28:K28) -> 10 | M28: =SUM(M21:M27) -> 5213000 | N28: =SUM(N21:N27) -> 0 | O28: =SUM(O21:O27) -> 0 | P28: =SUM(P21:P27) -> 10.9 | Q28: =SUM(Q21:Q27) -> 5213000
B29: 単価 | D29: 1000000 | E29: 1000000 | F29: 1000000 | G29: 1000000 | H29: 1000000 | I29: 1000000 | J29: 1000000 | K29: 1400000
B30: 金額 | D30: =D28*D29 -> 8100000 | E30: =E28*E29 -> 0 | F30: =F28*F29 -> 0 | G30: =G28*G29 -> 0 | H30: =H28*H29 -> 0 | I30: =I28*I29 -> 0 | J30: =J28*J29 -> 0 | K30: =K28*K29 -> 2660000
C32: 調査・要件定義(クラウドアーキから開始)
C33: パターン | D33: クラウドアーキ基盤に移行 | R33: 備考
D34: アプリ | N34: DB | P34: 全体
B35: No. | C35: システム | D35: 調査・要件定義 | E35: 設計 | F35: 製造 | G35: 結合テスト | H35: システムテスト | I35: ユーザテスト | J35: 本番稼働 | K35: 管理 | L35: 工数計 | M35: 金額 | N35: 工数計 | O35: 金額 | P35: 工数計 | Q35: 金額
B36: 1 | C36: 数量確定システム（千葉・徳山） | D36: 3.2 | K36: 0.9 | L36: =SUM(D36:K36) -> 4.1 | M36: =SUM(D36:J36)*1000000+K36*1400000 -> 4460000 | N36: 0 | O36: 0 | P36: =SUM(L36:L40)+N36 -> 10.2 | Q36: =SUM(M36:M40)+O36 -> 11240000
B37: 2 | C37: 用役管理システム（千葉・徳山） | D37: 1.4 | K37: 0.6 | L37: =SUM(D37:K37) -> 2 | M37: =SUM(D37:J37)*1000000+K37*1400000 -> 2240000
B38: 3 | C38: 千葉化学品質管理システム | D38: 1.7 | K38: 0.6 | L38: =SUM(D38:K38) -> 2.3 | M38: =SUM(D38:J38)*1000000+K38*1400000 -> 2540000
B39: 4 | C39: ＬＭＰＰ包装システム | D39: 1.3 | K39: 0.5 | L39: =SUM(D39:K39) -> 1.8 | M39: =SUM(D39:J39)*1000000+K39*1400000 -> 2000000
B40: 5 | C40: 工場DB | L40: =SUM(D40:K40) -> 0 | M40: =SUM(D40:J40)*1000000+K40*1400000 -> 0
B41: 6 | C41: ヤ－ド操業システム（千葉・徳山） | D41: 0.5 | K41: 0.2 | L41: =SUM(D41:K41) -> 0.7 | M41: =SUM(D41:J41)*1000000+K41*1400000 -> 780000 | P41: =SUM(L41:L41)+N41 -> 0.7 | Q41: =SUM(M41:M41)+O36 -> 780000
B42: 計 | D42: =SUM(D36:D41) -> 8.1 | E42: =SUM(E36:E41) -> 0 | F42: =SUM(F36:F41) -> 0 | G42: =SUM(G36:G41) -> 0 | H42: =SUM(H36:H41) -> 0 | I42: =SUM(I36:I41) -> 0 | J42: =SUM(J36:J41) -> 0 | K42: =SUM(K37:K41) -> 1.9 | L42: =SUM(D42:K42) -> 10 | M42: =SUM(M36:M41) -> 12020000 | N42: =SUM(N36:N41) -> 0 | O42: =SUM(O36:O41) -> 0 | P42: =SUM(P36:P41) -> 10.9 | Q42: =SUM(Q36:Q41) -> 12020000
B43: 単価 | D43: 1000000 | E43: 1000000 | F43: 1000000 | G43: 1000000 | H43: 1000000 | I43: 1000000 | J43: 1000000 | K43: 1400000
B44: 金額 | D44: =D42*D43 -> 8100000 | E44: =E42*E43 -> 0 | F44: =F42*F43 -> 0 | G44: =G42*G43 -> 0 | H44: =H42*H43 -> 0 | I44: =I42*I43 -> 0 | J44: =J42*J43 -> 0 | K44: =K42*K43 -> 2660000
C46: 開発フェーズ
C47: パターン | D47: クラウドアーキ基盤に移行 | R47: 備考
D48: アプリ | N48: DB | P48: 全体
B49: No. | C49: システム | D49: 調査・要件定義 | E49: 設計 | F49: 製造 | G49: 結合テスト | H49: システムテスト | I49: ユーザテスト | J49: 本番稼働 | K49: 管理 | L49: 工数計 | M49: 金額 | N49: 工数計 | O49: 金額 | P49: 工数計 | Q49: 金額
B50: 1 | C50: 数量確定システム（千葉・徳山） | E50: 1.6 | F50: 2.7 | G50: 5.2 | K50: 1.9 | L50: =SUM(D50:K50) -> 11.4 | M50: =SUM(D50:J50)*1000000+K50*1400000 -> 12160000 | N50: 0 | O50: 0 | P50: =SUM(L50:L54)+N50 -> 32.4 | Q50: =SUM(M50:M54)+O50 -> 34600000
B51: 2 | C51: 用役管理システム（千葉・徳山） | E51: 1.1 | F51: 1.5 | G51: 3.1 | K51: 1.2 | L51: =SUM(D51:K51) -> 6.9 | M51: =SUM(D51:J51)*1000000+K51*1400000 -> 7380000
B52: 3 | C52: 千葉化学品質管理システム | E52: 1.4 | F52: 1.6 | G52: 5.5 | K52: 1.6 | L52: =SUM(D52:K52) -> 10.1 | M52: =SUM(D52:J52)*1000000+K52*1400000 -> 10740000
B53: 4 | C53: ＬＭＰＰ包装システム | E53: 0.4 | F53: 1.6 | G53: 1.2 | K53: 0.8 | L53: =SUM(D53:K53) -> 4 | M53: =SUM(D53:J53)*1000000+K53*1400000 -> 4320000
B54: 5 | C54: 工場DB | L54: =SUM(D54:K54) -> 0 | M54: =SUM(D54:J54)*1000000+K54*1400000 -> 0
B55: 6 | C55: ヤ－ド操業システム（千葉・徳山） | E55: 0.4 | F55: 0.7 | G55: 1.4 | K55: 0.4 | L55: =SUM(D55:K55) -> 2.9 | M55: =SUM(D55:J55)*1000000+K55*1400000 -> 3060000 | P55: =SUM(L55:L55)+N55 -> 2.9 | Q55: =SUM(M55:M55)+O50 -> 3060000
B56: 計 | D56: =SUM(D50:D55) -> 0 | E56: =SUM(E50:E55) -> 4.9 | F56: =SUM(F50:F55) -> 8.1 | G56: =SUM(G50:G55) -> 16.4 | H56: =SUM(H50:H55) -> 0 | I56: =SUM(I50:I55) -> 0 | J56: =SUM(J50:J55) -> 0 | K56: =SUM(K50:K55) -> 5.9 | L56: =SUM(D56:K56) -> 35.3 | M56: =SUM(M50:M55) -> 37660000 | N56: =SUM(N50:N55) -> 0 | O56: =SUM(O50:O55) -> 0 | P56: =SUM(P50:P55) -> 35.3 | Q56: =SUM(Q50:Q55) -> 37660000
B57: 単価 | D57: 1000000 | E57: 1000000 | F57: 1000000 | G57: 1000000 | H57: 1000000 | I57: 1000000 | J57: 1000000 | K57: 1400000
B58: 金額 | D58: =D56*D57 -> 0 | E58: =E56*E57 -> 4900000 | F58: =F56*F57 -> 8100000 | G58: =G56*G57 -> 16400000 | H58: =H56*H57 -> 0 | I58: =I56*I57 -> 0 | J58: =J56*J57 -> 0 | K58: =K56*K57 -> 8260000
C60: ST以降
C61: パターン | D61: クラウドアーキ基盤に移行 | R61: 備考
D62: アプリ | N62: DB | P62: 全体
B63: No. | C63: システム | D63: 調査・要件定義 | E63: 設計 | F63: 製造 | G63: 結合テスト | H63: システムテスト | I63: ユーザテスト | J63: 本番稼働 | K63: 管理 | L63: 工数計 | M63: 金額 | N63: 工数計 | O63: 金額 | P63: 工数計 | Q63: 金額
B64: 1 | C64: 数量確定システム（千葉・徳山） | H64: 1.4 | I64: 0.8 | J64: 2 | K64: 1 | L64: =SUM(D64:K64) -> 5.2 | M64: =SUM(D64:J64)*1000000+K64*1400000 -> 5600000 | N64: 0 | O64: 0 | P64: =SUM(L64:L68)+N64 -> 15.7 | Q64: =SUM(M64:M68)+O64 -> 17060000
B65: 2 | C65: 用役管理システム（千葉・徳山） | H65: 1.1 | I65: 0.8 | J65: 2 | K65: 0.8 | L65: =SUM(D65:K65) -> 4.7 | M65: =SUM(D65:J65)*1000000+K65*1400000 -> 5020000
B66: 3 | C66: 千葉化学品質管理システム | H66: 0.8 | I66: 0.5 | J66: 0.6 | K66: 0.5 | L66: =SUM(D66:K66) -> 2.4 | M66: =SUM(D66:J66)*1000000+K66*1400000 -> 2600000
B67: 4 | C67: ＬＭＰＰ包装システム | H67: 0.8 | I67: 0.5 | J67: 0.6 | K67: 0.6 | L67: =SUM(D67:K67) -> 2.5 | M67: =SUM(D67:J67)*1000000+K67*1400000 -> 2740000
B68: 5 | C68: 工場DB | J68: 0.4 | K68: 0.5 | L68: =SUM(D68:K68) -> 0.9 | M68: =SUM(D68:J68)*1000000+K68*1400000 -> 1100000
B69: 6 | C69: ヤ－ド操業システム（千葉・徳山） | H69: 0.2 | I69: 0.1 | J69: 1.5 | K69: 0.3 | L69: =SUM(D69:K69) -> 2.1 | M69: =SUM(D69:J69)*1000000+K69*1400000 -> 2220000 | P69: =SUM(L69:L69)+N69 -> 2.1 | Q69: =SUM(M69:M69)+O64 -> 2220000
B70: 計 | D70: =SUM(D64:D69) -> 0 | E70: =SUM(E64:E69) -> 0 | F70: =SUM(F64:F69) -> 0 | G70: =SUM(G64:G69) -> 0 | H70: =SUM(H64:H69) -> 4.3 | I70: =SUM(I64:I69) -> 2.7 | J70: =SUM(J64:J69) -> 7.1 | K70: =SUM(K64:K69) -> 3.7 | L70: =SUM(D70:K70) -> 17.8 | M70: =SUM(M64:M69) -> 19280000 | N70: =SUM(N64:N69) -> 0 | O70: =SUM(O64:O69) -> 0 | P70: =SUM(P64:P69) -> 17.8 | Q70: =SUM(Q64:Q69) -> 19280000
B71: 単価 | D71: 1000000 | E71: 1000000 | F71: 1000000 | G71: 1000000 | H71: 1000000 | I71: 1000000 | J71: 1000000 | K71: 1400000
B72: 金額 | D72: =D70*D71 -> 0 | E72: =E70*E71 -> 0 | F72: =F70*F71 -> 0 | G72: =G70*G71 -> 0 | H72: =H70*H71 -> 4300000 | I72: =I70*I71 -> 2700000 | J72: =J70*J71 -> 7100000 | K72: =K70*K71 -> 5180000
J74: 小計 | K74: 数量確定システム（千葉・徳山） | L74: =SUM(L36,L50,L64) -> 20.7 | M74: =SUM(M36,M50,M64) -> 22220000
K75: 用役管理システム（千葉・徳山） | L75: =SUM(L37,L51,L65) -> 13.6 | M75: =SUM(M37,M51,M65) -> 14640000
K76: 千葉化学品質管理システム | L76: =SUM(L38,L52,L66) -> 14.8 | M76: =SUM(M38,M52,M66) -> 15880000

Sheet 見積 (システム・縮小共通基盤⇒クラウドアーキサマリ) 
C1: 工数直入力のため注意！！
C2: 見積（縮小共通基盤⇒クラウドアーキサマリ）
C3: パターン | D3: クラウドアーキ基盤に移行 | R3: 備考
D4: アプリ | N4: DB | P4: 全体
B5: No. | C5: システム | D5: 調査・要件定義 | E5: 設計 | F5: 製造 | G5: 結合テスト | H5: システムテスト | I5: ユーザテスト | J5: 本番稼働 | K5: 管理 | L5: 工数計 | M5: 金額 | N5: 工数計 | O5: 金額 | P5: 工数計 | Q5: 金額
B6: 1 | C6: 数量確定システム（千葉・徳山） | D6: 3.2 | E6: 1.6 | F6: 2.7 | G6: 5.2 | H6: 1.4 | I6: 0.8 | J6: 2 | K6: 3.8 | L6: =SUM(D6:K6) -> 20.7 | M6: =SUM(D6:J6)*1000000+K6*1400000 -> 22220000 | N6: 0 | O6: 0 | P6: =SUM(L6:L10)+N6 -> 58.3 | Q6: =SUM(M6:M10)+O6 -> 62900000
B7: 2 | C7: 用役管理システム（千葉・徳山） | D7: 1.4 | E7: 1.1 | F7: 1.5 | G7: 3.1 | H7: 1.1 | I7: 0.8 | J7: 2 | K7: 2.6 | L7: =SUM(D7:K7) -> 13.6 | M7: =SUM(D7:J7)*1000000+K7*1400000 -> 14640000
B8: 3 | C8: 千葉化学品質管理システム | D8: 1.7 | E8: 1.4 | F8: 1.6 | G8: 5.5 | H8: 0.8 | I8: 0.5 | J8: 0.6 | K8: 2.7 | L8: =SUM(D8:K8) -> 14.8 | M8: =SUM(D8:J8)*1000000+K8*1400000 -> 15880000
B9: 4 | C9: ＬＭＰＰ包装システム | D9: 1.3 | E9: 0.4 | F9: 1.6 | G9: 1.2 | H9: 0.8 | I9: 0.5 | J9: 0.6 | K9: 1.9 | L9: =SUM(D9:K9) -> 8.3 | M9: =SUM(D9:J9)*1000000+K9*1400000 -> 9060000
B10: 5 | C10: 工場DB | J10: 0.4 | K10: 0.5 | L10: =SUM(D10:K10) -> 0.9 | M10: =SUM(D10:J10)*1000000+K10*1400000 -> 1100000
B11: 6 | C11: ヤ－ド操業システム（千葉・徳山） | D11: 0.5 | E11: 0.4 | F11: 0.7 | G11: 1.4 | H11: 0.2 | I11: 0.1 | J11: 1.5 | K11: 0.9 | L11: =SUM(D11:K11) -> 5.7 | M11: =SUM(D11:J11)*1000000+K11*1400000 -> 6060000 | N11: 0 | O11: =SUM(O4:O9) -> 0 | P11: =SUM(L11:L11)+N11 -> 5.7 | Q11: =SUM(M11)+O11 -> 6060000
B12: 7 | C12: 縮小共通基盤対応 | M12: ='見積 (縮小共通基盤継続） '!D23 -> 6549000 | N12: 0 | O12: =SUM(O5:O10) -> 0 | P12: =SUM(L12:L12)+N12 -> 0 | Q12: =SUM(M12:M12)+O6 -> 6549000 | R12: 残作業工数
B13: 計 | D13: =SUM(D6:D12) -> 8.1 | E13: =SUM(E6:E12) -> 4.9 | F13: =SUM(F6:F12) -> 8.1 | G13: =SUM(G6:G12) -> 16.4 | H13: =SUM(H6:H12) -> 4.3 | I13: =SUM(I6:I12) -> 2.7 | J13: =SUM(J6:J12) -> 7.1 | K13: =SUM(K6:K12) -> 12.4 | L13: =SUM(D13:K13) -> 64 | M13: =SUM(M6:M12) -> 75509000 | N13: =SUM(N6:N12) -> 0 | O13: =SUM(O6:O12) -> 0 | P13: =SUM(P6:P12) -> 64 | Q13: =SUM(Q6:Q12) -> 75509000
B14: 単価 | D14: 1000000 | E14: 1000000 | F14: 1000000 | G14: 1000000 | H14: 1000000 | I14: 1000000 | J14: 1000000 | K14: 1400000
B15: 金額 | D15: =D13*D14 -> 8100000 | E15: =E13*E14 -> 4900000 | F15: =F13*F14 -> 8100000 | G15: =G13*G14 -> 16400000 | H15: =H13*H14 -> 4300000 | I15: =I13*I14 -> 2700000 | J15: =J13*J14 -> 7100000 | K15: =K13*K14 -> 17360000

Sheet 見積 (各フェーズ毎、品管包装付替済) 
C1: 工数直入力のため注意！！
C2: 見積（工程別サマリ）
C3: パターン | D3: クラウドアーキ基盤に移行 | R3: 備考
D4: アプリ | N4: DB | P4: 全体
B5: No. | C5: システム | D5: 調査・要件定義 | E5: 設計 | F5: 製造 | G5: 結合テスト | H5: システムテスト | I5: ユーザテスト | J5: 本番稼働 | K5: 管理 | L5: 工数計 | M5: 金額 | N5: 工数計 | O5: 金額 | P5: 工数計 | Q5: 金額
B6: 1 | C6: 数量確定システム（千葉・徳山） | D6: 3.2 | E6: 1.6 | F6: 2.7 | G6: 5.2 | H6: 1.4 | I6: 0.8 | J6: 2 | K6: 3.8 | L6: =SUM(D6:K6) -> 20.7 | M6: =SUM(D6:J6)*1000000+K6*1400000 -> 22220000 | N6: 0 | O6: 0 | P6: =SUM(L6:L10)+N6 -> 58.3 | Q6: =SUM(M6:M10)+O6 -> 62900000
B7: 2 | C7: 用役管理システム（千葉・徳山） | D7: 1.4 | E7: 1.1 | F7: 1.5 | G7: 3.1 | H7: 1.1 | I7: 0.8 | J7: 2 | K7: 2.6 | L7: =SUM(D7:K7) -> 13.6 | M7: =SUM(D7:J7)*1000000+K7*1400000 -> 14640000
B8: 3 | C8: 千葉化学品質管理システム | D8: 1.5 | E8: 0.9 | F8: 1.2 | G8: 3.1 | H8: 0.6 | I8: 0.3 | J8: 0.3 | K8: 2.2 | L8: =SUM(D8:K8) -> 10.1 | M8: =SUM(D8:J8)*1000000+K8*1400000 -> 10980000
B9: 4 | C9: ＬＭＰＰ包装システム | D9: 1.5 | E9: 0.9 | F9: 2 | G9: 3.6 | H9: 1 | I9: 0.7 | J9: 0.9 | K9: 2.4 | L9: =SUM(D9:K9) -> 13 | M9: =SUM(D9:J9)*1000000+K9*1400000 -> 13960000
B10: 5 | C10: 工場DB | J10: 0.4 | K10: 0.5 | L10: =SUM(D10:K10) -> 0.9 | M10: =SUM(D10:J10)*1000000+K10*1400000 -> 1100000
B11: 6 | C11: ヤ－ド操業システム（千葉・徳山） | D11: 0.5 | E11: 0.4 | F11: 0.7 | G11: 1.4 | H11: 0.2 | I11: 0.1 | J11: 1.5 | K11: 0.9 | L11: =SUM(D11:K11) -> 5.7 | M11: =SUM(D11:J11)*1000000+K11*1400000 -> 6060000 | N11: 0 | O11: =SUM(O5:O10) -> 0 | P11: =SUM(L11:L11)+N11 -> 5.7 | Q11: =SUM(M11:M11)+O6 -> 6060000
B12: 計 | D12: =SUM(D6:D11) -> 8.1 | E12: =SUM(E6:E11) -> 4.9 | F12: =SUM(F6:F11) -> 8.1 | G12: =SUM(G6:G11) -> 16.4 | H12: =SUM(H6:H11) -> 4.3 | I12: =SUM(I6:I11) -> 2.7 | J12: =SUM(J6:J11) -> 7.1 | K12: =SUM(K6:K11) -> 12.4 | L12: =SUM(D12:K12) -> 64 | M12: =SUM(M6:M11) -> 68960000 | N12: =SUM(N6:N11) -> 0 | O12: =SUM(O6:O11) -> 0 | P12: =SUM(P6:P11) -> 64 | Q12: =SUM(Q6:Q11) -> 68960000
B13: 単価 | D13: 1000000 | E13: 1000000 | F13: 1000000 | G13: 1000000 | H13: 1000000 | I13: 1000000 | J13: 1000000 | K13: 1400000
B14: 金額 | D14: =D12*D13 -> 8100000 | E14: =E12*E13 -> 4900000 | F14: =F12*F13 -> 8100000 | G14: =G12*G13 -> 16400000 | H14: =H12*H13 -> 4300000 | I14: =I12*I13 -> 2700000 | J14: =J12*J13 -> 7100000 | K14: =K12*K13 -> 17360000
C16: 調査・要件定義（移行フェーズの契約変更）
C17: パターン | D17: クラウドアーキ基盤に移行 | R17: 備考
D18: アプリ | N18: DB | P18: 全体
B19: No. | C19: システム | D19: 調査・要件定義 | E19: 設計 | F19: 製造 | G19: 結合テスト | H19: システムテスト | I19: ユーザテスト | J19: 本番稼働 | K19: 管理 | L19: 工数計 | M19: 金額 | N19: 工数計 | O19: 金額 | P19: 工数計 | Q19: 金額
B20: 1 | C20: 数量確定システム（千葉・徳山） | D20: 3.2 | K20: 0.9 | L20: =SUM(D20:K20) -> 4.1 | M20: =SUM(D20:J20)*1000000+K20*1400000 -> 4460000 | N20: 0 | O20: 0 | P20: =SUM(L20:L24)+N20 -> 10.2 | Q20: =SUM(M20:M24)+O20 -> 11240000
B21: 2 | C21: 用役管理システム（千葉・徳山） | D21: 1.4 | K21: 0.6 | L21: =SUM(D21:K21) -> 2 | M21: =SUM(D21:J21)*1000000+K21*1400000 -> 2240000
B22: 3 | C22: 千葉化学品質管理システム | D22: 1.7 | K22: 0.6 | L22: =SUM(D22:K22) -> 2.3 | M22: =SUM(D22:J22)*1000000+K22*1400000 -> 2540000
B23: 4 | C23: ＬＭＰＰ包装システム | D23: 1.3 | K23: 0.5 | L23: =SUM(D23:K23) -> 1.8 | M23: =SUM(D23:J23)*1000000+K23*1400000 -> 2000000
B24: 5 | C24: 工場DB | L24: =SUM(D24:K24) -> 0 | M24: =SUM(D24:J24)*1000000+K24*1400000 -> 0
B25: 6 | C25: ヤ－ド操業システム（千葉・徳山） | D25: 0.5 | K25: 0.2 | L25: =SUM(D25:K25) -> 0.7 | M25: =SUM(D25:J25)*1000000+K25*1400000 -> 780000 | P25: =SUM(L25:L25)+N25 -> 0.7 | Q25: =SUM(M25:M25)+O25 -> 780000
B26: 7 | C26: 縮小共通基盤（移行フェーズ） | L26: =SUM(D26:K26) -> 0 | M26: -6807000 | P26: =SUM(L26:L26)+N26 -> 0 | Q26: =SUM(M26:M26)+O20 -> -6807000 | R26: 現契約残額を差し引き
B27: 計 | D27: =SUM(D20:D26) -> 8.1 | E27: =SUM(E20:E26) -> 0 | F27: =SUM(F20:F26) -> 0 | G27: =SUM(G20:G26) -> 0 | H27: =SUM(H20:H26) -> 0 | I27: =SUM(I20:I26) -> 0 | J27: =SUM(J20:J26) -> 0 | K27: =SUM(K21:K26) -> 1.9 | L27: =SUM(D27:K27) -> 10 | M27: =SUM(M20:M26) -> 5213000 | N27: =SUM(N20:N26) -> 0 | O27: =SUM(O20:O26) -> 0 | P27: =SUM(P20:P26) -> 10.9 | Q27: =SUM(Q20:Q26) -> 5213000
B28: 単価 | D28: 1000000 | E28: 1000000 | F28: 1000000 | G28: 1000000 | H28: 1000000 | I28: 1000000 | J28: 1000000 | K28: 1400000
B29: 金額 | D29: =D27*D28 -> 8100000 | E29: =E27*E28 -> 0 | F29: =F27*F28 -> 0 | G29: =G27*G28 -> 0 | H29: =H27*H28 -> 0 | I29: =I27*I28 -> 0 | J29: =J27*J28 -> 0 | K29: =K27*K28 -> 2660000
C31: 調査・要件定義(クラウドアーキから開始)
C32: パターン | D32: クラウドアーキ基盤に移行 | R32: 備考
D33: アプリ | N33: DB | P33: 全体
B34: No. | C34: システム | D34: 調査・要件定義 | E34: 設計 | F34: 製造 | G34: 結合テスト | H34: システムテスト | I34: ユーザテスト | J34: 本番稼働 | K34: 管理 | L34: 工数計 | M34: 金額 | N34: 工数計 | O34: 金額 | P34: 工数計 | Q34: 金額
B35: 1 | C35: 数量確定システム（千葉・徳山） | D35: 3.2 | E35: 1.6 | K35: 0.8 | L35: =SUM(D35:K35) -> 5.6 | M35: =SUM(D35:J35)*1000000+K35*1400000 -> 5920000 | N35: 0 | O35: 0 | P35: =SUM(L35:L39)+N35 -> 15 | Q35: =SUM(M35:M39)+O35 -> 16160000
B36: 2 | C36: 用役管理システム（千葉・徳山） | D36: 1.4 | E36: 1.1 | K36: 0.7 | L36: =SUM(D36:K36) -> 3.2 | M36: =SUM(D36:J36)*1000000+K36*1400000 -> 3480000
B37: 3 | C37: 千葉化学品質管理システム | D37: 1.5 | E37: 0.9 | K37: 0.7 | L37: =SUM(D37:K37) -> 3.1 | M37: =SUM(D37:J37)*1000000+K37*1400000 -> 3380000
B38: 4 | C38: ＬＭＰＰ包装システム | D38: 1.5 | E38: 0.9 | K38: 0.7 | L38: =SUM(D38:K38) -> 3.1 | M38: =SUM(D38:J38)*1000000+K38*1400000 -> 3380000
B39: 5 | C39: 工場DB | L39: =SUM(D39:K39) -> 0 | M39: =SUM(D39:J39)*1000000+K39*1400000 -> 0
B40: 6 | C40: ヤ－ド操業システム（千葉・徳山） | D40: 0.5 | E40: 0.4 | K40: 0.3 | L40: =SUM(D40:K40) -> 1.2 | M40: =SUM(D40:J40)*1000000+K40*1400000 -> 1320000 | P40: =SUM(L40:L40)+N40 -> 1.2 | Q40: =SUM(M40:M40)+O35 -> 1320000
B41: 計 | D41: =SUM(D35:D40) -> 8.1 | E41: =SUM(E35:E40) -> 4.9 | F41: =SUM(F35:F40) -> 0 | G41: =SUM(G35:G40) -> 0 | H41: =SUM(H35:H40) -> 0 | I41: =SUM(I35:I40) -> 0 | J41: =SUM(J35:J40) -> 0 | K41: =SUM(K35:K40) -> 3.2 | L41: =SUM(D41:K41) -> 16.2 | M41: =SUM(M35:M40) -> 17480000 | N41: =SUM(N35:N40) -> 0 | O41: =SUM(O35:O40) -> 0 | P41: =SUM(P35:P40) -> 16.2 | Q41: =SUM(Q35:Q40) -> 17480000
B42: 単価 | D42: 1000000 | E42: 1000000 | F42: 1000000 | G42: 1000000 | H42: 1000000 | I42: 1000000 | J42: 1000000 | K42: 1400000
B43: 金額 | D43: =D41*D42 -> 8100000 | E43: =E41*E42 -> 4900000 | F43: =F41*F42 -> 0 | G43: =G41*G42 -> 0 | H43: =H41*H42 -> 0 | I43: =I41*I42 -> 0 | J43: =J41*J42 -> 0 | K43: =K41*K42 -> 4480000
L44: 契約済み残額 | M44: 6807000
C45: 調査・要件定義（移行フェーズの契約変更）
C46: パターン | D46: クラウドアーキ基盤に移行 | R46: 備考
D47: アプリ | N47: DB | P47: 全体
B48: No. | C48: システム | D48: 調査・要件定義 | E48: 設計 | F48: 製造 | G48: 結合テスト | H48: システムテスト | I48: ユーザテスト | J48: 本番稼働 | K48: 管理 | L48: 工数計 | M48: 金額 | N48: 工数計 | O48: 金額 | P48: 工数計 | Q48: 金額
B49: 1 | C49: 数量確定システム（千葉・徳山） | D49: 3.2 | K49: 0.9 | L49: =SUM(D49:K49) -> 4.1 | M49: =SUM(D49:J49)*1000000+K49*1400000 -> 4460000 | N49: 0 | O49: 0 | P49: =SUM(L49:L53)+N49 -> 10.2 | Q49: =SUM(M49:M53)+O49 -> 11240000
B50: 2 | C50: 用役管理システム（千葉・徳山） | D50: 1.4 | K50: 0.6 | L50: =SUM(D50:K50) -> 2 | M50: =SUM(D50:J50)*1000000+K50*1400000 -> 2240000
B51: 3 | C51: 千葉化学品質管理システム | D51: 1.7 | K51: 0.6 | L51: =SUM(D51:K51) -> 2.3 | M51: =SUM(D51:J51)*1000000+K51*1400000 -> 2540000
B52: 4 | C52: ＬＭＰＰ包装システム | D52: 1.3 | K52: 0.5 | L52: =SUM(D52:K52) -> 1.8 | M52: =SUM(D52:J52)*1000000+K52*1400000 -> 2000000
B53: 5 | C53: 工場DB | L53: =SUM(D53:K53) -> 0 | M53: =SUM(D53:J53)*1000000+K53*1400000 -> 0
B54: 6 | C54: ヤ－ド操業システム（千葉・徳山） | D54: 0.5 | K54: 0.2 | L54: =SUM(D54:K54) -> 0.7 | M54: =SUM(D54:J54)*1000000+K54*1400000 -> 780000 | P54: =SUM(L54:L54)+N54 -> 0.7 | Q54: =SUM(M54:M54)+O54 -> 780000
B55: 7 | C55: 縮小共通基盤（移行フェーズ） | L55: =SUM(D55:K55) -> 0 | M55: -6807000 | P55: =SUM(L55:L55)+N55 -> 0 | Q55: =SUM(M55:M55)+O49 -> -6807000 | R55: 現契約残額を差し引き
B56: 計 | D56: =SUM(D49:D55) -> 8.1 | E56: =SUM(E49:E55) -> 0 | F56: =SUM(F49:F55) -> 0 | G56: =SUM(G49:G55) -> 0 | H56: =SUM(H49:H55) -> 0 | I56: =SUM(I49:I55) -> 0 | J56: =SUM(J49:J55) -> 0 | K56: =SUM(K50:K55) -> 1.9 | L56: =SUM(D56:K56) -> 10 | M56: =SUM(M49:M55) -> 5213000 | N56: =SUM(N49:N55) -> 0 | O56: =SUM(O49:O55) -> 0 | P56: =SUM(P49:P55) -> 10.9 | Q56: =SUM(Q49:Q55) -> 5213000
B57: 単価 | D57: 1000000 | E57: 1000000 | F57: 1000000 | G57: 1000000 | H57: 1000000 | I57: 1000000 | J57: 1000000 | K57: 1400000
B58: 金額 | D58: =D56*D57 -> 8100000 | E58: =E56*E57 -> 0 | F58: =F56*F57 -> 0 | G58: =G56*G57 -> 0 | H58: =H56*H57 -> 0 | I58: =I56*I57 -> 0 | J58: =J56*J57 -> 0 | K58: =K56*K57 -> 2660000
L59: 差額 | M59: =M41-M44 -> 10673000
C60: 調査・要件定義(クラウドアーキから開始)値引き
C61: パターン | D61: クラウドアーキ基盤に移行 | R61: 備考
D62: アプリ | N62: DB | P62: 全体
B63: No. | C63: システム | D63: 調査・要件定義 | E63: 設計 | F63: 製造 | G63: 結合テスト | H63: システムテスト | I63: ユーザテスト | J63: 本番稼働 | K63: 管理 | L63: 工数計 | M63: 金額 | N63: 工数計 | O63: 金額 | P63: 工数計 | Q63: 金額
B64: 1 | C64: 数量確定システム（千葉・徳山） | D64: 0.2 | E64: 1.6 | K64: 0.8 | L64: =SUM(D64:K64) -> 2.6 | M64: =SUM(D64:J64)*1000000+K64*1400000 -> 2920000 | N64: 0 | O64: 0 | P64: =SUM(L64:L68)+N64 -> 8.193 | Q64: =SUM(M64:M68)+O64 -> 9353000
B65: 2 | C65: 用役管理システム（千葉・徳山） | D65: 0.2 | E65: 1.1 | K65: 0.7 | L65: =SUM(D65:K65) -> 2 | M65: =SUM(D65:J65)*1000000+K65*1400000 -> 2280000
B66: 3 | C66: 千葉化学品質管理システム | D66: 0.193 | E66: 0.9 | K66: 0.7 | L66: =SUM(D66:K66) -> 1.793 | M66: =SUM(D66:J66)*1000000+K66*1400000 -> 2073000
B67: 4 | C67: ＬＭＰＰ包装システム | D67: 0.2 | E67: 0.9 | K67: 0.7 | L67: =SUM(D67:K67) -> 1.8 | M67: =SUM(D67:J67)*1000000+K67*1400000 -> 2080000
B68: 5 | C68: 工場DB | L68: =SUM(D68:K68) -> 0 | M68: =SUM(D68:J68)*1000000+K68*1400000 -> 0
B69: 6 | C69: ヤ－ド操業システム（千葉・徳山） | D69: 0.5 | E69: 0.4 | K69: 0.3 | L69: =SUM(D69:K69) -> 1.2 | M69: =SUM(D69:J69)*1000000+K69*1400000 -> 1320000 | P69: =SUM(L69:L69)+N69 -> 1.2 | Q69: =SUM(M69:M69)+O64 -> 1320000
B70: 計 | D70: =SUM(D64:D69) -> 1.293 | E70: =SUM(E64:E69) -> 4.9 | F70: =SUM(F64:F69) -> 0 | G70: =SUM(G64:G69) -> 0 | H70: =SUM(H64:H69) -> 0 | I70: =SUM(I64:I69) -> 0 | J70: =SUM(J64:J69) -> 0 | K70: =SUM(K64:K69) -> 3.2 | L70: =SUM(D70:K70) -> 9.393 | M70: =SUM(M64:M69) -> 10673000 | N70: =SUM(N64:N69) -> 0 | O70: =SUM(O64:O69) -> 0 | P70: =SUM(P64:P69) -> 9.393 | Q70: =SUM(Q64:Q69) -> 10673000
B71: 単価 | D71: 1000000 | E71: 1000000 | F71: 1000000 | G71: 1000000 | H71: 1000000 | I71: 1000000 | J71: 1000000 | K71: 1400000
B72: 金額 | D72: =D70*D71 -> 1293000 | E72: =E70*E71 -> 4900000 | F72: =F70*F71 -> 0 | G72: =G70*G71 -> 0 | H72: =H70*H71 -> 0 | I72: =I70*I71 -> 0 | J72: =J70*J71 -> 0 | K72: =K70*K71 -> 4480000
L73: =K41/L41 -> 0.19753086
C74: 開発フェーズ
C75: パターン | D75: クラウドアーキ基盤に移行 | R75: 備考
D76: アプリ | N76: DB | P76: 全体
B77: No. | C77: システム | D77: 調査・要件定義 | E77: 設計 | F77: 製造 | G77: 結合テスト | H77: システムテスト | I77: ユーザテスト | J77: 本番稼働 | K77: 管理 | L77: 工数計 | M77: 金額 | N77: 工数計 | O77: 金額 | P77: 工数計 | Q77: 金額
B78: 1 | C78: 数量確定システム（千葉・徳山） | F78: 2.7 | G78: 5.2 | K78: 2 | L78: =SUM(D78:K78) -> 9.9 | M78: =SUM(D78:J78)*1000000+K78*1400000 -> 10700000 | N78: 0 | O78: 0 | P78: =SUM(L78:L82)+N78 -> 27.6 | Q78: =SUM(M78:M82)+O78 -> 29680000
B79: 2 | C79: 用役管理システム（千葉・徳山） | F79: 1.5 | G79: 3.1 | K79: 1.1 | L79: =SUM(D79:K79) -> 5.7 | M79: =SUM(D79:J79)*1000000+K79*1400000 -> 6140000
B80: 3 | C80: 千葉化学品質管理システム | F80: 1.2 | G80: 3.1 | K80: 1 | L80: =SUM(D80:K80) -> 5.3 | M80: =SUM(D80:J80)*1000000+K80*1400000 -> 5700000
B81: 4 | C81: ＬＭＰＰ包装システム | F81: 2 | G81: 3.6 | K81: 1.1 | L81: =SUM(D81:K81) -> 6.7 | M81: =SUM(D81:J81)*1000000+K81*1400000 -> 7140000
B82: 5 | C82: 工場DB | L82: =SUM(D82:K82) -> 0 | M82: =SUM(D82:J82)*1000000+K82*1400000 -> 0
B83: 6 | C83: ヤ－ド操業システム（千葉・徳山） | F83: 0.7 | G83: 1.4 | K83: 0.3 | L83: =SUM(D83:K83) -> 2.4 | M83: =SUM(D83:J83)*1000000+K83*1400000 -> 2520000 | P83: =SUM(L83:L83)+N83 -> 2.4 | Q83: =SUM(M83:M83)+O78 -> 2520000
B84: 計 | D84: =SUM(D78:D83) -> 0 | E84: =SUM(E78:E83) -> 0 | F84: =SUM(F78:F83) -> 8.1 | G84: =SUM(G78:G83) -> 16.4 | H84: =SUM(H78:H83) -> 0 | I84: =SUM(I78:I83) -> 0 | J84: =SUM(J78:J83) -> 0 | K84: =SUM(K78:K83) -> 5.5 | L84: =SUM(D84:K84) -> 30 | M84: =SUM(M78:M83) -> 32200000 | N84: =SUM(N78:N83) -> 0 | O84: =SUM(O78:O83) -> 0 | P84: =SUM(P78:P83) -> 30 | Q84: =SUM(Q78:Q83) -> 32200000
B85: 単価 | D85: 1000000 | E85: 1000000 | F85: 1000000 | G85: 1000000 | H85: 1000000 | I85: 1000000 | J85: 1000000 | K85: 1400000
B86: 金額 | D86: =D84*D85 -> 0 | E86: =E84*E85 -> 0 | F86: =F84*F85 -> 8100000 | G86: =G84*G85 -> 16400000 | H86: =H84*H85 -> 0 | I86: =I84*I85 -> 0 | J86: =J84*J85 -> 0 | K86: =K84*K85 -> 7700000
L87: =K84/L84 -> 0.18333333
C88: ST以降
C89: パターン | D89: クラウドアーキ基盤に移行 | R89: 備考
D90: アプリ | N90: DB | P90: 全体
B91: No. | C91: システム | D91: 調査・要件定義 | E91: 設計 | F91: 製造 | G91: 結合テスト | H91: システムテスト | I91: ユーザテスト | J91: 本番稼働 | K91: 管理 | L91: 工数計 | M91: 金額 | N91: 工数計 | O91: 金額 | P91: 工数計 | Q91: 金額
B92: 1 | C92: 数量確定システム（千葉・徳山） | H92: 1.4 | I92: 0.8 | J92: 2 | K92: 1 | L92: =SUM(D92:K92) -> 5.2 | M92: =SUM(D92:J92)*1000000+K92*1400000 -> 5600000 | N92: 0 | O92: 0 | P92: =SUM(L92:L96)+N92 -> 15.7 | Q92: =SUM(M92:M96)+O92 -> 17060000
B93: 2 | C93: 用役管理システム（千葉・徳山） | H93: 1.1 | I93: 0.8 | J93: 2 | K93: 0.8 | L93: =SUM(D93:K93) -> 4.7 | M93: =SUM(D93:J93)*1000000+K93*1400000 -> 5020000
B94: 3 | C94: 千葉化学品質管理システム | H94: 0.6 | I94: 0.3 | J94: 0.3 | K94: 0.5 | L94: =SUM(D94:K94) -> 1.7 | M94: =SUM(D94:J94)*1000000+K94*1400000 -> 1900000
B95: 4 | C95: ＬＭＰＰ包装システム | H95: 1 | I95: 0.7 | J95: 0.9 | K95: 0.6 | L95: =SUM(D95:K95) -> 3.2 | M95: =SUM(D95:J95)*1000000+K95*1400000 -> 3440000
B96: 5 | C96: 工場DB | J96: 0.4 | K96: 0.5 | L96: =SUM(D96:K96) -> 0.9 | M96: =SUM(D96:J96)*1000000+K96*1400000 -> 1100000
B97: 6 | C97: ヤ－ド操業システム（千葉・徳山） | H97: 0.2 | I97: 0.1 | J97: 1.5 | K97: 0.3 | L97: =SUM(D97:K97) -> 2.1 | M97: =SUM(D97:J97)*1000000+K97*1400000 -> 2220000 | P97: =SUM(L97:L97)+N97 -> 2.1 | Q97: =SUM(M97:M97)+O92 -> 2220000
B98: 計 | D98: =SUM(D92:D97) -> 0 | E98: =SUM(E92:E97) -> 0 | F98: =SUM(F92:F97) -> 0 | G98: =SUM(G92:G97) -> 0 | H98: =SUM(H92:H97) -> 4.3 | I98: =SUM(I92:I97) -> 2.7 | J98: =SUM(J92:J97) -> 7.1 | K98: =SUM(K92:K97) -> 3.7 | L98: =SUM(D98:K98) -> 17.8 | M98: =SUM(M92:M97) -> 19280000 | N98: =SUM(N92:N97) -> 0 | O98: =SUM(O92:O97) -> 0 | P98: =SUM(P92:P97) -> 17.8 | Q98: =SUM(Q92:Q97) -> 19280000
B99: 単価 | D99: 1000000 | E99: 1000000 | F99: 1000000 | G99: 1000000 | H99: 1000000 | I99: 1000000 | J99: 1000000 | K99: 1400000
B100: 金額 | D100: =D98*D99 -> 0 | E100: =E98*E99 -> 0 | F100: =F98*F99 -> 0 | G100: =G98*G99 -> 0 | H100: =H98*H99 -> 4300000 | I100: =I98*I99 -> 2700000 | J100: =J98*J99 -> 7100000 | K100: =K98*K99 -> 5180000
L101: =K98/L98 -> 0.20786517
J102: 小計 | K102: 数量確定システム（千葉・徳山） | L102: =SUM(L35,L78,L92) -> 20.7 | M102: =SUM(M35,M78,M92) -> 22220000
...

Sheet 見積 (要件_設計で区切り) 
C1: 工数直入力のため注意！！
C2: 見積（工程別サマリ）
C3: パターン | D3: クラウドアーキ基盤に移行 | R3: 備考
D4: アプリ | N4: DB | P4: 全体
B5: No. | C5: システム | D5: 調査・要件定義 | E5: 設計 | F5: 製造 | G5: 結合テスト | H5: システムテスト | I5: ユーザテスト | J5: 本番稼働 | K5: 管理 | L5: 工数計 | M5: 金額 | N5: 工数計 | O5: 金額 | P5: 工数計 | Q5: 金額
B6: 1 | C6: 数量確定システム（千葉・徳山） | D6: 3.2 | E6: 1.6 | F6: 2.7 | G6: 5.2 | H6: 1.4 | I6: 0.8 | J6: 2 | K6: 3.8 | L6: =SUM(D6:K6) -> 20.7 | M6: =SUM(D6:J6)*1000000+K6*1400000 -> 22220000 | N6: 0 | O6: 0 | P6: =SUM(L6:L10)+N6 -> 58.3 | Q6: =SUM(M6:M10)+O6 -> 62900000
B7: 2 | C7: 用役管理システム（千葉・徳山） | D7: 1.4 | E7: 1.1 | F7: 1.5 | G7: 3.1 | H7: 1.1 | I7: 0.8 | J7: 2 | K7: 2.6 | L7: =SUM(D7:K7) -> 13.6 | M7: =SUM(D7:J7)*1000000+K7*1400000 -> 14640000
B8: 3 | C8: 千葉化学品質管理システム | D8: 1.7 | E8: 1.4 | F8: 1.6 | G8: 5.5 | H8: 0.8 | I8: 0.5 | J8: 0.6 | K8: 2.7 | L8: =SUM(D8:K8) -> 14.8 | M8: =SUM(D8:J8)*1000000+K8*1400000 -> 15880000
B9: 4 | C9: ＬＭＰＰ包装システム | D9: 1.3 | E9: 0.4 | F9: 1.6 | G9: 1.2 | H9: 0.8 | I9: 0.5 | J9: 0.6 | K9: 1.9 | L9: =SUM(D9:K9) -> 8.3 | M9: =SUM(D9:J9)*1000000+K9*1400000 -> 9060000
B10: 5 | C10: 工場DB | J10: 0.4 | K10: 0.5 | L10: =SUM(D10:K10) -> 0.9 | M10: =SUM(D10:J10)*1000000+K10*1400000 -> 1100000
B11: 6 | C11: ヤ－ド操業システム（千葉・徳山） | D11: 0.5 | E11: 0.4 | F11: 0.7 | G11: 1.4 | H11: 0.2 | I11: 0.1 | J11: 1.5 | K11: 0.9 | L11: =SUM(D11:K11) -> 5.7 | M11: =SUM(D11:J11)*1000000+K11*1400000 -> 6060000 | N11: 0 | O11: =SUM(O5:O10) -> 0 | P11: =SUM(L11:L11)+N11 -> 5.7 | Q11: =SUM(M11:M11)+O6 -> 6060000
B12: 計 | D12: =SUM(D6:D11) -> 8.1 | E12: =SUM(E6:E11) -> 4.9 | F12: =SUM(F6:F11) -> 8.1 | G12: =SUM(G6:G11) -> 16.4 | H12: =SUM(H6:H11) -> 4.3 | I12: =SUM(I6:I11) -> 2.7 | J12: =SUM(J6:J11) -> 7.1 | K12: =SUM(K6:K11) -> 12.4 | L12: =SUM(D12:K12) -> 64 | M12: =SUM(M6:M11) -> 68960000 | N12: =SUM(N6:N11) -> 0 | O12: =SUM(O6:O11) -> 0 | P12: =SUM(P6:P11) -> 64 | Q12: =SUM(Q6:Q11) -> 68960000
B13: 単価 | D13: 1000000 | E13: 1000000 | F13: 1000000 | G13: 1000000 | H13: 1000000 | I13: 1000000 | J13: 1000000 | K13: 1400000
B14: 金額 | D14: =D12*D13 -> 8100000 | E14: =E12*E13 -> 4900000 | F14: =F12*F13 -> 8100000 | G14: =G12*G13 -> 16400000 | H14: =H12*H13 -> 4300000 | I14: =I12*I13 -> 2700000 | J14: =J12*J13 -> 7100000 | K14: =K12*K13 -> 17360000
C16: 調査・要件定義（移行フェーズの契約変更）
C17: パターン | D17: クラウドアーキ基盤に移行 | R17: 備考
D18: アプリ | N18: DB | P18: 全体
B19: No. | C19: システム | D19: 調査・要件定義 | E19: 設計 | F19: 製造 | G19: 結合テスト | H19: システムテスト | I19: ユーザテスト | J19: 本番稼働 | K19: 管理 | L19: 工数計 | M19: 金額 | N19: 工数計 | O19: 金額 | P19: 工数計 | Q19: 金額
B20: 1 | C20: 数量確定システム（千葉・徳山） | D20: 3.2 | K20: 0.9 | L20: =SUM(D20:K20) -> 4.1 | M20: =SUM(D20:J20)*1000000+K20*1400000 -> 4460000 | N20: 0 | O20: 0 | P20: =SUM(L20:L24)+N20 -> 10.2 | Q20: =SUM(M20:M24)+O20 -> 11240000
B21: 2 | C21: 用役管理システム（千葉・徳山） | D21: 1.4 | K21: 0.6 | L21: =SUM(D21:K21) -> 2 | M21: =SUM(D21:J21)*1000000+K21*1400000 -> 2240000
B22: 3 | C22: 千葉化学品質管理システム | D22: 1.7 | K22: 0.6 | L22: =SUM(D22:K22) -> 2.3 | M22: =SUM(D22:J22)*1000000+K22*1400000 -> 2540000
B23: 4 | C23: ＬＭＰＰ包装システム | D23: 1.3 | K23: 0.5 | L23: =SUM(D23:K23) -> 1.8 | M23: =SUM(D23:J23)*1000000+K23*1400000 -> 2000000
B24: 5 | C24: 工場DB | L24: =SUM(D24:K24) -> 0 | M24: =SUM(D24:J24)*1000000+K24*1400000 -> 0
B25: 6 | C25: ヤ－ド操業システム（千葉・徳山） | D25: 0.5 | K25: 0.2 | L25: =SUM(D25:K25) -> 0.7 | M25: =SUM(D25:J25)*1000000+K25*1400000 -> 780000 | P25: =SUM(L25:L25)+N25 -> 0.7 | Q25: =SUM(M25:M25)+O25 -> 780000
B26: 7 | C26: 縮小共通基盤（移行フェーズ） | L26: =SUM(D26:K26) -> 0 | M26: -6807000 | P26: =SUM(L26:L26)+N26 -> 0 | Q26: =SUM(M26:M26)+O20 -> -6807000 | R26: 現契約残額を差し引き
B27: 計 | D27: =SUM(D20:D26) -> 8.1 | E27: =SUM(E20:E26) -> 0 | F27: =SUM(F20:F26) -> 0 | G27: =SUM(G20:G26) -> 0 | H27: =SUM(H20:H26) -> 0 | I27: =SUM(I20:I26) -> 0 | J27: =SUM(J20:J26) -> 0 | K27: =SUM(K21:K26) -> 1.9 | L27: =SUM(D27:K27) -> 10 | M27: =SUM(M20:M26) -> 5213000 | N27: =SUM(N20:N26) -> 0 | O27: =SUM(O20:O26) -> 0 | P27: =SUM(P20:P26) -> 10.9 | Q27: =SUM(Q20:Q26) -> 5213000
B28: 単価 | D28: 1000000 | E28: 1000000 | F28: 1000000 | G28: 1000000 | H28: 1000000 | I28: 1000000 | J28: 1000000 | K28: 1400000
B29: 金額 | D29: =D27*D28 -> 8100000 | E29: =E27*E28 -> 0 | F29: =F27*F28 -> 0 | G29: =G27*G28 -> 0 | H29: =H27*H28 -> 0 | I29: =I27*I28 -> 0 | J29: =J27*J28 -> 0 | K29: =K27*K28 -> 2660000
C31: 調査・要件定義(クラウドアーキから開始)
C32: パターン | D32: クラウドアーキ基盤に移行 | R32: 備考
D33: アプリ | N33: DB | P33: 全体
B34: No. | C34: システム | D34: 調査・要件定義 | E34: 設計 | F34: 製造 | G34: 結合テスト | H34: システムテスト | I34: ユーザテスト | J34: 本番稼働 | K34: 管理 | L34: 工数計 | M34: 金額 | N34: 工数計 | O34: 金額 | P34: 工数計 | Q34: 金額
B35: 1 | C35: 数量確定システム（千葉・徳山） | D35: 3.2 | E35: 1.6 | K35: 1.2 | L35: =SUM(D35:K35) -> 6 | M35: =SUM(D35:J35)*1000000+K35*1400000 -> 6480000 | N35: 0 | O35: 0 | P35: =SUM(L35:L39)+N35 -> 15.6 | Q35: =SUM(M35:M39)+O35 -> 17000000
B36: 2 | C36: 用役管理システム（千葉・徳山） | D36: 1.4 | E36: 1.1 | K36: 0.8 | L36: =SUM(D36:K36) -> 3.3 | M36: =SUM(D36:J36)*1000000+K36*1400000 -> 3620000
B37: 3 | C37: 千葉化学品質管理システム | D37: 1.7 | E37: 1.4 | K37: 0.8 | L37: =SUM(D37:K37) -> 3.9 | M37: =SUM(D37:J37)*1000000+K37*1400000 -> 4220000
B38: 4 | C38: ＬＭＰＰ包装システム | D38: 1.3 | E38: 0.4 | K38: 0.7 | L38: =SUM(D38:K38) -> 2.4 | M38: =SUM(D38:J38)*1000000+K38*1400000 -> 2680000
B39: 5 | C39: 工場DB | L39: =SUM(D39:K39) -> 0 | M39: =SUM(D39:J39)*1000000+K39*1400000 -> 0
B40: 6 | C40: ヤ－ド操業システム（千葉・徳山） | D40: 0.5 | E40: 0.4 | K40: 0.3 | L40: =SUM(D40:K40) -> 1.2 | M40: =SUM(D40:J40)*1000000+K40*1400000 -> 1320000 | P40: =SUM(L40:L40)+N40 -> 1.2 | Q40: =SUM(M40:M40)+O35 -> 1320000
B41: 計 | D41: =SUM(D35:D40) -> 8.1 | E41: =SUM(E35:E40) -> 4.9 | F41: =SUM(F35:F40) -> 0 | G41: =SUM(G35:G40) -> 0 | H41: =SUM(H35:H40) -> 0 | I41: =SUM(I35:I40) -> 0 | J41: =SUM(J35:J40) -> 0 | K41: =SUM(K36:K40) -> 2.6 | L41: =SUM(D41:K41) -> 15.6 | M41: =SUM(M35:M40) -> 18320000 | N41: =SUM(N35:N40) -> 0 | O41: =SUM(O35:O40) -> 0 | P41: =SUM(P35:P40) -> 16.8 | Q41: =SUM(Q35:Q40) -> 18320000
B42: 単価 | D42: 1000000 | E42: 1000000 | F42: 1000000 | G42: 1000000 | H42: 1000000 | I42: 1000000 | J42: 1000000 | K42: 1400000
B43: 金額 | D43: =D41*D42 -> 8100000 | E43: =E41*E42 -> 4900000 | F43: =F41*F42 -> 0 | G43: =G41*G42 -> 0 | H43: =H41*H42 -> 0 | I43: =I41*I42 -> 0 | J43: =J41*J42 -> 0 | K43: =K41*K42 -> 3640000
C45: 開発フェーズ
C46: パターン | D46: クラウドアーキ基盤に移行 | R46: 備考
D47: アプリ | N47: DB | P47: 全体
B48: No. | C48: システム | D48: 調査・要件定義 | E48: 設計 | F48: 製造 | G48: 結合テスト | H48: システムテスト | I48: ユーザテスト | J48: 本番稼働 | K48: 管理 | L48: 工数計 | M48: 金額 | N48: 工数計 | O48: 金額 | P48: 工数計 | Q48: 金額
B49: 1 | C49: 数量確定システム（千葉・徳山） | F49: 2.7 | G49: 5.2 | K49: 1.6 | L49: =SUM(D49:K49) -> 9.5 | M49: =SUM(D49:J49)*1000000+K49*1400000 -> 10140000 | N49: 0 | O49: 0 | P49: =SUM(L49:L53)+N49 -> 27 | Q49: =SUM(M49:M53)+O49 -> 28840000
B50: 2 | C50: 用役管理システム（千葉・徳山） | F50: 1.5 | G50: 3.1 | K50: 1 | L50: =SUM(D50:K50) -> 5.6 | M50: =SUM(D50:J50)*1000000+K50*1400000 -> 6000000
B51: 3 | C51: 千葉化学品質管理システム | F51: 1.6 | G51: 5.5 | K51: 1.4 | L51: =SUM(D51:K51) -> 8.5 | M51: =SUM(D51:J51)*1000000+K51*1400000 -> 9060000
B52: 4 | C52: ＬＭＰＰ包装システム | F52: 1.6 | G52: 1.2 | K52: 0.6 | L52: =SUM(D52:K52) -> 3.4 | M52: =SUM(D52:J52)*1000000+K52*1400000 -> 3640000
B53: 5 | C53: 工場DB | L53: =SUM(D53:K53) -> 0 | M53: =SUM(D53:J53)*1000000+K53*1400000 -> 0
B54: 6 | C54: ヤ－ド操業システム（千葉・徳山） | F54: 0.7 | G54: 1.4 | K54: 0.3 | L54: =SUM(D54:K54) -> 2.4 | M54: =SUM(D54:J54)*1000000+K54*1400000 -> 2520000 | P54: =SUM(L54:L54)+N54 -> 2.4 | Q54: =SUM(M54:M54)+O49 -> 2520000
B55: 計 | D55: =SUM(D49:D54) -> 0 | E55: =SUM(E49:E54) -> 0 | F55: =SUM(F49:F54) -> 8.1 | G55: =SUM(G49:G54) -> 16.4 | H55: =SUM(H49:H54) -> 0 | I55: =SUM(I49:I54) -> 0 | J55: =SUM(J49:J54) -> 0 | K55: =SUM(K49:K54) -> 4.9 | L55: =SUM(D55:K55) -> 29.4 | M55: =SUM(M49:M54) -> 31360000 | N55: =SUM(N49:N54) -> 0 | O55: =SUM(O49:O54) -> 0 | P55: =SUM(P49:P54) -> 29.4 | Q55: =SUM(Q49:Q54) -> 31360000
B56: 単価 | D56: 1000000 | E56: 1000000 | F56: 1000000 | G56: 1000000 | H56: 1000000 | I56: 1000000 | J56: 1000000 | K56: 1400000
B57: 金額 | D57: =D55*D56 -> 0 | E57: =E55*E56 -> 0 | F57: =F55*F56 -> 8100000 | G57: =G55*G56 -> 16400000 | H57: =H55*H56 -> 0 | I57: =I55*I56 -> 0 | J57: =J55*J56 -> 0 | K57: =K55*K56 -> 6860000
C59: ST以降
C60: パターン | D60: クラウドアーキ基盤に移行 | R60: 備考
D61: アプリ | N61: DB | P61: 全体
B62: No. | C62: システム | D62: 調査・要件定義 | E62: 設計 | F62: 製造 | G62: 結合テスト | H62: システムテスト | I62: ユーザテスト | J62: 本番稼働 | K62: 管理 | L62: 工数計 | M62: 金額 | N62: 工数計 | O62: 金額 | P62: 工数計 | Q62: 金額
B63: 1 | C63: 数量確定システム（千葉・徳山） | H63: 1.4 | I63: 0.8 | J63: 2 | K63: 1 | L63: =SUM(D63:K63) -> 5.2 | M63: =SUM(D63:J63)*1000000+K63*1400000 -> 5600000 | N63: 0 | O63: 0 | P63: =SUM(L63:L67)+N63 -> 15.7 | Q63: =SUM(M63:M67)+O63 -> 17060000
B64: 2 | C64: 用役管理システム（千葉・徳山） | H64: 1.1 | I64: 0.8 | J64: 2 | K64: 0.8 | L64: =SUM(D64:K64) -> 4.7 | M64: =SUM(D64:J64)*1000000+K64*1400000 -> 5020000
B65: 3 | C65: 千葉化学品質管理システム | H65: 0.8 | I65: 0.5 | J65: 0.6 | K65: 0.5 | L65: =SUM(D65:K65) -> 2.4 | M65: =SUM(D65:J65)*1000000+K65*1400000 -> 2600000
B66: 4 | C66: ＬＭＰＰ包装システム | H66: 0.8 | I66: 0.5 | J66: 0.6 | K66: 0.6 | L66: =SUM(D66:K66) -> 2.5 | M66: =SUM(D66:J66)*1000000+K66*1400000 -> 2740000
B67: 5 | C67: 工場DB | J67: 0.4 | K67: 0.5 | L67: =SUM(D67:K67) -> 0.9 | M67: =SUM(D67:J67)*1000000+K67*1400000 -> 1100000
B68: 6 | C68: ヤ－ド操業システム（千葉・徳山） | H68: 0.2 | I68: 0.1 | J68: 1.5 | K68: 0.3 | L68: =SUM(D68:K68) -> 2.1 | M68: =SUM(D68:J68)*1000000+K68*1400000 -> 2220000 | P68: =SUM(L68:L68)+N68 -> 2.1 | Q68: =SUM(M68:M68)+O63 -> 2220000
B69: 計 | D69: =SUM(D63:D68) -> 0 | E69: =SUM(E63:E68) -> 0 | F69: =SUM(F63:F68) -> 0 | G69: =SUM(G63:G68) -> 0 | H69: =SUM(H63:H68) -> 4.3 | I69: =SUM(I63:I68) -> 2.7 | J69: =SUM(J63:J68) -> 7.1 | K69: =SUM(K63:K68) -> 3.7 | L69: =SUM(D69:K69) -> 17.8 | M69: =SUM(M63:M68) -> 19280000 | N69: =SUM(N63:N68) -> 0 | O69: =SUM(O63:O68) -> 0 | P69: =SUM(P63:P68) -> 17.8 | Q69: =SUM(Q63:Q68) -> 19280000
B70: 単価 | D70: 1000000 | E70: 1000000 | F70: 1000000 | G70: 1000000 | H70: 1000000 | I70: 1000000 | J70: 1000000 | K70: 1400000
B71: 金額 | D71: =D69*D70 -> 0 | E71: =E69*E70 -> 0 | F71: =F69*F70 -> 0 | G71: =G69*G70 -> 0 | H71: =H69*H70 -> 4300000 | I71: =I69*I70 -> 2700000 | J71: =J69*J70 -> 7100000 | K71: =K69*K70 -> 5180000
J73: 小計 | K73: 数量確定システム（千葉・徳山） | L73: =SUM(L35,L49,L63) -> 20.7 | M73: =SUM(M35,M49,M63) -> 22220000
K74: 用役管理システム（千葉・徳山） | L74: =SUM(L36,L50,L64) -> 13.6 | M74: =SUM(M36,M50,M64) -> 14640000
K75: 千葉化学品質管理システム | L75: =SUM(L37,L51,L65) -> 14.8 | M75: =SUM(M37,M51,M65) -> 15880000
K76: 包装管理システム | L76: =SUM(L38,L52,L66) -> 8.3 | M76: =SUM(M38,M52,M66) -> 9060000
K77: 工場DBシステム | L77: =SUM(L39,L53,L67) -> 0.9 | M77: =SUM(M39,M53,M67) -> 1100000
K78: ヤード操業 | L78: =SUM(L40,L54,L68) -> 5.7 | M78: =SUM(M40,M54,M68) -> 6060000
C81: 検証用
C82: 要件定義+設計
C83: パターン | D83: クラウドアーキ基盤に移行 | R83: 備考
D84: アプリ | N84: DB | P84: 全体
B85: No. | C85: システム | D85: 調査・要件定義 | E85: 設計 | F85: 製造 | G85: 結合テスト | H85: システムテスト | I85: ユーザテスト | J85: 本番稼働 | K85: 管理 | L85: 工数計 | M85: 金額 | N85: 工数計 | O85: 金額 | P85: 工数計 | Q85: 金額
B86: 1 | C86: 数量確定システム（千葉・徳山） | D86: 3.2 | E86: 1.6 | K86: 1.2 | L86: =SUM(D86:K86) -> 6 | M86: =SUM(D86:J86)*1000000+K86*1400000 -> 6480000 | N86: 0 | O86: 0 | P86: =SUM(L86:L90)+N86 -> 15.6 | Q86: =SUM(M86:M90)+O86 -> 17000000
B87: 2 | C87: 用役管理システム（千葉・徳山） | D87: 1.4 | E87: 1.1 | K87: 0.8 | L87: =SUM(D87:K87) -> 3.3 | M87: =SUM(D87:J87)*1000000+K87*1400000 -> 3620000
B88: 3 | C88: 千葉化学品質管理システム | D88: 1.7 | E88: 1.4 | K88: 0.8 | L88: =SUM(D88:K88) -> 3.9 | M88: =SUM(D88:J88)*1000000+K88*1400000 -> 4220000
B89: 4 | C89: ＬＭＰＰ包装システム | D89: 1.3 | E89: 0.4 | K89: 0.7 | L89: =SUM(D89:K89) -> 2.4 | M89: =SUM(D89:J89)*1000000+K89*1400000 -> 2680000
B90: 5 | C90: 工場DB | L90: =SUM(D90:K90) -> 0 | M90: =SUM(D90:J90)*1000000+K90*1400000 -> 0
B91: 6 | C91: ヤ－ド操業システム（千葉・徳山） | D91: 0.5 | E91: 0.4 | K91: 0.3 | L91: =SUM(D91:K91) -> 1.2 | M91: =SUM(D91:J91)*1000000+K91*1400000 -> 1320000 | P91: =SUM(L91:L91)+N91 -> 1.2 | Q91: =SUM(M91:M91)+O86 -> 1320000
B92: 計 | D92: =SUM(D86:D91) -> 8.1 | E92: =SUM(E86:E91) -> 4.9 | F92: =SUM(F86:F91) -> 0 | G92: =SUM(G86:G91) -> 0 | H92: =SUM(H86:H91) -> 0 | I92: =SUM(I86:I91) -> 0 | J92: =SUM(J86:J91) -> 0 | K92: =SUM(K86:K91) -> 3.8 | L92: =SUM(D92:K92) -> 16.8 | M92: =SUM(M86:M91) -> 18320000 | N92: =SUM(N86:N91) -> 0 | O92: =SUM(O86:O91) -> 0 | P92: =SUM(P86:P91) -> 16.8 | Q92: =SUM(Q86:Q91) -> 18320000
B93: 単価 | D93: 1000000 | E93: 1000000 | F93: 1000000 | G93: 1000000 | H93: 1000000 | I93: 1000000 | J93: 1000000 | K93: 1400000
B94: 金額 | D94: =D92*D93 -> 8100000 | E94: =E92*E93 -> 4900000 | F94: =F92*F93 -> 0 | G94: =G92*G93 -> 0 | H94: =H92*H93 -> 0 | I94: =I92*I93 -> 0 | J94: =J92*J93 -> 0 | K94: =K92*K93 -> 5320000
C95: 当初要件見積もり差分 計 | D95: =D92-D117 -> 0 | E95: =E92-E117 -> 4.9 | F95: =F92-F117 -> 0 | G95: =G92-G117 -> 0 | H95: =H92-H117 -> 0 | I95: =I92-I117 -> 0 | J95: =J92-J117 -> 0 | K95: =K92-K117 -> 1 | ... M95: =M92-M117 -> 6300000
C96: 当初要件見積もり差分 単価 | D96: =D93-D118 -> 0 | E96: =E93-E118 -> 0 | F96: =F93-F118 -> 0 | G96: =G93-G118 -> 0 | H96: =H93-H118 -> 0 | I96: =I93-I118 -> 0 | J96: =J93-J118 -> 0 | K96: =K93-K118 -> 0 | ... M96: =M93-M118 -> 0
C97: 当初要件見積もり差分 金額 | D97: =D94-D119 -> 0 | E97: =E94-E119 -> 4900000 | F97: =F94-F119 -> 0 | G97: =G94-G119 -> 0 | H97: =H94-H119 -> 0 | I97: =I94-I119 -> 0 | J97: =J94-J119 -> 0 | K97: =K94-K119 -> 1400000 | ... M97: =M94-M119 -> 0
I99: 設計追加による差分 | L99: 工数 | M99: 金額
K100: 数量確定システム（千葉・徳山） | L100: =L86-L111 -> 1.9 | M100: =M86-M111 -> 2020000
K101: 用役管理システム（千葉・徳山） | L101: =L87-L112 -> 1.3 | M101: =M87-M112 -> 1380000
K102: 千葉化学品質管理システム | L102: =L88-L113 -> 1.6 | M102: =M88-M113 -> 1680000
K103: 包装管理システム | L103: =L89-L114 -> 0.6 | M103: =M89-M114 -> 680000
K104: 工場DBシステム | L104: =L90-L115 -> 0 | M104: =M90-M115 -> 0
K105: ヤード操業 | L105: =L91-L116 -> 0.5 | M105: =M91-M116 -> 540000
L106: =SUM(L100:L105) -> 5.9 | M106: =SUM(M100:M105) -> 6300000
C107: 調査・要件定義(クラウドアーキから開始)
C108: パターン | D108: クラウドアーキ基盤に移行 | R108: 備考
...

Sheet スケジュール案
A2: システム | B2: 担当 | C2: 2024年 | O2: 2025年 | S2: 202６年
C3: 1月 | D3: 2月 | E3: 3月 | F3: 4月 | G3: 5月 | H3: 6月 | I3: 7月 | J3: 8月 | K3: 9月 | L3: 10月 | M3: 11月 | N3: 12月 | O3: 9月 | P3: 10月 | Q3: 11月 | R3: 12月 | S3: １月 | T3: ２月 | U3: ３月 | V3: ４月 | W3: ５月 | X3: ６月
A4: マイルストン | K4: ★縮小共通基盤構築 | P4: ★新共通基盤構築 | U4: ★館林DC廃止
A5: 数量確定システム（千葉・徳山）
A6: 用役管理システム（千葉・徳山）
A7: 千葉化学品質管理システム
A8: ＬＭＰＰ包装システム
A9: 工場DB
A13: 想定要員数
A14: 管理 | O14: 2 | P14: 2 | Q14: 2 | R14: 2 | S14: 2 | T14: 1.5
A15: 数量確定 | O15: 2 | P15: 2 | Q15: 3 | R15: 3 | S15: 2 | T15: 1
A16: 用役管理 | O16: 1 | P16: 2 | Q16: 3 | R16: 2 | S16: 2 | T16: 1
A17: 千葉化学 | O17: 1 | P17: 2 | Q17: 3 | R17: 3 | S17: 2 | T17: 0.5
A18: 包装 | O18: 1 | P18: 1 | Q18: 1 | R18: 1 | S18: 0.5 | T18: 0.5
A19: ヤード操業 | F19: 2 | G19: 2 | H19: 5 | I19: 5 | J19: 5 | K19: 5 | L19: 5 | M19: 5 | N19: 5 | O19: 1 | P19: 1 | Q19: 1 | R19: 1 | S19: 1 | T19: 0.5
A20: 合計 | C20: =SUM(C15:C19) -> 0 | D20: =SUM(D15:D19) -> 0 | E20: =SUM(E15:E19) -> 0 | F20: =SUM(F15:F19) -> 2 | G20: =SUM(G15:G19) -> 2 | H20: =SUM(H15:H19) -> 5 | I20: =SUM(I15:I19) -> 5 | J20: =SUM(J15:J19) -> 5 | ... N20: =SUM(N15:N19) -> 5 | O20: =SUM(O14:O19) -> 8 | P20: =SUM(P14:P19) -> 10 | Q20: =SUM(Q14:Q19) -> 13 | R20: =SUM(R14:R19) -> 12 | S20: =SUM(S14:S19) -> 9.5 | T20: =SUM(T14:T19) -> 5 | U20: =SUM(U14:U19) -> 0 | V20: =SUM(V14:V19) -> 0 | ... X20: =SUM(X14:X19) -> 0
A23: 要員

Sheet 見積（数量確定システム）_明細（社内用）
B2: 前提条件
B3: 1 | C3: クラウドアーキ環境への移行を想定した作業見積をしています
B4: 2 | C4: 事前調査で一部検証をしておりますが、未確認および検討事項があるため、要件定義工程にて調査後に改めて開発フェーズ移行のお見積りをいたします。
B5: 3 | C5: 事前調査にて数量確定システムで検証したところ、エラー発生率が高い結果であったため、全画面のテスト(縮小共通基盤での結合テストと同等)の確認が必要
B6: 4 | C6: インフラ環境の構築作業は含まれていません。出光様にてご準備をいただくきます
B7: 5 | C7: データ移行の作業は含まれていません。出光様にてご準備をいただくきます
B10: 作業パターン： | C10: 作業パターン： | D10: クラウドアーキ基盤への移行 | F10: 端数処理のため、I列値を少数2桁目をROUNDUPしている | G10: 提示する場合は値のみ | L10: 作業用 | M10: 計算用 | Q10: レビュー工数 | T10: テスト用
B11: フェーズ | C11: 工程 | D11: タスク | E11: 区分 | F11: 作業詳細 | G11: 工数 | H11: 備考 | I11: 計算 | J11: 計 | K11: レビュー工数+バッファ （×1.2） | L11: 根拠補足 | M11: 機能数 | N11: 環境数 | O11: 生産性(１人当たりの作業時間) | P11: 人月換算 | Q11: レビュー工数係数 | T11: 画面数 | U11: 生産性 | V11: 帳票数 | W11: 生産性 | X11: バッチ数 | Y11: 生産性 | Z11: I/F数 | AA11: 生産性
B12: 要件定義フェーズ | C12: 要件定義 | D12: AP基盤 Oracle WebLogic ⇒ Azure App Service (PaaS) Apache Tomcat | E12: AP基盤 | F12: =ROUNDUP(K12,1) -> 1.1 | G12: =SUM(F12:F16) -> 3.2 | H12: 事前調査結果： ローカル環境にてWeblogicからTomcatへ変更して検証をした影響調査結果より正式な対応内容を精査する。 ※千葉・徳山でソースは共通 数量確定（千葉） 19/41機能でエラーが発生 数量確定（徳山） 3/25機能でエラーが発生 １．エラー事項の対応 ・NoClassDefFound ⇒不足ライブラリの追加および暫定（Weblogic）ライブラリ追加箇所の正式なライブラリ調査およびプログラム改修箇所を調査する ・計算処理でエラー(PimsYard) ⇒計算処理でエラーが発生する。 ローカル環境ではFWの問題で確認ができず。 ローカル環境からPIMSサーバへFW設定をして動作確認。 FW以外の問題が起因をしていないか検証する。 ・各種設定値の追加、修正 ⇒server.xml、web.xml、Context.xmlの定義を修正する | I12: =M12*N12*O12/P12 -> 0.825 | J12: 0.85 | K12: =J12*Q12 -> 1.02 | L12: エラー事項の対応 0.85人月 | M12: 22 | N12: 1 | O12: 6 | P12: 160 | Q12: 1.2
C13: 要件定義 | E13: AP基盤 | F13: =ROUNDUP(K13,1) -> 1 | H13: ２．ear⇒warファイルへのビルド手順変更 ・build.xmlの定義修正 ⇒earに関するビルド定義修正およびwar形式に伴う定義修正をおこなう。 ⇒ライブラリの依存関係に影響がある場合は設定の見直しをする。 ⇒warでビルドしたファイルをPoC環境Azure App Serviceに配備して動作検証をおこなう。 ３．EJBの対応 ⇒ライブラリ追加、設定値変更 ４．クラウドアーキ環境の情報収集 ・サーバ情報の確認（申請準備、システム構成の確認、確定） ⇒アドレスIP、ホスト名、通信要件(FW)、サーバスペックの確認 ⇒縮小共通基盤との環境構成に違いがあるか確認 | J13: 0.8 | K13: =J13*Q13 -> 0.96 | L13: ear⇒warファイルへのビルド手順変更 0.5人月 EJBの対応 0.1人月 クラウドアーキ環境の情報収集 0.2人月 | Q13: 1.2
C14: 要件定義 | D14: 認証基盤 認証AP：Oracle WebLogic ⇒Azure Entra ID | E14: 認証基盤 | F14: =ROUNDUP(K14,1) -> 0.6 | H14: 事前調査対応： ローカル環境にて認証用の共通ファイル（com0-lib2_4_0.jar）へ差し替え、ライブラリ内のクラス実行ができることまで確認済み。Azure Entra ID認証について検証をする。 工場系システム ・共通ログイン廃止対応 ⇒SSOからリンク呼び出しに変更になるため、呼び出しURL、パラメータの設定値を調査する。また、URL直入力により工場系システムの呼び出しができることを確認する。 ・ログインユーザ切り替え方法の検討 ⇒権限による機能違いを確認するためのログイン手順を検討する ※SSOからのログインではPCログイン時のアカウントで認証がされるため、ユーザや権限の切り替えができない。 ・SSOからの遷移時にエラーが発生した場合の画面制御 ⇒エラー画面の表示検討、要件を整理する ・EntraID利用申請 ⇒申請に必要な情報の整理まで対応 | J14: 0.5 | K14: =J14*Q14 -> 0.6 | L14: 工場系システム 0.3人月 EntraID利用申請 0.2人月 | Q14: 1.2
C15: 要件定義 | D15: バッチ基盤 System Walker Operation Manager ⇒A-AUTO | E15: バッチ基盤 | F15: =ROUNDUP(K15,1) -> 0.2 | H15: 事前調査対応： 実施なし A-AUTO登録する為の情報提供、作業分担とスケジュールの認識合わせ ⇒DP課ご担当者とのA-AUTO移行に伴う課題や担当、スケジュールを確認する ※オペマネ⇒A-AUTOへのジョブ登録はDP課にて準備いただく ※A-AUTOから起動するスクリプトはDP課にて準備いただく ※実行ユーザに変更がある場合は設定ファイル、設定内容修正作業が追加で必要 | J15: 0.1 | K15: =J15*Q15 -> 0.12 | L15: DP課調整 0.1人月 | Q15: 1.2
C16: 要件定義 | D16: 次工程以降正式見積 | E16: 共通 | F16: =ROUNDUP(K16,1) -> 0.3 | H16: 調査結果資料作成、要件定義一覧作成、承認 開発フェーズ以降の見積書作成 | J16: 0.2 | K16: =J16*Q16 -> 0.24 | L16: 見積書作成（概算見積根拠を精査）：0.2人月 ※縮小共通基盤の時は概算見積から変更がなかったが、今回はプログラム修正方法や本数未確定があるため、0.1⇒0.2で算出 | Q16: 1.2
B17: 開発フェーズ | C17: 設計 | D17: 移行方式設計 | E17: 共通 | F17: =ROUNDUP(K17,1) -> 0.3 | G17: =SUM(F17:F19) -> 1.6 | H17: アプリ移行方式設計 その他連携基盤移行設計 移行計画書 テスト計画書（全体、結合、システムテスト） ※縮小共通基盤対応で作成したものを更新 | J17: 0.2 | K17: =J17*Q17 -> 0.24 | L17: 設計 0.2人月 ※縮小共通基盤通盛流用するため0.4⇒0.2で算出 | Q17: 1.2
C18: 設計 | D18: アプリケーション関連 （FW関連） | E18: AP基盤 | F18: =ROUNDUP(K18,1) -> 0.3 | H18: アプリケーション関連設計書修正 ・通信要件 ⇒通信要件FW申請書の作成、設定を依頼 (AP基盤、DB基盤、バッチ基盤 × 2環境(検証・本番環境)) ※帳票基盤は利用していないため含めない | I18: =M18*N18*O18/P18 -> 0 | J18: 0.2 | K18: =J18*Q18 -> 0.24 | L18: 共通 0.2人月 | P18: 160 | Q18: 1.2
C19: 設計 | D19: アプリケーション関連 （AP基盤、バッチ基盤、認証基盤関連） | E19: 共通 | F19: =ROUNDUP(K19,1) -> 1 | H19: アプリケーション関連設計書修正 ・AP基盤 ⇒AppServise、EntraIDの利用申請（検証環境・本番環境） ⇒事前調査エラーの22機能について画面、機能設計書の修正を想定 ・認証基盤 ⇒認証機能に関する設計書を新規1本作成（工場系システム共通） ・バッチ基盤 ⇒A-AUTO用ジョブネット一覧、ジョブ構成図の2本修正 テスト仕様書作成 ⇒画面・機能一覧よりチェックシートを作成 | I19: =M19*N19*O19/P19 -> 0.625 | J19: 0.8 | K19: =J19*Q19 -> 0.96 | L19: AP基盤、認証基盤、バッチ基盤 0.6人月 ※25本対象。計算式参照 テスト仕様書 0.2人月 | M19: 25 | N19: 1 | O19: 4 | P19: 160 | Q19: 1.2
C20: 製造 | D20: アプリケーション構築 | E20: AP基盤 | F20: =ROUNDUP(K20,1) -> 0.9 | G20: =SUM(F20:F23) -> 2.7 | H20: ・修正ファイルを配備、疎通確認（検証）※結合テストまでに準備 ・修正ファイルを配備、疎通確認（本番）※システムテストまでに準備 ※デプロイ手順の修正を含む | J20: 0.75 | K20: =J20*Q20 -> 0.9 | L20: 検証 0.5人月 検証 0.25人月 ※縮小共通基盤時は0.6。デプロイ手順書対応工数 を追加 | Q20: 1.2
C21: 製造 | D21: AP基盤 | E21: AP基盤 | F21: =ROUNDUP(K21,1) -> 1.7 | H21: ・プログラム改修、ビルドファイル作成 １．エラー事項の対応 ２．ear⇒warファイルへのビルド手順変更 ３．EJBの対応 ４．IP、ホスト名、DB接続先(必要があれば)の変更 | J21: 1.4 | K21: =J21*Q21 -> 1.68 | L21: プログラム改修、ビルドファイル作成 1.4人月 内訳 １．エラー事項の対応 1.0人月 ２．ear⇒warファイルへのビルド手順変更 0.3人月 ３．EJBの対応 0.05人月 ４．IP、ホスト名、DB接続先(必要があれば)の変更 0.05人月 | Q21: 1.2
C22: 製造 | D22: 認証基盤 | E22: 認証基盤 | F22: =ROUNDUP(K22,1) -> 0.1 | H22: ・プログラム改修、ビルドファイル作成 ５，com0-lib2_4_0.jarファイル対応 | J22: 0.05 | K22: =J22*Q22 -> 0.06 | L22: プログラム改修、ビルドファイル作成 0.05人月 内訳 ５，com0-lib2_4_0.jarファイル対応 0.05人月 | Q22: 1.2
C23: 製造 | D23: バッチ基盤 | E23: バッチ基盤 | F23: 0 | H23: 特になし | K23: =J23*Q23 -> 0 | Q23: 1.2
C24: 結合テスト | D24: 結合テスト | E24: AP基盤 | F24: =ROUNDUP(K24,1) -> 4.2 | G24: =SUM(F24:F24) -> 4.2 | H24: システム内の全画面を確認し、初期画面の描画や正常系の動作に問題がないことを確認。 ・データベースの参照・登録 ・画面遷移 ・ボタン押下 等 機能数（画面＋帳票＋IF）=113 ※IFは疎通確認まで ※テスト工数削減案として、チェックリストによる動作確認までとし、エビデンスは異常が発生したパターンのみ採取する。品質担保としてユーザ様に協力をいただき、ユーザテストにて動作検証を手厚く実施をお願いする（作業工数50%削減を想定） | I24: =(T24*U24+V24*W24+X24*Y24+Z24*AA24)/P24 -> 3.45 | J24: 3.45 | K24: =J24*Q24 -> 4.14 | L24: 結合テスト3.45人月 113機能 画面：6H 帳票：3H IF:3H ※縮小共通基盤から変更なし | P24: 160 | Q24: 1.2 | T24: 71 | U24: 6 | V24: 30 | W24: 3 | Z24: 12 | AA24: 3
C25: 結合テスト | D25: 結合テスト | E25: バッチ基盤 | F25: =ROUNDUP(K25,1) -> 0.4 | G25: =SUM(F25:F25) -> 0.4 | H25: A-AUTOバスクリプトのテスト 機能数（バッチ）=15 | I25: =(T25*U25+V25*W25+X25*Y25+Z25*AA25)/P25 -> 0.28125 | J25: 0.28 | K25: =J25*Q25 -> 0.336 | L25: 結合テスト0.28人月 15機能 バッチ：3H | P25: 160 | Q25: 1.2 | X25: 15 | Y25: 3
C26: 結合テスト | D26: 結合テスト | E26: 認証基盤 | F26: =ROUNDUP(K26,1) -> 0.6 | G26: =SUM(F26:F26) -> 0.6 | H26: EntraID認証でログインができることを確認。 ・工場系システム（数量確定） Https通信へ変更したことによる影響確認 ・ドメインは共通のため1環境を対象に影響確認 | J26: 0.5 | K26: =J26*Q26 -> 0.6 | L26: 工場系システム：0.1人月 Https通信へ変更：0.4人月 | P26: 160 | Q26: 1.2 | T26: 71 | U26: 6 | V26: 30 | W26: 3 | X26: 15 | Y26: 3 | Z26: 12 | AA26: 3
B27: 移行フェーズ | C27: システムテスト | D27: システムテスト | E27: バッチ基盤 | F27: =ROUNDUP(K27,1) -> 0.3 | G27: =SUM(F27:F27) -> 0.3 | H27: A-AUTO実行テスト DP課ご担当者による手動実行、作業立会い。エラー発生時の調査。 ※スケジュール実行対象ジョブ全量の確認を想定 12ジョブ | J27: 0.2 | K27: =J27*Q27 -> 0.24 | L27: A-AUTO実行 0.2人月 | P27: 160 | Q27: 1.2
C28: システムテスト | D28: システムテスト 本番切り替えテスト | E28: 共通 | F28: =ROUNDUP(K28,1) -> 1.1 | G28: =SUM(F28:F28) -> 1.1 | H28: 他システムとの連携テスト(本番環境⇔他システム(本番)) SAP、PIMS（ヤード操業千葉・徳山）、オフラス（千葉） 他シスとのテスト調整 ※全確認ではなく代表1本 | J28: 0.9 | K28: =J28*Q28 -> 1.08 | L28: 他システムとの連携テスト 0.9人月 ※縮小共通基盤から変更なし | P28: 160 | Q28: 1.2
C29: ユーザテスト | D29: ユーザテスト | E29: 共通 | F29: =ROUNDUP(K29,1) -> 0.8 | G29: =SUM(F29:F29) -> 0.8 | H29: ユーザテスト支援、問い合わせ対応、不具合指摘修正 ※ユーザテスト仕様書、計画書は含めない | J29: 0.75 | K29: =J29*Q29 -> 0.75 | L29: ユーザテスト支援、問い合わせ対応、不具合指摘修正：0.75 縮小共通基盤から変更なし | Q29: 1
C30: 本番稼働 | D30: アプリ移行 | E30: 共通 | F30: =ROUNDUP(K30,1) -> 1 | G30: =SUM(F30:F31) -> 2 | H30: 移行手順書作成＋出光内の移行方式レビュー支援 移行作業 ※ユーザテスト段階で環境構築は完了済み想定 ※オペマネジョブ停止 ※A-AUTOスケジュール実行 ※現行環境の停止作業を実施 | J30: 1 | K30: =J30*Q30 -> 1 | L30: アプリ移行：1.0人月 縮小共通基盤から変更なし | Q30: 1
C31: 本番稼働 | D31: 初期流動 | E31: 共通 | F31: =ROUNDUP(K31,1) -> 1 | H31: 月末月初挟む0.5ヶ月×2名 | J31: 1 | K31: =J31*Q31 -> 1 | L31: 初期流動：1.0人月 縮小共通基盤から変更なし | Q31: 1
B32: 管理 | D32: 全体工数（各フェーズ合計） | F32: =ROUNDUP(SUM(G12:G31)*0.15,1) -> 2.6 | G32: =SUM(F32:F34) -> 3.8 | H32: 全体工数＊15%
C33: 管理 | D33: 定例会関連 | E33: 管理 | F33: =ROUNDUP(K33,1) -> 0.4 | H33: 定例会：(準備+実施＋議事録) | I33: =M33*N33*O33/P33 -> 0.375 | J33: =ROUNDUP(I33,1) -> 0.4 | K33: =J33*Q33 -> 0.4 | L33: 定例会：(準備+実施＋議事録)：3H 期間：4回/月・5ヵ月 | M33: 3 | N33: 4 | O33: 5 | P33: 160 | Q33: 1
C34: 管理 | D34: 工程完了レビュー関連 | E34: 管理 | F34: =ROUNDUP(K34,1) -> 0.8 | H34: 各工程完了レビュー：(準備+実施＋議事録)（要件定義～試験、PJ総括） | I34: =M34*N34*O34/P34 -> 0.75 | J34: 0.75 | K34: =J34*Q34 -> 0.75 | L34: 各工程完了レビュー：(準備+実施＋議事録)6H*5回 （要件定義～試験、PJ総括） 縮小共通基盤から変更なし | M34: 6 | N34: 5 | O34: 4 | P34: 160 | Q34: 1
C35: 合計 | G35: =SUM(G12:G34) -> 20.7 | L35: 縮小共通基盤：13.5人月
C38: 区分別 | D38: 工程別 | E38: 工数 | F38: 管理工数(小数第2で繰り上げ) | G38: 小計 | H38: 調整工数
C39: 要件定義 | D39: 共通
D40: AP基盤
D41: 認証基盤
D42: バッチ基盤
D43: 管理
C44: 設計 | D44: 共通
D45: AP基盤
D46: 認証基盤
D47: バッチ基盤
D48: 管理
C49: 設計 | D49: 共通
D50: AP基盤
D51: 認証基盤
D52: バッチ基盤
D53: 管理
C54: 製造 | D54: 共通
D55: AP基盤
D56: 認証基盤
D57: バッチ基盤
D58: 管理
C59: 結合テスト | D59: 共通
D60: AP基盤
D61: 認証基盤
D62: バッチ基盤
D63: 管理
C64: システムテスト | D64: 共通
C65: ユーザテスト | D65: 共通
C66: 本番稼働 | D66: 共通
C67: 管理 | D67: 共通
C68: 管理 | D68: 管理
D71: 区分別 | E71: 工数 | F71: 管理工数(小数第2で繰り上げ) | G71: 小計 | H71: 調整工数
D72: 共通 | E72: =SUMIF($E$12:E34, D72, $F$12:F34) -> 5.5 | F72: =ROUNDUP(E72*0.15,1) -> 0.9 | G72: =SUM(E72:F72) -> 6.4
D73: AP基盤 | E73: =SUMIF($E$12:E35, D73, $F$12:F35) -> 9.2 | F73: =ROUNDUP(E73*0.15,1) -> 1.4 | G73: =SUM(E73:F73) -> 10.6
D74: 認証基盤 | E74: =SUMIF($E$12:E36, D74, $F$12:F36) -> 1.3 | F74: =ROUNDUP(E74*0.15,1) -> 0.2 | G74: =SUM(E74:F74) -> 1.5
D75: バッチ基盤 | E75: =SUMIF($E$12:E37, D75, $F$12:F37) -> 0.9 | F75: =ROUNDUP(E75*0.15,1) -> 0.2 | G75: =SUM(E75:F75) -> 1.1
D76: 管理 | F76: =SUMIF($E$12:F71, D76, $F$12:F71)+H76 -> 1 | G76: =SUM(E76:F76) -> 1 | H76: -0.2
F78: 合計 | G78: =SUM(G72:G76) -> 20.6
D81: 工程別 | E81: 工数 | F81: 管理工数(小数第2で繰り上げ) | G81: 小計 | H81: 調整工数
D82: 要件定義 | E82: =SUMIF($C$12:C77, D82, $F$12:F77) -> 3.2 | F82: =ROUNDUP(E82*0.15,1) -> 0.5 | G82: =SUM(E82:F82) -> 3.7
D83: 設計 | E83: =SUMIF($C$12:C35, D83, $F$12:F35) -> 1.6 | F83: =ROUNDUP(SUM(E83:E85)*0.15,1) -> 1.5 | G83: =SUM(E83:F83) -> 3.1
D84: 製造 | E84: =SUMIF($C$12:C35, D84, $F$12:F35) -> 2.7 | G84: =SUM(E84:F84) -> 2.7
D85: 結合テスト | E85: =SUMIF($C$12:C35, D85, $F$12:F35) -> 5.2 | G85: =SUM(E85:F85) -> 5.2
D86: システムテスト | E86: =SUMIF($C$12:C36, D86, $F$12:F36) -> 1.4 | F86: =ROUNDUP(SUM(E86:E88)*0.15,1) -> 0.7 | G86: =SUM(E86:F86) -> 2.1
D87: ユーザテスト | E87: =SUMIF($C$12:C37, D87, $F$12:F37) -> 0.8 | G87: =SUM(E87:F87) -> 0.8
D88: 本番稼働 | E88: =SUMIF($C$12:C35, D88, $F$12:F35) -> 2 | G88: =SUM(E88:F88) -> 2
D89: 管理 | F89: =SUMIF($E$12:F84, D89, $F$12:F84)+H89 -> 1.1 | G89: =SUM(E89:F89) -> 1.1 | H89: -0.1
F91: 合計 | G91: =SUM(G82:G89) -> 20.7

Sheet 再見積もり(要件定義結果反映定システム）_明細（社内用） 
B2: 前提条件
B3: 1 | C3: クラウドアーキ環境への移行を想定した作業見積をしています
B4: 2 | C4: 事前調査で一部検証をしておりますが、未確認および検討事項があるため、要件定義工程にて調査後に改めて開発フェーズ移行のお見積りをいたします。
B5: 3 | C5: 事前調査にて数量確定システムで検証したところ、エラー発生率が高い結果であったため、全画面のテスト(縮小共通基盤での結合テストと同等)の確認が必要
B6: 4 | C6: インフラ環境の構築作業は含まれていません。出光様にてご準備をいただくきます
B7: 5 | C7: データ移行の作業は含まれていません。出光様にてご準備をいただくきます
B10: 作業パターン： | C10: 作業パターン： | D10: クラウドアーキ基盤への移行 | F10: 端数処理のため、I列値を少数2桁目をROUNDUPしている | G10: 提示する場合は値のみ | L10: 作業用 | M10: 計算用 | Q10: レビュー工数 | T10: テスト用
B11: フェーズ | C11: 工程 | D11: タスク | E11: 区分 | F11: 作業詳細 | G11: 工数 | H11: 備考 | I11: 計算 | J11: 計 | K11: レビュー工数+バッファ （×1.2） | L11: 根拠補足 | M11: 機能数 | N11: 環境数 | O11: 生産性(１人当たりの作業時間) | P11: 人月換算 | Q11: レビュー工数係数 | T11: 画面数 | U11: 生産性 | V11: 帳票数 | W11: 生産性 | X11: バッチ数 | Y11: 生産性 | Z11: I/F数 | AA11: 生産性
B12: 要件定義フェーズ | C12: 要件定義 | D12: AP基盤 Oracle WebLogic ⇒ Azure App Service (PaaS) Apache Tomcat | E12: AP基盤 | F12: =ROUNDUP(K12,1) -> 1.1 | G12: =SUM(F12:F16) -> 3.2 | H12: 事前調査結果： ローカル環境にてWeblogicからTomcatへ変更して検証をした影響調査結果より正式な対応内容を精査する。 ※千葉・徳山でソースは共通 数量確定（千葉） 19/41機能でエラーが発生 数量確定（徳山） 3/25機能でエラーが発生 １．エラー事項の対応 ・NoClassDefFound ⇒不足ライブラリの追加および暫定（Weblogic）ライブラリ追加箇所の正式なライブラリ調査およびプログラム改修箇所を調査する ・計算処理でエラー(PimsYard) ⇒計算処理でエラーが発生する。 ローカル環境ではFWの問題で確認ができず。 ローカル環境からPIMSサーバへFW設定をして動作確認。 FW以外の問題が起因をしていないか検証する。 ・各種設定値の追加、修正 ⇒server.xml、web.xml、Context.xmlの定義を修正する | I12: =M12*N12*O12/P12 -> 0.825 | J12: 0.85 | K12: =J12*Q12 -> 1.02 | L12: エラー事項の対応 0.85人月 | M12: 22 | N12: 1 | O12: 6 | P12: 160 | Q12: 1.2
C13: 要件定義 | E13: AP基盤 | F13: =ROUNDUP(K13,1) -> 1 | H13: ２．ear⇒warファイルへのビルド手順変更 ・build.xmlの定義修正 ⇒earに関するビルド定義修正およびwar形式に伴う定義修正をおこなう。 ⇒ライブラリの依存関係に影響がある場合は設定の見直しをする。 ⇒warでビルドしたファイルをPoC環境Azure App Serviceに配備して動作検証をおこなう。 ３．EJBの対応 ⇒ライブラリ追加、設定値変更 ４．クラウドアーキ環境の情報収集 ・サーバ情報の確認（申請準備、システム構成の確認、確定） ⇒アドレスIP、ホスト名、通信要件(FW)、サーバスペックの確認 ⇒縮小共通基盤との環境構成に違いがあるか確認 | J13: 0.8 | K13: =J13*Q13 -> 0.96 | L13: ear⇒warファイルへのビルド手順変更 0.5人月 EJBの対応 0.1人月 クラウドアーキ環境の情報収集 0.2人月 | Q13: 1.2
C14: 要件定義 | D14: 認証基盤 認証AP：Oracle WebLogic ⇒Azure Entra ID | E14: 認証基盤 | F14: =ROUNDUP(K14,1) -> 0.6 | H14: 事前調査対応： ローカル環境にて認証用の共通ファイル（com0-lib2_4_0.jar）へ差し替え、ライブラリ内のクラス実行ができることまで確認済み。Azure Entra ID認証について検証をする。 工場系システム ・共通ログイン廃止対応 ⇒SSOからリンク呼び出しに変更になるため、呼び出しURL、パラメータの設定値を調査する。また、URL直入力により工場系システムの呼び出しができることを確認する。 ・ログインユーザ切り替え方法の検討 ⇒権限による機能違いを確認するためのログイン手順を検討する ※SSOからのログインではPCログイン時のアカウントで認証がされるため、ユーザや権限の切り替えができない。 ・SSOからの遷移時にエラーが発生した場合の画面制御 ⇒エラー画面の表示検討、要件を整理する ・EntraID利用申請 ⇒申請に必要な情報の整理まで対応 | J14: 0.5 | K14: =J14*Q14 -> 0.6 | L14: 工場系システム 0.3人月 EntraID利用申請 0.2人月 | Q14: 1.2
C15: 要件定義 | D15: バッチ基盤 System Walker Operation Manager ⇒A-AUTO | E15: バッチ基盤 | F15: =ROUNDUP(K15,1) -> 0.2 | H15: 事前調査対応： 実施なし A-AUTO登録する為の情報提供、作業分担とスケジュールの認識合わせ ⇒DP課ご担当者とのA-AUTO移行に伴う課題や担当、スケジュールを確認する ※オペマネ⇒A-AUTOへのジョブ登録はDP課にて準備いただく ※A-AUTOから起動するスクリプトはDP課にて準備いただく ※実行ユーザに変更がある場合は設定ファイル、設定内容修正作業が追加で必要 | J15: 0.1 | K15: =J15*Q15 -> 0.12 | L15: DP課調整 0.1人月 | Q15: 1.2
C16: 要件定義 | D16: 次工程以降正式見積 | E16: 共通 | F16: =ROUNDUP(K16,1) -> 0.3 | H16: 調査結果資料作成、要件定義一覧作成、承認 開発フェーズ以降の見積書作成 | J16: 0.2 | K16: =J16*Q16 -> 0.24 | L16: 見積書作成（概算見積根拠を精査）：0.2人月 ※縮小共通基盤の時は概算見積から変更がなかったが、今回はプログラム修正方法や本数未確定があるため、0.1⇒0.2で算出 | Q16: 1.2
B17: 開発フェーズ | C17: 設計 | D17: 移行方式設計 | E17: 共通 | F17: =ROUNDUP(K17,1) -> 0.3 | G17: =SUM(F17:F19) -> 1.6 | H17: アプリ移行方式設計 その他連携基盤移行設計 移行計画書 テスト計画書（全体、結合、システムテスト） ※縮小共通基盤対応で作成したものを更新 | J17: 0.2 | K17: =J17*Q17 -> 0.24 | L17: 設計 0.2人月 ※縮小共通基盤通盛流用するため0.4⇒0.2で算出 | Q17: 1.2
C18: 設計 | D18: アプリケーション関連 （FW関連） | E18: AP基盤 | F18: =ROUNDUP(K18,1) -> 0.3 | H18: アプリケーション関連設計書修正 ・通信要件 ⇒通信要件FW申請書の作成、設定を依頼 (AP基盤、DB基盤、バッチ基盤 × 2環境(検証・本番環境)) ※帳票基盤は利用していないため含めない | I18: =M18*N18*O18/P18 -> 0 | J18: 0.2 | K18: =J18*Q18 -> 0.24 | L18: 共通 0.2人月 | P18: 160 | Q18: 1.2
C19: 設計 | D19: アプリケーション関連 （AP基盤、バッチ基盤、認証基盤関連） | E19: 共通 | F19: =ROUNDUP(K19,1) -> 1 | H19: アプリケーション関連設計書修正 ・AP基盤 ⇒AppServise、EntraIDの利用申請（検証環境・本番環境） ⇒事前調査エラーの22機能について画面、機能設計書の修正を想定 ・認証基盤 ⇒認証機能に関する設計書を新規1本作成（工場系システム共通） ・バッチ基盤 ⇒A-AUTO用ジョブネット一覧、ジョブ構成図の2本修正 テスト仕様書作成 ⇒画面・機能一覧よりチェックシートを作成 | I19: =M19*N19*O19/P19 -> 0.625 | J19: 0.8 | K19: =J19*Q19 -> 0.96 | L19: AP基盤、認証基盤、バッチ基盤 0.6人月 ※25本対象。計算式参照 テスト仕様書 0.2人月 | M19: 25 | N19: 1 | O19: 4 | P19: 160 | Q19: 1.2
C20: 製造 | D20: アプリケーション構築 | E20: AP基盤 | F20: =ROUNDUP(K20,1) -> 0.9 | G20: =SUM(F20:F23) -> 2.7 | H20: ・修正ファイルを配備、疎通確認（検証）※結合テストまでに準備 ・修正ファイルを配備、疎通確認（本番）※システムテストまでに準備 ※デプロイ手順の修正を含む | J20: 0.75 | K20: =J20*Q20 -> 0.9 | L20: 検証 0.5人月 検証 0.25人月 ※縮小共通基盤時は0.6。デプロイ手順書対応工数 を追加 | Q20: 1.2
C21: 製造 | D21: AP基盤 | E21: AP基盤 | F21: =ROUNDUP(K21,1) -> 1.7 | H21: ・プログラム改修、ビルドファイル作成 １．エラー事項の対応 ２．ear⇒warファイルへのビルド手順変更 ３．EJBの対応 ４．IP、ホスト名、DB接続先(必要があれば)の変更 | J21: 1.4 | K21: =J21*Q21 -> 1.68 | L21: プログラム改修、ビルドファイル作成 1.4人月 内訳 １．エラー事項の対応 1.0人月 ２．ear⇒warファイルへのビルド手順変更 0.3人月 ３．EJBの対応 0.05人月 ４．IP、ホスト名、DB接続先(必要があれば)の変更 0.05人月 | Q21: 1.2
C22: 製造 | D22: 認証基盤 | E22: 認証基盤 | F22: =ROUNDUP(K22,1) -> 0.1 | H22: ・プログラム改修、ビルドファイル作成 ５，com0-lib2_4_0.jarファイル対応 | J22: 0.05 | K22: =J22*Q22 -> 0.06 | L22: プログラム改修、ビルドファイル作成 0.05人月 内訳 ５，com0-lib2_4_0.jarファイル対応 0.05人月 | Q22: 1.2
C23: 製造 | D23: バッチ基盤 | E23: バッチ基盤 | F23: 0 | H23: 特になし | K23: =J23*Q23 -> 0 | Q23: 1.2
C24: 結合テスト | D24: 結合テスト | E24: AP基盤 | F24: =ROUNDUP(K24,1) -> 4.2 | G24: =SUM(F24:F24) -> 4.2 | H24: システム内の全画面を確認し、初期画面の描画や正常系の動作に問題がないことを確認。 ・データベースの参照・登録 ・画面遷移 ・ボタン押下 等 機能数（画面＋帳票＋IF）=113 ※IFは疎通確認まで ※テスト工数削減案として、チェックリストによる動作確認までとし、エビデンスは異常が発生したパターンのみ採取する。品質担保としてユーザ様に協力をいただき、ユーザテストにて動作検証を手厚く実施をお願いする（作業工数50%削減を想定） | I24: =(T24*U24+V24*W24+X24*Y24+Z24*AA24)/P24 -> 3.45 | J24: 3.45 | K24: =J24*Q24 -> 4.14 | L24: 結合テスト3.45人月 113機能 画面：6H 帳票：3H IF:3H ※縮小共通基盤から変更なし | P24: 160 | Q24: 1.2 | T24: 71 | U24: 6 | V24: 30 | W24: 3 | Z24: 12 | AA24: 3
C25: 結合テスト | D25: 結合テスト | E25: バッチ基盤 | F25: =ROUNDUP(K25,1) -> 0.4 | G25: =SUM(F25:F25) -> 0.4 | H25: A-AUTOバスクリプトのテスト 機能数（バッチ）=15 | I25: =(T25*U25+V25*W25+X25*Y25+Z25*AA25)/P25 -> 0.28125 | J25: 0.28 | K25: =J25*Q25 -> 0.336 | L25: 結合テスト0.28人月 15機能 バッチ：3H | P25: 160 | Q25: 1.2 | X25: 15 | Y25: 3
C26: 結合テスト | D26: 結合テスト | E26: 認証基盤 | F26: =ROUNDUP(K26,1) -> 0.6 | G26: =SUM(F26:F26) -> 0.6 | H26: EntraID認証でログインができることを確認。 ・工場系システム（数量確定） Https通信へ変更したことによる影響確認 ・ドメインは共通のため1環境を対象に影響確認 | J26: 0.5 | K26: =J26*Q26 -> 0.6 | L26: 工場系システム：0.1人月 Https通信へ変更：0.4人月 | P26: 160 | Q26: 1.2 | T26: 71 | U26: 6 | V26: 30 | W26: 3 | X26: 15 | Y26: 3 | Z26: 12 | AA26: 3
B27: 移行フェーズ | C27: システムテスト | D27: システムテスト | E27: バッチ基盤 | F27: =ROUNDUP(K27,1) -> 0.3 | G27: =SUM(F27:F27) -> 0.3 | H27: A-AUTO実行テスト DP課ご担当者による手動実行、作業立会い。エラー発生時の調査。 ※スケジュール実行対象ジョブ全量の確認を想定 12ジョブ | J27: 0.2 | K27: =J27*Q27 -> 0.24 | L27: A-AUTO実行 0.2人月 | P27: 160 | Q27: 1.2
C28: システムテスト | D28: システムテスト 本番切り替えテスト | E28: 共通 | F28: =ROUNDUP(K28,1) -> 1.1 | G28: =SUM(F28:F28) -> 1.1 | H28: 他システムとの連携テスト(本番環境⇔他システム(本番)) SAP、PIMS（ヤード操業千葉・徳山）、オフラス（千葉） 他シスとのテスト調整 ※全確認ではなく代表1本 | J28: 0.9 | K28: =J28*Q28 -> 1.08 | L28: 他システムとの連携テスト 0.9人月 ※縮小共通基盤から変更なし | P28: 160 | Q28: 1.2
C29: ユーザテスト | D29: ユーザテスト | E29: 共通 | F29: =ROUNDUP(K29,1) -> 0.8 | G29: =SUM(F29:F29) -> 0.8 | H29: ユーザテスト支援、問い合わせ対応、不具合指摘修正 ※ユーザテスト仕様書、計画書は含めない | J29: 0.75 | K29: =J29*Q29 -> 0.75 | L29: ユーザテスト支援、問い合わせ対応、不具合指摘修正：0.75 縮小共通基盤から変更なし | Q29: 1
C30: 本番稼働 | D30: アプリ移行 | E30: 共通 | F30: =ROUNDUP(K30,1) -> 1 | G30: =SUM(F30:F31) -> 2 | H30: 移行手順書作成＋出光内の移行方式レビュー支援 移行作業 ※ユーザテスト段階で環境構築は完了済み想定 ※オペマネジョブ停止 ※A-AUTOスケジュール実行 ※現行環境の停止作業を実施 | J30: 1 | K30: =J30*Q30 -> 1 | L30: アプリ移行：1.0人月 縮小共通基盤から変更なし | Q30: 1
C31: 本番稼働 | D31: 初期流動 | E31: 共通 | F31: =ROUNDUP(K31,1) -> 1 | H31: 月末月初挟む0.5ヶ月×2名 | J31: 1 | K31: =J31*Q31 -> 1 | L31: 初期流動：1.0人月 縮小共通基盤から変更なし | Q31: 1
B32: 管理 | D32: 全体工数（各フェーズ合計） | F32: =ROUNDUP(SUM(G12:G31)*0.15,1) -> 2.6 | G32: =SUM(F32:F34) -> 3.8 | H32: 全体工数＊15%
C33: 管理 | D33: 定例会関連 | E33: 管理 | F33: =ROUNDUP(K33,1) -> 0.4 | H33: 定例会：(準備+実施＋議事録) | I33: =M33*N33*O33/P33 -> 0.375 | J33: =ROUNDUP(I33,1) -> 0.4 | K33: =J33*Q33 -> 0.4 | L33: 定例会：(準備+実施＋議事録)：3H 期間：4回/月・5ヵ月 | M33: 3 | N33: 4 | O33: 5 | P33: 160 | Q33: 1
C34: 管理 | D34: 工程完了レビュー関連 | E34: 管理 | F34: =ROUNDUP(K34,1) -> 0.8 | H34: 各工程完了レビュー：(準備+実施＋議事録)（要件定義～試験、PJ総括） | I34: =M34*N34*O34/P34 -> 0.75 | J34: 0.75 | K34: =J34*Q34 -> 0.75 | L34: 各工程完了レビュー：(準備+実施＋議事録)6H*5回 （要件定義～試験、PJ総括） 縮小共通基盤から変更なし | M34: 6 | N34: 5 | O34: 4 | P34: 160 | Q34: 1
C35: 合計 | G35: =SUM(G12:G34) -> 20.7 | L35: 縮小共通基盤：13.5人月
C38: 区分別 | D38: 工程別 | E38: 工数 | F38: 管理工数(小数第2で繰り上げ) | G38: 小計 | H38: 調整工数
C39: 要件定義 | D39: 共通
D40: AP基盤
D41: 認証基盤
D42: バッチ基盤
D43: 管理
C44: 設計 | D44: 共通
D45: AP基盤
D46: 認証基盤
D47: バッチ基盤
D48: 管理
C49: 設計 | D49: 共通
D50: AP基盤
D51: 認証基盤
D52: バッチ基盤
D53: 管理
C54: 製造 | D54: 共通
D55: AP基盤
D56: 認証基盤
D57: バッチ基盤
D58: 管理
C59: 結合テスト | D59: 共通
D60: AP基盤
D61: 認証基盤
D62: バッチ基盤
D63: 管理
C64: システムテスト | D64: 共通
C65: ユーザテスト | D65: 共通
C66: 本番稼働 | D66: 共通
C67: 管理 | D67: 共通
C68: 管理 | D68: 管理
D71: 区分別 | E71: 工数 | F71: 管理工数(小数第2で繰り上げ) | G71: 小計 | H71: 調整工数
D72: 共通 | E72: =SUMIF($E$12:E34, D72, $F$12:F34) -> 5.5 | F72: =ROUNDUP(E72*0.15,1) -> 0.9 | G72: =SUM(E72:F72) -> 6.4
D73: AP基盤 | E73: =SUMIF($E$12:E35, D73, $F$12:F35) -> 9.2 | F73: =ROUNDUP(E73*0.15,1) -> 1.4 | G73: =SUM(E73:F73) -> 10.6
D74: 認証基盤 | E74: =SUMIF($E$12:E36, D74, $F$12:F36) -> 1.3 | F74: =ROUNDUP(E74*0.15,1) -> 0.2 | G74: =SUM(E74:F74) -> 1.5
D75: バッチ基盤 | E75: =SUMIF($E$12:E37, D75, $F$12:F37) -> 0.9 | F75: =ROUNDUP(E75*0.15,1) -> 0.2 | G75: =SUM(E75:F75) -> 1.1
D76: 管理 | F76: =SUMIF($E$12:F71, D76, $F$12:F71)+H76 -> 1 | G76: =SUM(E76:F76) -> 1 | H76: -0.2
F78: 合計 | G78: =SUM(G72:G76) -> 20.6
D81: 工程別 | E81: 工数 | F81: 管理工数(小数第2で繰り上げ) | G81: 小計 | H81: 調整工数
D82: 要件定義 | E82: =SUMIF($C$12:C77, D82, $F$12:F77) -> 3.2 | F82: =ROUNDUP(E82*0.15,1) -> 0.5 | G82: =SUM(E82:F82) -> 3.7
D83: 設計 | E83: =SUMIF($C$12:C35, D83, $F$12:F35) -> 1.6 | F83: =ROUNDUP(SUM(E83:E85)*0.15,1) -> 1.5 | G83: =SUM(E83:F83) -> 3.1
D84: 製造 | E84: =SUMIF($C$12:C35, D84, $F$12:F35) -> 2.7 | G84: =SUM(E84:F84) -> 2.7
D85: 結合テスト | E85: =SUMIF($C$12:C35, D85, $F$12:F35) -> 5.2 | G85: =SUM(E85:F85) -> 5.2
D86: システムテスト | E86: =SUMIF($C$12:C36, D86, $F$12:F36) -> 1.4 | F86: =ROUNDUP(SUM(E86:E88)*0.15,1) -> 0.7 | G86: =SUM(E86:F86) -> 2.1
D87: ユーザテスト | E87: =SUMIF($C$12:C37, D87, $F$12:F37) -> 0.8 | G87: =SUM(E87:F87) -> 0.8
D88: 本番稼働 | E88: =SUMIF($C$12:C35, D88, $F$12:F35) -> 2 | G88: =SUM(E88:F88) -> 2
D89: 管理 | F89: =SUMIF($E$12:F84, D89, $F$12:F84)+H89 -> 1.1 | G89: =SUM(E89:F89) -> 1.1 | H89: -0.1
F91: 合計 | G91: =SUM(G82:G89) -> 20.7

Sheet 見積（用役管理システム）_明細（社内用）
B2: 前提条件
B3: 1 | C3: クラウドアーキ環境への移行を想定した作業見積をしています
B4: 2 | C4: 事前調査で一部検証をしておりますが、未確認および検討事項があるため、要件定義工程にて調査後に改めて開発フェーズ移行のお見積りをいたします。
B5: 3 | C5: 事前調査にて数量確定システムで検証したところ、エラー発生率が高い結果であったため、全画面のテスト(縮小共通基盤での結合テストと同等)の確認が必要
B6: 4 | C6: インフラ環境の構築作業は含まれていません。出光様にてご準備をいただくきます
B7: 5 | C7: データ移行の作業は含まれていません。出光様にてご準備をいただくきます
B10: 作業パターン： | C10: 作業パターン： | D10: クラウドアーキ基盤への移行 | F10: 端数処理のため、I列値を少数2桁目をROUNDUPしている | G10: 提示する場合は値のみ | L10: 作業用 | M10: 計算用 | Q10: レビュー工数 | T10: テスト用
B11: フェーズ | C11: 工程 | D11: タスク | E11: 区分 | F11: 作業詳細 | G11: 工数 | H11: 備考 | I11: 計算 | J11: 計 | K11: レビュー工数+バッファ （×1.2） | L11: 根拠補足 | M11: 機能数 | N11: 環境数 | O11: 生産性(１人当たりの作業時間) | P11: 人月換算 | Q11: レビュー工数係数 | T11: 画面数 | U11: 生産性 | V11: 帳票数 | W11: 生産性 | X11: バッチ数 | Y11: 生産性 | Z11: I/F数 | AA11: 生産性
B12: 要件定義フェーズ | C12: 要件定義 | D12: AP基盤 Oracle WebLogic ⇒ Azure App Service (PaaS) Apache Tomcat | E12: AP基盤 | F12: =ROUNDUP(K12,1) -> 0.5 | G12: =SUM(F12:F16) -> 1.4 | H12: 事前調査対応・ ローカル環境にてWeblogicからTomcatへ変更して検証をした影響調査結果より正式な対応内容を精査する。 ※千葉・徳山でソースは共通 用役管理（千葉） 44機能 用役管理（徳山） 26機能 ※事前調査の数量確定(千葉、徳山)にて、機能一覧の内40%程度のエラーが発生したため、同程度のエラー（28機能）が発生することを想定 １．エラー事項の対応 既知の数量確定で発生したエラーについて同様の対応で問題無いか確認する。 ※数量確定で検知しているエラーについては含めない ※本システムのみ発生する不具合を想定し、調査工数として計上する | I12: =M12*N12*O12/P12 -> 0.35 | J12: 0.35 | K12: =J12*Q12 -> 0.42 | L12: エラー事項の対応 0.35人月 | M12: 28 | N12: 1 | O12: 2 | P12: 160 | Q12: 1.2
C13: 要件定義 | E13: AP基盤 | F13: =ROUNDUP(K13,1) -> 0.5 | H13: ２．ear⇒warファイルへのビルド手順変更 ・build.xmlの定義修正 ３．EJBの対応 ⇒ライブラリ追加、設定値変更 ４．クラウドアーキ環境の情報収集 ・サーバ情報の確認 ※本システムとしても同様対応が必要となるため、数量確定システムの50%工数で見積 | J13: 0.4 | K13: =J13*Q13 -> 0.48 | L13: ear⇒warファイルへのビルド手順変更 0.25人月 EJBの対応 0.05人月 クラウドアーキ環境の情報収集 0.1人月 | Q13: 1.2
C14: 要件定義 | D14: 認証基盤 認証AP：Oracle WebLogic ⇒Azure Entra ID | E14: 認証基盤 | F14: =ROUNDUP(K14,1) -> 0.2 | H14: 事前調査対応・ ローカル環境にて認証用の共通ファイル（com0-lib2_4_0.jar）へ差し替え、ライブラリ内のクラス実行ができることまで確認済み。Azure Entra ID認証について検証をする。 工場系システム ・SSOからリンク呼び出し対応 以下については数量確定で検討するため工数に含めない ・ログインユーザ切り替え方法の検討。 ・SSOからの遷移時にエラーが発生した場合の画面制御 | J14: 0.1 | K14: =J14*Q14 -> 0.12 | L14: SSOからリンク呼び出し対応 0.1人月 | Q14: 1.2
C15: 要件定義 | D15: バッチ基盤 System Walker Operation Manager ⇒A-AUTO | E15: バッチ基盤 | F15: =ROUNDUP(K15,1) -> 0 | H15: 事前調査対応： 実施なし A-AUTO登録する為の情報提供、作業分担とスケジュールの認識合わせ ⇒DP課ご担当者とのA-AUTO移行に伴う課題や担当、スケジュールを確認する ※用役管理はオペマネジョブが存在しないため対象外 | K15: =J15*Q15 -> 0 | Q15: 1.2
C16: 要件定義 | D16: 次工程以降正式見積 | E16: 共通 | F16: =ROUNDUP(K16,1) -> 0.2 | H16: 調査結果資料作成、要件定義一覧作成、承認 開発フェーズ以降の見積書作成 | J16: 0.1 | K16: =J16*Q16 -> 0.12 | L16: 見積書作成（概算見積根拠を精査）：0.1 | Q16: 1.2
B17: 開発フェーズ | C17: 設計 | D17: 移行方式設計 | E17: 共通 | F17: =ROUNDUP(K17,1) -> 0 | G17: =SUM(F17:F19) -> 1.1 | H17: アプリ移行方式設計 その他連携基盤移行設計 移行計画書 テスト計画書（全体、結合、システムテスト） ※縮小共通基盤対応で作成したものを更新 ※数量確定と併せて作成する為対象外とする | K17: =J17*Q17 -> 0 | Q17: 1.2
C18: 設計 | D18: アプリケーション関連 （FW関連） | E18: AP基盤 | F18: =ROUNDUP(K18,1) -> 0 | H18: アプリケーション関連設計書修正 ・共通 ⇒通信要件FW申請書の作成、設定を依頼 (AP基盤、DB基盤、バッチ基盤 × 2環境(検証・本番環境)) ※帳票基盤は利用していないため含めない ※縮小共通基盤対応で作成したものを更新 ※数量確定と併せて作成する為対象外とする | K18: =J18*Q18 -> 0 | P18: 160 | Q18: 1.2
C19: 設計 | D19: アプリケーション関連 （AP基盤、DB基盤、認証基盤関連） | E19: 共通 | F19: =ROUNDUP(K19,1) -> 1.1 | H19: アプリケーション関連設計書修正 ・AP基盤 ⇒AppServise、EntraIDの利用申請（検証環境・本番環境） ⇒エラー発生想定の28機能について画面、機能設計書の修正を想定 テスト仕様書作成 ⇒画面・機能一覧よりチェックシートを作成 以下については数量確定で対応するため工数に含めない ・認証基盤 ⇒認証機能に関する設計書を新規1本作成（工場系システム共通） ・DB基盤 ⇒A-AUTO用ジョブネット一覧、ジョブ構成図の2本修正 ※用役管理はオペマネジョブが存在しないため対象外 | I19: =M19*N19*O19/P19 -> 0.090625 | J19: 0.9 | K19: =J19*Q19 -> 1.08 | L19: AP基盤、認証基盤 0.75人月 ※29本対象。計算式参照 テスト仕様書 0.2人月 | M19: 29 | N19: 1 | O19: 0.5 | P19: 160 | Q19: 1.2
C20: 製造 | D20: アプリケーション構築 | E20: AP基盤 | F20: =ROUNDUP(K20,1) -> 0.5 | G20: =SUM(F20:F23) -> 1.5 | H20: ・修正ファイルに配備、疎通確認（検証）※リグレッションテストまでに準備 ・修正ファイルに配備、疎通確認（本番）※システムテストまでに準備 ※デプロイ手順の修正を含む ※本システムとしてリリース作業は必要になるため、数量確定工数の50%を作業想定工数とする | J20: 0.375 | K20: =J20*Q20 -> 0.45 | L20: 検証 0.25人月 検証 0.125人月 | Q20: 1.2
C21: 製造 | D21: AP基盤 | E21: AP基盤 | F21: =ROUNDUP(K21,1) -> 0.9 | H21: ・プログラム改修、ビルドファイル作成 １．エラー事項の対応 ２．ear⇒warファイルへのビルド手順変更 ３．EJBの対応 ４．IP、ホスト名、DB接続先(必要があれば)の変更 ※本システムとして修正は必要になるため、数量確定工数の50%を作業想定工数とする | J21: 0.7 | K21: =J21*Q21 -> 0.84 | L21: プログラム改修、ビルドファイル作成 0.7人月 内訳 １．エラー事項の対応 0.5人月 ２．ear⇒warファイルへのビルド手順変更 0.15人月 ３．EJBの対応 0.025人月 ４．IP、ホスト名、DB接続先(必要があれば)の変更 0.025人月 | Q21: 1.2
C22: 製造 | D22: 認証基盤 | E22: 認証基盤 | F22: =ROUNDUP(K22,1) -> 0.1 | H22: ・プログラム改修、ビルドファイル作成 ５，com0-lib2_4_0.jarファイル対応 | J22: 0.05 | K22: =J22*Q22 -> 0.06 | L22: プログラム改修、ビルドファイル作成 0.05人月 ５，com0-lib2_4_0.jarファイル対応 0.05人月 | Q22: 1.2
C23: 製造 | D23: バッチ基盤 | E23: バッチ基盤 | F23: 0 | H23: 特になし | K23: =J23*Q23 -> 0 | Q23: 1.2
C24: 結合テスト | D24: 結合テスト | E24: AP基盤 | F24: =ROUNDUP(K24,1) -> 2.9 | G24: =SUM(F24:F24) -> 2.9 | H24: システム内の全画面を確認し、初期画面の描画や正常系の動作に問題がないことを確認。 ・データベースの参照・登録 ・画面遷移 ・ボタン押下 等 機能数（画面＋帳票＋IF）=94 ※IFは疎通確認まで ※テスト工数削減案として、チェックリストによる動作確認までとし、エビデンスは異常が発生したパターンのみ採取する。品質担保としてユーザ様に協力をいただき、ユーザテストにて動作検証を手厚く実施をお願いする（作業工数50%削減を想定） | I24: =(T24*U24+V24*W24+X24*Y24+Z24*AA24)/P24 -> 2.4 | J24: 2.4 | K24: =J24*Q24 -> 2.88 | L24: 94機能 画面：6H 帳票：3H | M24: 94 | N24: 1 | O24: 4.5 | P24: 160 | Q24: 1.2 | S24: 45 | T24: 6 | U24: 49 | V24: 3 | W24: 3 | X24: 15 | Y24: 3 | Z24: 12 | AA24: 3
C25: 結合テスト | D25: 結合テスト | E25: 認証基盤 | F25: =ROUNDUP(K25,1) -> 0.2 | G25: =SUM(F25:F25) -> 0.2 | H25: EntraID認証でログインができることを確認。 ・工場系システム（用役管理） | J25: 0.1 | K25: =J25*Q25 -> 0.12 | L25: 工場系システム：0.1人月 | P25: 160 | Q25: 1.2
B26: 移行フェーズ | C26: システムテスト | D26: システムテスト | E26: バッチ基盤 | F26: =ROUNDUP(K26,1) -> 0 | G26: =SUM(F26:F26) -> 0 | H26: A-AUTO実行テスト DP課ご担当者による手動実行、作業立会い。エラー発生時の調査。 ※スケジュール実行対象ジョブ全量の確認を想定 ※用役管理はオペマネジョブが存在しないため対象外 | K26: =J26*Q26 -> 0 | L26: A-AUTO実行 0.2人月 | P26: 160 | Q26: 1.2
C27: システムテスト | D27: システムテスト 本番切り替えテスト | E27: 共通 | F27: =ROUNDUP(K27,1) -> 1.1 | G27: =SUM(F27:F27) -> 1.1 | H27: 他システムとの連携テスト(本番環境⇔他システム(本番)) SAP、PIMS（ヤード操業千葉・徳山）、オフラス（千葉） 他シスとのテスト調整 ※全確認ではなく代表1本 | J27: 0.9 | K27: =J27*Q27 -> 1.08 | L27: 他システムとの連携テスト 0.9人月 | P27: 160 | Q27: 1.2
C28: ユーザテスト | D28: ユーザテスト | E28: 共通 | F28: =ROUNDUP(K28,1) -> 0.8 | G28: =SUM(F28:F28) -> 0.8 | H28: ユーザテスト支援、問い合わせ対応、不具合指摘修正 ※ユーザテスト仕様書、計画書は含めない | J28: 0.75 | K28: =J28*Q28 -> 0.75 | L28: ユーザテスト支援、問い合わせ対応、不具合指摘修正：0.75 縮小共通基盤から変更なし | Q28: 1
C29: 本番稼働 | D29: アプリ移行 | E29: 共通 | F29: =ROUNDUP(K29,1) -> 1 | G29: =SUM(F29:F30) -> 2 | H29: 移行手順書作成＋出光内の移行方式レビュー支援 移行作業 ※ユーザテスト段階で環境構築は完了済み想定 ※現行環境の停止作業を実施 | J29: 1 | K29: =J29*Q29 -> 1 | L29: アプリ移行：1.0人月 縮小共通基盤から変更なし | Q29: 1
C30: 本番稼働 | D30: 初期流動 | E30: 共通 | F30: =ROUNDUP(K30,1) -> 1 | H30: 月末月初挟む0.5ヶ月×2名 | J30: 1 | K30: =J30*Q30 -> 1 | L30: 初期流動：1.0人月 縮小共通基盤から変更なし | Q30: 1
B31: 管理 | D31: 全体工数（各フェーズ合計） | F31: =ROUNDUP(SUM(G12:G30)*0.15,1) -> 1.7 | G31: =SUM(F31:F33) -> 2.6 | H31: 全体工数＊15%
C32: 管理 | D32: 定例会関連 | E32: 管理 | F32: =ROUNDUP(K32,1) -> 0.4 | H32: 定例会：(準備+実施＋議事録) | I32: =M32*N32*O32/P32 -> 0.375 | J32: =ROUNDUP(I32,1) -> 0.4 | K32: =J32*Q32 -> 0.4 | L32: 定例会：(準備+実施＋議事録)：3H 期間：4回/月・5ヵ月 | M32: 3 | N32: 4 | O32: 5 | P32: 160 | Q32: 1
C33: 管理 | D33: 工程完了レビュー関連 | E33: 管理 | F33: =ROUNDUP(K33,1) -> 0.5 | H33: 各工程完了レビュー：(準備+実施＋議事録)（要件定義～試験、PJ総括） | I33: =M33*N33*O33/P33 -> 0.5 | J33: 0.5 | K33: =J33*Q33 -> 0.5 | L33: 各工程完了レビュー：(準備+実施＋議事録)4H*5回 （要件定義～試験、PJ総括） | M33: 4 | N33: 5 | O33: 4 | P33: 160 | Q33: 1
C34: 合計 | G34: =SUM(G12:G33) -> 13.6 | L34: 縮小共通基盤：11.6人月
D37: 区分別 | E37: 工数 | F37: 管理工数(小数第2で繰り上げ) | G37: 小計 | H37: 調整工数
D38: 共通 | E38: =SUMIF($E$12:E33, D38, $F$12:F33) -> 5.2 | F38: =ROUNDUP(E38*0.15,1) -> 0.8 | G38: =SUM(E38:F38) -> 6
D39: AP基盤 | E39: =SUMIF($E$12:E34, D39, $F$12:F34) -> 5.3 | F39: =ROUNDUP(E39*0.15,1) -> 0.8 | G39: =SUM(E39:F39) -> 6.1
D40: 認証基盤 | E40: =SUMIF($E$12:E35, D40, $F$12:F35) -> 0.5 | F40: =ROUNDUP(E40*0.15,1) -> 0.1 | G40: =SUM(E40:F40) -> 0.6
D41: バッチ基盤 | E41: =SUMIF($E$12:E36, D41, $F$12:F36) -> 0 | F41: =ROUNDUP(E41*0.15,1) -> 0 | G41: =SUM(E41:F41) -> 0
D42: 管理 | F42: =SUMIF($E$12:F37, D42, $F$12:F37)+H42 -> 0.8 | G42: =SUM(E42:F42) -> 0.8 | H42: -0.1
F44: 合計 | G44: =SUM(G38:G42) -> 13.5
D47: 工程別 | E47: 工数 | F47: 管理工数(小数第2で繰り上げ) | G47: 小計 | H47: 調整工数
D48: 要件定義 | E48: =SUMIF($C$12:C43, D48, $F$12:F43) -> 1.4 | F48: =ROUNDUP(E48*0.15,1) -> 0.3 | G48: =SUM(E48:F48) -> 1.7
D49: 設計 | E49: =SUMIF($C$12:C34, D49, $F$12:F34) -> 1.1 | F49: =ROUNDUP(SUM(E49:E51)*0.15,1) -> 0.9 | G49: =SUM(E49:F49) -> 2
D50: 製造 | E50: =SUMIF($C$12:C34, D50, $F$12:F34) -> 1.5 | G50: =SUM(E50:F50) -> 1.5
D51: 結合テスト | E51: =SUMIF($C$12:C34, D51, $F$12:F34) -> 3.1 | G51: =SUM(E51:F51) -> 3.1
D52: システムテスト | E52: =SUMIF($C$12:C35, D52, $F$12:F35) -> 1.1 | F52: =ROUNDUP(SUM(E52:E54)*0.15,1) -> 0.6 | G52: =SUM(E52:F52) -> 1.7
D53: ユーザテスト | E53: =SUMIF($C$12:C36, D53, $F$12:F36) -> 0.8 | G53: =SUM(E53:F53) -> 0.8
D54: 本番稼働 | E54: =SUMIF($C$12:C34, D54, $F$12:F34) -> 2 | G54: =SUM(E54:F54) -> 2
D55: 管理 | F55: =SUMIF($E$12:F50, D55, $F$12:F50)+H55 -> 0.8 | G55: =SUM(E55:F55) -> 0.8 | H55: -0.1
F57: 合計 | G57: =SUM(G48:G55) -> 13.6

Sheet 見積（千葉化学品質管理システム）_明細（社内用）
B2: 前提条件
B3: 1 | C3: クラウドアーキ環境への移行を想定した作業見積をしています
B4: 2 | C4: 事前調査で一部検証をしておりますが、未確認および検討事項があるため、要件定義工程にて調査後に改めて開発フェーズ移行のお見積りをいたします。
B5: 3 | C5: 事前調査にて数量確定システムで検証したところ、エラー発生率が高い結果であったため、全画面のテスト(縮小共通基盤での結合テストと同等)の確認が必要
B6: 4 | C6: インフラ環境の構築作業は含まれていません。出光様にてご準備をいただくきます
B7: 5 | C7: データ移行の作業は含まれていません。出光様にてご準備をいただくきます
B10: 作業パターン： | C10: 作業パターン： | D10: クラウドアーキ基盤への移行 | F10: 端数処理のため、I列値を少数2桁目をROUNDUPしている | G10: 提示する場合は値のみ | L10: 作業用 | M10: 計算用 | Q10: レビュー工数 | T10: テスト用
B11: フェーズ | C11: 工程 | D11: タスク | E11: 区分 | F11: 作業詳細 | G11: 工数 | H11: 備考 | I11: 計算 | J11: 計 | K11: レビュー工数+バッファ （×1.2） | L11: 根拠補足 | M11: 機能数 | N11: 環境数 | O11: 生産性(１人当たりの作業時間) | P11: 人月換算 | Q11: レビュー工数係数 | T11: 画面数 | U11: 生産性 | V11: 帳票数 | W11: 生産性 | X11: バッチ数 | Y11: 生産性 | Z11: I/F数 | AA11: 生産性
B12: 要件定義フェーズ | C12: 要件定義 | D12: AP基盤 Oracle WebLogic ⇒ Azure App Service (PaaS) Apache Tomcat | E12: AP基盤 | F12: =ROUNDUP(K12,1) -> 0.6 | G12: =SUM(F12:F16) -> 1.7 | H12: 事前調査対応： ローカル環境にてWeblogicからTomcatへ変更して検証をした影響調査結果より正式な対応内容を精査する。 千葉化学品質管理 86機能 （物性LANは使用しなくなるため除外） ※事前調査の数量確定(千葉、徳山)にて、機能一覧の内40%程度のエラーが発生したため、同程度のエラー（35機能）が発生することを想定 １．エラー事項の対応 既知の数量確定で発生したエラーについて同様の対応で問題無いか確認する。 ※数量確定で検知しているエラーについては含めない ※本システムのみ発生する不具合を想定し、調査工数として計上する | I12: =M12*N12*O12/P12 -> 0.4375 | J12: 0.44 | K12: =J12*Q12 -> 0.528 | L12: エラー事項の対応 0.35人月 | M12: 35 | N12: 1 | O12: 2 | P12: 160 | Q12: 1.2
C13: 要件定義 | E13: AP基盤 | F13: =ROUNDUP(K13,1) -> 0.5 | H13: ２．ear⇒warファイルへのビルド手順変更 ・build.xmlの定義修正 ３．EJBの対応 ⇒ライブラリ追加、設定値変更 ４．クラウドアーキ環境の情報収集 ・サーバ情報の確認 ※本システムとしても同様対応が必要となるため、数量確定システムの50%工数で見積 | J13: 0.4 | K13: =J13*Q13 -> 0.48 | L13: ear⇒warファイルへのビルド手順変更 0.25人月 EJBの対応 0.05人月 クラウドアーキ環境の情報収集 0.1人月 | Q13: 1.2
C14: 要件定義 | D14: 認証基盤 認証AP：Oracle WebLogic ⇒Azure Entra ID | E14: 認証基盤 | F14: =ROUNDUP(K14,1) -> 0.2 | H14: 事前調査対応： ローカル環境にて認証用の共通ファイル（com0-lib2_4_0.jar）へ差し替え、ライブラリ内のクラス実行ができることまで確認済み。Azure Entra ID認証について検証をする。 工場系システム ・SSOからリンク呼び出し対応 以下については数量確定で検討するため工数に含めない ・ログインユーザ切り替え方法の検討。 ・SSOからの遷移時にエラーが発生した場合の画面制御 | J14: 0.1 | K14: =J14*Q14 -> 0.12 | L14: SSOからリンク呼び出し対応 0.1人月 | Q14: 1.2
C15: 要件定義 | D15: バッチ基盤 System Walker Operation Manager ⇒A-AUTO | E15: バッチ基盤 | F15: =ROUNDUP(K15,1) -> 0.2 | H15: 事前調査対応： 実施なし A-AUTO登録する為の情報提供、作業分担とスケジュールの認識合わせ ⇒DP課ご担当者とのA-AUTO移行に伴う課題や担当、スケジュールを確認する ※オペマネ⇒A-AUTOへのジョブ登録はDP課にて準備いただく ※A-AUTOから起動するスクリプトはDP課にて準備いただく ※実行ユーザ変更がある場合は設定ファイル、設定内容修正作業が追加で必要 | J15: 0.1 | K15: =J15*Q15 -> 0.12 | L15: DP課調整 0.1人月 | Q15: 1.2
C16: 要件定義 | D16: 次工程以降正式見積 | E16: 共通 | F16: =ROUNDUP(K16,1) -> 0.2 | H16: 調査結果資料作成、要件定義一覧作成、承認 開発フェーズ以降の見積書作成 | J16: 0.1 | K16: =J16*Q16 -> 0.12 | L16: 見積書作成（概算見積根拠を精査）：0.1 | Q16: 1.2
B17: 開発フェーズ | C17: 設計 | D17: 移行方式設計 | E17: 共通 | F17: =ROUNDUP(K17,1) -> 0 | G17: =SUM(F17:F19) -> 1.4 | H17: アプリ移行方式設計 その他連携基盤移行設計 移行計画書 テスト計画書（全体、結合、システムテスト） ※縮小共通基盤対応で作成したものを更新 ※数量確定と併せて作成する為対象外とする | K17: =J17*Q17 -> 0 | Q17: 1.2
C18: 設計 | D18: アプリケーション関連 （FW関連） | E18: AP基盤 | F18: =ROUNDUP(K18,1) -> 0 | H18: アプリケーション関連設計書修正 ・共通 ⇒通信要件FW申請書の作成、設定を依頼 (AP基盤、DB基盤、バッチ基盤 × 2環境(検証・本番環境)) ※帳票基盤は利用していないため含めない ※縮小共通基盤対応で作成したものを更新 ※数量確定と併せて作成する為対象外とする | K18: =J18*Q18 -> 0 | P18: 160 | Q18: 1.2
C19: 設計 | D19: アプリケーション関連 （AP基盤、DB基盤、認証基盤関連） | E19: 共通 | F19: =ROUNDUP(K19,1) -> 1.4 | H19: アプリケーション関連設計書修正 ・AP基盤 ⇒AppServise、EntraIDの利用申請（検証環境・本番環境） ⇒エラー発生想定の35機能の画面、機能設計書の修正を想定 ・DB基盤 ⇒A-AUTO用ジョブネット一覧、ジョブ構成図の2本修正 テスト仕様書作成 ⇒画面・機能一覧よりチェックシートを作成 以下については数量確定で対応するため工数に含めない ・認証基盤 ⇒認証機能に関する設計書を新規1本作成（工場系システム） | I19: =M19*N19*O19/P19 -> 0.95 | J19: 1.1 | K19: =J19*Q19 -> 1.32 | L19: AP基盤、認証基盤 1.00人月 ※38本対象。計算式参照 テスト仕様書 0.2人月 | M19: 38 | N19: 1 | O19: 4 | P19: 160 | Q19: 1.2
C20: 製造 | D20: アプリケーション構築 | E20: AP基盤 | F20: =ROUNDUP(K20,1) -> 0.5 | G20: =SUM(F20:F23) -> 1.6 | H20: ・修正ファイルに配備、疎通確認（検証）※リグレッションテストまでに準備 ・修正ファイルに配備、疎通確認（本番）※システムテストまでに準備 ※デプロイ手順の修正を含む ※本システムとしてリリース作業は必要になるため、数量確定工数の50%を作業想定工数とする | J20: 0.375 | K20: =J20*Q20 -> 0.45 | L20: 検証 0.25人月 検証 0.125人月 | Q20: 1.2
C21: 製造 | D21: AP基盤 | E21: AP基盤 | F21: =ROUNDUP(K21,1) -> 0.9 | H21: ・プログラム改修、ビルドファイル作成 １．エラー事項の対応 ２．ear⇒warファイルへのビルド手順変更 ３．EJBの対応 ４．IP、ホスト名、DB接続先(必要があれば)の変更 ※本システムとして修正は必要になるため、数量確定工数の50%を作業想定工数とする | J21: 0.7 | K21: =J21*Q21 -> 0.84 | L21: プログラム改修、ビルドファイル作成 0.7人月 １．エラー事項の対応 0.5人月 ２．ear⇒warファイルへのビルド手順変更 0.15人月 ３．EJBの対応 0.025人月 ４．IP、ホスト名、DB接続先(必要があれば)の変更 0.025人月 | Q21: 1.2
C22: 製造 | D22: 認証基盤 | E22: 認証基盤 | F22: =ROUNDUP(K22,1) -> 0.2 | H22: ・プログラム改修、ビルドファイル作成 ５，com0-lib2_4_0.jarファイル対応 | J22: 0.1 | K22: =J22*Q22 -> 0.12 | L22: プログラム改修、ビルドファイル作成 0.05人月 ５，com0-lib2_4_0.jarファイル対応 0.05人月 | Q22: 1.2
C23: 製造 | D23: バッチ基盤 | E23: バッチ基盤 | F23: 0 | H23: 特になし | K23: =J23*Q23 -> 0 | Q23: 1.2
C24: 結合テスト | D24: 結合テスト | E24: AP基盤 | F24: =ROUNDUP(K24,1) -> 4.5 | G24: =SUM(F24:F24) -> 4.5 | H24: システム内の全画面を確認し、初期画面の描画や正常系の動作に問題がないことを確認。 ・データベースの参照・登録 ・画面遷移 ・ボタン押下 等 機能数（画面＋帳票＋IF）=112 ※IFは疎通確認まで ※テスト工数削減案として、チェックリストによる動作確認までとし、エビデンスは異常が発生したパターンのみ採取する。品質担保としてユーザ様に協力をいただき、ユーザテストにて動作検証を手厚く実施をお願いする（作業工数50%削減を想定） | I24: =(S24*T24+U24*V24+W24*X24+Y24*Z24)/P24 -> 3.68125 | J24: 3.7 | K24: =J24*Q24 -> 4.44 | L24: 112機能 画面：6H 帳票：3H IF:3H | M24: 117 | N24: 1 | O24: 4 | P24: 160 | Q24: 1.2 | S24: 83 | T24: 6 | U24: 25 | V24: 3 | Y24: 4 | Z24: 4
C25: 結合テスト | D25: 結合テスト | E25: バッチ基盤 | F25: =ROUNDUP(K25,1) -> 0.2 | G25: =SUM(F25:F25) -> 0.2 | H25: A-AUTOバスクリプトのテスト 機能数（バッチ）=5 | I25: =(S25*T25+U25*V25+W25*X25+Y25*Z25)/P25 -> 0.09375 | J25: 0.09 | K25: =J25*Q25 -> 0.108 | L25: 結合テスト0.28人月 5機能 バッチ：3H | P25: 160 | Q25: 1.2 | W25: 5 | X25: 3
C26: 結合テスト | D26: 結合テスト | E26: 認証基盤 | F26: =ROUNDUP(K26,1) -> 0.8 | G26: =SUM(F26:F26) -> 0.8 | H26: EntraID認証でログインができることを確認。 ・工場系システム（千葉化学品質管理） | J26: 0.6 | K26: =J26*Q26 -> 0.72 | L26: 工場系システム：0.1人月 | P26: 160 | Q26: 1.2
B27: 移行フェーズ | C27: システムテスト | D27: システムテスト | E27: バッチ基盤 | F27: =ROUNDUP(K27,1) -> 0.3 | G27: =SUM(F27:F27) -> 0.3 | H27: A-AUTO実行テスト DP課ご担当者による手動実行、作業立会い。エラー発生時の調査。 ※スケジュール実行対象ジョブ全量の確認を想定 4ジョブ | J27: 0.2 | K27: =J27*Q27 -> 0.24 | L27: A-AUTO実行 0.2人月 | P27: 160 | Q27: 1.2
C28: システムテスト | D28: システムテスト 本番切り替えテスト | E28: 共通 | F28: =ROUNDUP(K28,1) -> 0.5 | G28: =SUM(F28:F28) -> 0.5 | H28: 他システムとの連携テスト(本番環境⇔他システム(本番)) SAP、PIMS（FTP連携） 他シスとのテスト調整 ※全確認ではなく代表1本 | J28: 0.5 | K28: =J28*Q28 -> 0.5 | L28: 他システムとの連携テスト 0.5人月 縮小共通基盤から変更なし | P28: 160 | Q28: 1
C29: ユーザテスト | D29: ユーザテスト | E29: 共通 | F29: =ROUNDUP(K29,1) -> 0.5 | G29: =SUM(F29:F29) -> 0.5 | H29: ユーザテスト支援、問い合わせ対応、不具合指摘修正 ※ユーザテスト仕様書、計画書は含めない | J29: 0.5 | K29: =J29*Q29 -> 0.5 | L29: ユーザテスト支援、問い合わせ対応、不具合指摘修正：0.5 縮小共通基盤から変更なし | Q29: 1
C30: 本番稼働 | D30: アプリ移行 | E30: 共通 | F30: =ROUNDUP(K30,1) -> 0.3 | G30: =SUM(F30:F31) -> 0.6 | H30: 移行手順書作成＋出光内の移行方式レビュー支援 移行作業 ※ユーザテスト段階で環境構築は完了済み想定 ※オペマネジョブ停止 ※A-AUTOスケジュール実行 ※現行環境の停止作業を実施 | J30: 0.3 | K30: =J30*Q30 -> 0.3 | L30: アプリ移行：0.3人月 縮小共通基盤から変更なし | Q30: 1
C31: 本番稼働 | D31: 初期流動 | E31: 共通 | F31: =ROUNDUP(K31,1) -> 0.3 | H31: 月末月初挟む0.5ヶ月×0.5名 | J31: 0.25 | K31: =J31*Q31 -> 0.25 | L31: 初期流動：0.25人月 縮小共通基盤から変更なし | Q31: 1
B32: 管理 | D32: 全体工数（各フェーズ合計） | F32: =ROUNDUP(SUM(G12:G31)*0.15,1) -> 1.9 | G32: =SUM(F32:F34) -> 2.8 | H32: 全体工数＊15%
C33: 管理 | D33: 定例会関連 | E33: 管理 | F33: =ROUNDUP(K33,1) -> 0.4 | H33: 定例会：(準備+実施＋議事録) | I33: =M33*N33*O33/P33 -> 0.375 | J33: =ROUNDUP(I33,1) -> 0.4 | K33: =J33*Q33 -> 0.4 | L33: 定例会：(準備+実施＋議事録)：3H 期間：4回/月・5ヵ月 | M33: 3 | N33: 4 | O33: 5 | P33: 160 | Q33: 1
C34: 管理 | D34: 工程完了レビュー関連 | E34: 管理 | F34: =ROUNDUP(K34,1) -> 0.5 | H34: 各工程完了レビュー：(準備+実施＋議事録)（要件定義～試験、PJ総括） | I34: =M34*N34*O34/P34 -> 0.5 | J34: 0.5 | K34: =J34*Q34 -> 0.5 | L34: 各工程完了レビュー：(準備+実施＋議事録)4H*5回 （要件定義～試験、PJ総括） | M34: 4 | N34: 5 | O34: 4 | P34: 160 | Q34: 1
C35: 合計 | G35: =SUM(G12:G34) -> 14.9 | L35: 縮小共通基盤：9.5人月
D38: 区分別 | E38: 工数 | F38: 管理工数(小数第2で繰り上げ) | G38: 小計 | H38: 調整工数
D39: 共通 | E39: =SUMIF($E$12:E34, D39, $F$12:F34) -> 3.2 | F39: =ROUNDUP(E39*0.15,1) -> 0.5 | G39: =SUM(E39:F39) -> 3.7
D40: AP基盤 | E40: =SUMIF($E$12:E35, D40, $F$12:F35) -> 7 | F40: =ROUNDUP(E40*0.15,1) -> 1.1 | G40: =SUM(E40:F40) -> 8.1
D41: 認証基盤 | E41: =SUMIF($E$12:E36, D41, $F$12:F36) -> 1.2 | F41: =ROUNDUP(E41*0.15,1) -> 0.2 | G41: =SUM(E41:F41) -> 1.4
D42: バッチ基盤 | E42: =SUMIF($E$12:E37, D42, $F$12:F37) -> 0.7 | F42: =ROUNDUP(E42*0.15,1) -> 0.2 | G42: =SUM(E42:F42) -> 0.9
D43: 管理 | F43: =SUMIF($E$12:F38, D43, $F$12:F38)+H43 -> 0.8 | G43: =SUM(E43:F43) -> 0.8 | H43: -0.1
F45: 合計 | G45: =SUM(G39:G43) -> 14.9
D48: 工程別 | E48: 工数 | F48: 管理工数(小数第2で繰り上げ) | G48: 小計 | H48: 調整工数
D49: 要件定義 | E49: =SUMIF($C$12:C44, D49, $F$12:F44) -> 1.7 | F49: =ROUNDUP(E49*0.15,1) -> 0.3 | G49: =SUM(E49:F49) -> 2
D50: 設計 | E50: =SUMIF($C$12:C35, D50, $F$12:F35) -> 1.4 | F50: =ROUNDUP(SUM(E50:E52)*0.15,1) -> 1.3 | G50: =SUM(E50:F50) -> 2.7
D51: 製造 | E51: =SUMIF($C$12:C35, D51, $F$12:F35) -> 1.6 | G51: =SUM(E51:F51) -> 1.6
D52: 結合テスト | E52: =SUMIF($C$12:C35, D52, $F$12:F35) -> 5.5 | G52: =SUM(E52:F52) -> 5.5
D53: システムテスト | E53: =SUMIF($C$12:C36, D53, $F$12:F36) -> 0.8 | F53: =ROUNDUP(SUM(E53:E55)*0.15,1) -> 0.3 | G53: =SUM(E53:F53) -> 1.1
D54: ユーザテスト | E54: =SUMIF($C$12:C37, D54, $F$12:F37) -> 0.5 | G54: =SUM(E54:F54) -> 0.5
D55: 本番稼働 | E55: =SUMIF($C$12:C35, D55, $F$12:F35) -> 0.6 | G55: =SUM(E55:F55) -> 0.6
D56: 管理 | F56: =SUMIF($E$12:F51, D56, $F$12:F51)+H56 -> 0.8 | G56: =SUM(E56:F56) -> 0.8 | H56: -0.1
F58: 合計 | G58: =SUM(G49:G56) -> 14.8

Sheet 見積（包装管理）_明細（社内用）
B2: 前提条件
B3: 1 | C3: クラウドアーキ環境への移行を想定した作業見積をしています
B4: 2 | C4: 事前調査で一部検証をしておりますが、未確認および検討事項があるため、要件定義工程にて調査後に改めて開発フェーズ移行のお見積りをいたします。
B5: 3 | C5: 事前調査にて数量確定システムで検証したところ、エラー発生率が高い結果であったため、全画面のテスト(縮小共通基盤での結合テストと同等)の確認が必要
B6: 4 | C6: インフラ環境の構築作業は含まれていません。出光様にてご準備をいただくきます
B7: 5 | C7: データ移行の作業は含まれていません。出光様にてご準備をいただくきます
B10: 作業パターン： | C10: 作業パターン： | D10: クラウドアーキ基盤への移行 | F10: 端数処理のため、I列値を少数2桁目をROUNDUPしている | G10: 提示する場合は値のみ | L10: 作業用 | M10: 計算用 | Q10: レビュー工数 | T10: テスト用
B11: フェーズ | C11: 工程 | D11: タスク | E11: 区分 | F11: 作業詳細 | G11: 工数 | H11: 備考 | I11: 計算 | J11: 計 | K11: レビュー工数+バッファ （×1.2） | L11: 根拠補足 | M11: 機能数 | N11: 環境数 | O11: 生産性(１人当たりの作業時間) | P11: 人月換算 | Q11: レビュー工数係数 | T11: 画面数 | U11: 生産性 | V11: 帳票数 | W11: 生産性 | X11: バッチ数 | Y11: 生産性 | Z11: I/F数 | AA11: 生産性
B12: 要件定義フェーズ | C12: 要件定義 | D12: AP基盤 Oracle WebLogic ⇒ Azure App Service (PaaS) Apache Tomcat | E12: AP基盤 | F12: =ROUNDUP(K12,1) -> 0.2 | G12: =SUM(F12:F16) -> 1.3 | H12: 事前調査対応・ ローカル環境にてWeblogicからTomcatへ変更して検証をした影響調査結果より正式な対応内容を精査する。 包装管理 18機能 ※事前調査の数量確定(千葉、徳山)にて、機能一覧の内40%程度のエラーが発生したため、同程度のエラー（8機能）が発生することを想定 １．エラー事項の対応 既知の数量確定で発生したエラーについて同様の対応で問題無いか確認する。 ※数量確定で検知しているエラーについては含めない ※本システムのみ発生する不具合を想定し、調査工数として計上する | I12: =M12*N12*O12/P12 -> 0.1 | J12: 0.1 | K12: =J12*Q12 -> 0.12 | L12: エラー事項の対応 0.35人月 | M12: 8 | N12: 1 | O12: 2 | P12: 160 | Q12: 1.2
C13: 要件定義 | E13: AP基盤 | F13: =ROUNDUP(K13,1) -> 0.5 | H13: ２．ear⇒warファイルへのビルド手順変更 ・build.xmlの定義修正 ３．EJBの対応 ⇒ライブラリ追加、設定値変更 ４．クラウドアーキ環境の情報収集 ・サーバ情報の確認 ※本システムとしても同様対応が必要となるため、数量確定システムの50%工数で見積 | J13: 0.4 | K13: =J13*Q13 -> 0.48 | L13: ear⇒warファイルへのビルド手順変更 0.25人月 EJBの対応 0.05人月 クラウドアーキ環境の情報収集 0.1人月 | Q13: 1.2
C14: 要件定義 | D14: 認証基盤 認証AP：Oracle WebLogic ⇒Azure Entra ID | E14: 認証基盤 | F14: =ROUNDUP(K14,1) -> 0.2 | H14: 事前調査対応・ ローカル環境にて認証用の共通ファイル（com0-lib2_4_0.jar）へ差し替え、ライブラリ内のクラス実行ができることまで確認済み。Azure Entra ID認証について検証をする。 工場系システム ・SSOからリンク呼び出し対応 以下については数量確定で検討するため工数に含めない ・ログインユーザ切り替え方法の検討。 ・SSOからの遷移時にエラーが発生した場合の画面制御 | J14: 0.1 | K14: =J14*Q14 -> 0.12 | L14: SSOからリンク呼び出し対応 0.1人月 | Q14: 1.2
C15: 要件定義 | D15: バッチ基盤 System Walker Operation Manager ⇒A-AUTO | E15: バッチ基盤 | F15: =ROUNDUP(K15,1) -> 0.2 | H15: 事前調査対応： 実施なし A-AUTO登録する為の情報提供、作業分担とスケジュールの認識合わせ ⇒DP課ご担当者とのA-AUTO移行に伴う課題や担当、スケジュールを確認する ※オペマネ⇒A-AUTOへのジョブ登録はDP課にて準備いただく ※A-AUTOから起動するスクリプトはDP課にて準備いただく ※実行ユーザ変更がある場合は設定ファイル、設定内容修正作業が追加で必要 | J15: 0.1 | K15: =J15*Q15 -> 0.12 | L15: DP課調整 0.1人月 | Q15: 1.2
C16: 要件定義 | D16: 次工程以降正式見積 | E16: 共通 | F16: =ROUNDUP(K16,1) -> 0.2 | H16: 調査結果資料作成、要件定義一覧作成、承認 開発フェーズ以降の見積書作成 | J16: 0.1 | K16: =J16*Q16 -> 0.12 | L16: 見積書作成（概算見積根拠を精査）：0.1 | Q16: 1.2
B17: 開発フェーズ | C17: 設計 | D17: 移行方式設計 | E17: 共通 | F17: =ROUNDUP(K17,1) -> 0 | G17: =SUM(F17:F19) -> 0.4 | H17: アプリ移行方式設計 その他連携基盤移行設計 移行計画書 テスト計画書（全体、結合、システムテスト） ※縮小共通基盤対応で作成したものを更新 ※数量確定と併せて作成する為対象外とする | K17: =J17*Q17 -> 0 | Q17: 1.2
C18: 設計 | D18: アプリケーション関連 （FW関連） | E18: AP基盤 | F18: =ROUNDUP(K18,1) -> 0 | H18: アプリケーション関連設計書修正 ・共通 ⇒通信要件FW申請書の作成、設定を依頼 (AP基盤、DB基盤、バッチ基盤 × 2環境(検証・本番環境)) ※帳票基盤は利用していないため含めない ※縮小共通基盤対応で作成したものを更新 ※数量確定と併せて作成する為対象外とする | K18: =J18*Q18 -> 0 | P18: 160 | Q18: 1.2
C19: 設計 | D19: アプリケーション関連 （AP基盤、DB基盤、認証基盤関連） | E19: 共通 | F19: =ROUNDUP(K19,1) -> 0.4 | H19: アプリケーション関連設計書修正 ・AP基盤 ⇒AppServise、EntraIDの利用申請（検証環境・本番環境） ⇒エラー発生想定の8機能の画面、機能設計書の修正を想定 ・DB基盤 ⇒A-AUTO用ジョブネット一覧、ジョブ構成図の2本修正 テスト仕様書作成 ⇒画面・機能一覧よりチェックシートを作成 以下については数量確定で対応するため工数に含めない ・認証基盤 ⇒認証機能に関する設計書を新規1本作成（工場系システム） | I19: =M19*N19*O19/P19 -> 0.275 | J19: 0.28 | K19: =J19*Q19 -> 0.336 | L19: AP基盤、認証基盤 0.25人月 ※11本対象。計算式参照 テスト仕様書 0.2人月 | M19: 11 | N19: 1 | O19: 4 | P19: 160 | Q19: 1.2
C20: 製造 | D20: アプリケーション構築 | E20: AP基盤 | F20: =ROUNDUP(K20,1) -> 0.5 | G20: =SUM(F20:F23) -> 1.6 | H20: ・修正ファイルに配備、疎通確認（検証）※リグレッションテストまでに準備 ・修正ファイルに配備、疎通確認（本番）※システムテストまでに準備 ※デプロイ手順の修正を含む ※本システムとしてリリース作業は必要になるため、数量確定工数の50%を作業想定工数とする | J20: 0.375 | K20: =J20*Q20 -> 0.45 | L20: 検証 0.25人月 検証 0.125人月 | Q20: 1.2
C21: 製造 | D21: AP基盤 | E21: AP基盤 | F21: =ROUNDUP(K21,1) -> 0.9 | H21: ・プログラム改修、ビルドファイル作成 １．エラー事項の対応 ２．ear⇒warファイルへのビルド手順変更 ３．EJBの対応 ４．IP、ホスト名、DB接続先(必要があれば)の変更 ※本システムとして修正は必要になるため、数量確定工数の50%を作業想定工数とする | J21: 0.7 | K21: =J21*Q21 -> 0.84 | L21: プログラム改修、ビルドファイル作成 0.7人月 １．エラー事項の対応 0.5人月 ２．ear⇒warファイルへのビルド手順変更 0.15人月 ３．EJBの対応 0.025人月 ４．IP、ホスト名、DB接続先(必要があれば)の変更 0.025人月 | Q21: 1.2
C22: 製造 | D22: 認証基盤 | E22: 認証基盤 | F22: =ROUNDUP(K22,1) -> 0.2 | H22: ・プログラム改修、ビルドファイル作成 ５，com0-lib2_4_0.jarファイル対応 | J22: 0.1 | K22: =J22*Q22 -> 0.12 | L22: プログラム改修、ビルドファイル作成 0.05人月 ５，com0-lib2_4_0.jarファイル対応 0.05人月 | Q22: 1.2
C23: 製造 | D23: バッチ基盤 | E23: バッチ基盤 | F23: 0 | H23: 特になし | K23: =J23*Q23 -> 0 | Q23: 1.2
C24: 結合テスト | D24: 結合テスト | E24: AP基盤 | F24: =ROUNDUP(K24,1) -> 0.9 | G24: =SUM(F24:F24) -> 0.9 | H24: システム内の全画面を確認し、初期画面の描画や正常系の動作に問題がないことを確認。 ・データベースの参照・登録 ・画面遷移 ・ボタン押下 等 機能数（画面＋帳票＋IF）=20 ※IFは疎通確認まで ※テスト工数削減案として、チェックリストによる動作確認までとし、エビデンスは異常が発生したパターンのみ採取する。品質担保としてユーザ様に協力をいただき、ユーザテストにて動作検証を手厚く実施をお願いする（作業工数50%削減を想定） | I24: =(T24*U24+V24*W24+X24*Y24+Z24*AA24)/P24 -> 0.7125 | J24: 0.73 | K24: =J24*Q24 -> 0.876 | L24: 20機能 画面：6H 帳票：3H IF:3H | M24: 21 | N24: 1 | O24: 6 | P24: 160 | Q24: 1.2 | T24: 17 | U24: 6 | V24: 1 | W24: 3 | Z24: 3 | AA24: 3
C25: 結合テスト | D25: 結合テスト | E25: バッチ基盤 | F25: =ROUNDUP(K25,1) -> 0.1 | G25: =SUM(F25:F25) -> 0.1 | H25: A-AUTOバスクリプトのテスト 機能数（バッチ）=1 | I25: =(T25*U25+V25*W25+X25*Y25+Z25*AA25)/P25 -> 0.01875 | J25: 0.02 | K25: =J25*Q25 -> 0.024 | L25: 結合テスト0.02人月 1機能 バッチ：3H | P25: 160 | Q25: 1.2 | X25: 1 | Y25: 3
C26: 結合テスト | D26: 結合テスト | E26: 認証基盤 | F26: =ROUNDUP(K26,1) -> 0.2 | G26: =SUM(F26:F26) -> 0.2 | H26: EntraID認証でログインができることを確認。 ・工場系システム（包装管理） | J26: 0.1 | K26: =J26*Q26 -> 0.12 | L26: 工場系システム：0.1人月 | P26: 160 | Q26: 1.2
B27: 移行フェーズ | C27: システムテスト | D27: システムテスト | E27: バッチ基盤 | F27: =ROUNDUP(K27,1) -> 0.3 | G27: =SUM(F27:F27) -> 0.3 | H27: A-AUTO実行テスト DP課ご担当者による手動実行、作業立会い。エラー発生時の調査。 ※スケジュール実行対象ジョブ全量の確認を想定 3ジョブ | J27: 0.2 | K27: =J27*Q27 -> 0.24 | L27: A-AUTO実行 0.2人月 | P27: 160 | Q27: 1.2
C28: システムテスト | D28: システムテスト 本番切り替えテスト | E28: 共通 | F28: =ROUNDUP(K28,1) -> 0.5 | G28: =SUM(F28:F28) -> 0.5 | H28: 他システムとの連携テスト(本番環境⇔他システム(本番)) SAP 他シスとのテスト調整 ※全確認ではなく代表1本 | J28: 0.5 | K28: =J28*Q28 -> 0.5 | L28: 他システムとの連携テスト 0.5人月 縮小共通基盤から変更なし | P28: 160 | Q28: 1
C29: ユーザテスト | D29: ユーザテスト | E29: 共通 | F29: =ROUNDUP(K29,1) -> 0.5 | G29: =SUM(F29:F29) -> 0.5 | H29: ユーザテスト支援、問い合わせ対応、不具合指摘修正 ※ユーザテスト仕様書、計画書は含めない | J29: 0.5 | K29: =J29*Q29 -> 0.5 | L29: ユーザテスト支援、問い合わせ対応、不具合指摘修正：0.5 縮小共通基盤から変更なし | Q29: 1
C30: 本番稼働 | D30: アプリ移行 | E30: 共通 | F30: =ROUNDUP(K30,1) -> 0.3 | G30: =SUM(F30:F31) -> 0.6 | H30: 移行手順書作成＋出光内の移行方式レビュー支援 移行作業 ※ユーザテスト段階で環境構築は完了済み想定 ※オペマネジョブ停止 ※A-AUTOスケジュール実行 ※現行環境の停止作業を実施 | J30: 0.3 | K30: =J30*Q30 -> 0.3 | L30: アプリ移行：0.3人月 縮小共通基盤から変更なし | Q30: 1
C31: 本番稼働 | D31: 初期流動 | E31: 共通 | F31: =ROUNDUP(K31,1) -> 0.3 | H31: 月末月初挟む0.5ヶ月×0.5名 | J31: 0.25 | K31: =J31*Q31 -> 0.25 | L31: 初期流動：0.25人月 縮小共通基盤から変更なし | Q31: 1
B32: 管理 | D32: 全体工数（各フェーズ合計） | F32: =ROUNDUP(SUM(G12:G31)*0.15,1) -> 1 | G32: =SUM(F32:F34) -> 1.9 | H32: 全体工数＊15%
C33: 管理 | D33: 定例会関連 | E33: 管理 | F33: =ROUNDUP(K33,1) -> 0.4 | H33: 定例会：(準備+実施＋議事録) | I33: =M33*N33*O33/P33 -> 0.375 | J33: =ROUNDUP(I33,1) -> 0.4 | K33: =J33*Q33 -> 0.4 | L33: 定例会：(準備+実施＋議事録)：3H 期間：4回/月・5ヵ月 | M33: 3 | N33: 4 | O33: 5 | P33: 160 | Q33: 1
C34: 管理 | D34: 工程完了レビュー関連 | E34: 管理 | F34: =ROUNDUP(K34,1) -> 0.5 | H34: 各工程完了レビュー：(準備+実施＋議事録)（要件定義～試験、PJ総括） | I34: =M34*N34*O34/P34 -> 0.5 | J34: 0.5 | K34: =J34*Q34 -> 0.5 | L34: 各工程完了レビュー：(準備+実施＋議事録)4H*5回 （要件定義～試験、PJ総括） | M34: 4 | N34: 5 | O34: 4 | P34: 160 | Q34: 1
C35: 合計 | G35: =SUM(G12:G34) -> 8.3 | L35: 縮小共通基盤：9.5人月
D38: 区分別 | E38: 工数 | F38: 管理工数(小数第2で繰り上げ) | G38: 小計 | H38: 調整工数
D39: 共通 | E39: =SUMIF($E$12:E34, D39, $F$12:F34) -> 2.2 | F39: =ROUNDUP(E39*0.15,1) -> 0.4 | G39: =SUM(E39:F39) -> 2.6
D40: AP基盤 | E40: =SUMIF($E$12:E35, D40, $F$12:F35) -> 3 | F40: =ROUNDUP(E40*0.15,1) -> 0.5 | G40: =SUM(E40:F40) -> 3.5
D41: 認証基盤 | E41: =SUMIF($E$12:E36, D41, $F$12:F36) -> 0.6 | F41: =ROUNDUP(E41*0.15,1) -> 0.1 | G41: =SUM(E41:F41) -> 0.7
D42: バッチ基盤 | E42: =SUMIF($E$12:E37, D42, $F$12:F37) -> 0.6 | F42: =ROUNDUP(E42*0.15,1) -> 0.1 | G42: =SUM(E42:F42) -> 0.7
D43: 管理 | F43: =SUMIF($E$12:F38, D43, $F$12:F38)+H43 -> 0.8 | G43: =SUM(E43:F43) -> 0.8 | H43: -0.1
F45: 合計 | G45: =SUM(G39:G43) -> 8.3
D48: 工程別 | E48: 工数 | F48: 管理工数(小数第2で繰り上げ) | G48: 小計 | H48: 調整工数
D49: 要件定義 | E49: =SUMIF($C$12:C44, D49, $F$12:F44) -> 1.3 | F49: =ROUNDUP(E49*0.15,1) -> 0.2 | G49: =SUM(E49:F49) -> 1.5
D50: 設計 | E50: =SUMIF($C$12:C35, D50, $F$12:F35) -> 0.4 | F50: =ROUNDUP(SUM(E50:E52)*0.15,1) -> 0.5 | G50: =SUM(E50:F50) -> 0.9
D51: 製造 | E51: =SUMIF($C$12:C35, D51, $F$12:F35) -> 1.6 | G51: =SUM(E51:F51) -> 1.6
D52: 結合テスト | E52: =SUMIF($C$12:C35, D52, $F$12:F35) -> 1.2 | G52: =SUM(E52:F52) -> 1.2
D53: システムテスト | E53: =SUMIF($C$12:C36, D53, $F$12:F36) -> 0.8 | F53: =ROUNDUP(SUM(E53:E55)*0.15,1) -> 0.3 | G53: =SUM(E53:F53) -> 1.1
D54: ユーザテスト | E54: =SUMIF($C$12:C37, D54, $F$12:F37) -> 0.5 | G54: =SUM(E54:F54) -> 0.5
D55: 本番稼働 | E55: =SUMIF($C$12:C35, D55, $F$12:F35) -> 0.6 | G55: =SUM(E55:F55) -> 0.6
D56: 管理 | F56: =SUMIF($E$12:F51, D56, $F$12:F51)+H56 -> 0.9 | G56: =SUM(E56:F56) -> 0.9
F58: 合計 | G58: =SUM(G49:G56) -> 8.3

Sheet 見積（工場DB）_明細（社内用）
B2: 前提条件
B3: 1 | C3: クラウドアーキ環境への移行を想定した作業見積をしています
B4: 2 | C4: 事前調査で一部検証をしておりますが、未確認および検討事項があるため、要件定義工程にて調査後に改めて開発フェーズ移行のお見積りをいたします。
B5: 3 | C5: 事前調査にて数量確定システムで検証したところ、エラー発生率が高い結果であったため、全画面のテスト(縮小共通基盤での結合テストと同等)の確認が必要
B6: 4 | C6: インフラ環境の構築作業は含まれていません。出光様にてご準備をいただくきます
B7: 5 | C7: データ移行の作業は含まれていません。出光様にてご準備をいただくきます
B10: 作業パターン： | C10: 作業パターン： | D10: クラウドアーキ基盤への移行 | F10: 端数処理のため、I列値を少数2桁目をROUNDUPしている | G10: 提示する場合は値のみ | L10: 作業用 | M10: 計算用 | Q10: レビュー工数 | T10: テスト用
B11: フェーズ | C11: 工程 | D11: タスク | E11: 区分 | F11: 作業詳細 | G11: 工数 | H11: 備考 | I11: 計算 | J11: 計 | K11: レビュー工数+バッファ （×1.2） | L11: 根拠補足 | M11: 機能数 | N11: 環境数 | O11: 生産性(１人当たりの作業時間) | P11: 人月換算 | Q11: レビュー工数係数 | T11: 画面数 | U11: 生産性 | V11: 帳票数 | W11: 生産性 | X11: バッチ数 | Y11: 生産性 | Z11: I/F数 | AA11: 生産性
B12: 要件定義フェーズ | C12: 要件定義 | D12: AP基盤 Oracle WebLogic ⇒ Azure App Service (PaaS) Apache Tomcat | E12: AP基盤 | F12: =ROUNDUP(K12,1) -> 0 | G12: =SUM(F12:F16) -> 0 | H12: 作業項目なし | K12: =J12*Q12 -> 0 | M12: 8 | N12: 1 | O12: 2 | P12: 160 | Q12: 1.2
C13: 要件定義 | E13: AP基盤 | F13: =ROUNDUP(K13,1) -> 0 | H13: 作業項目なし | K13: =J13*Q13 -> 0 | Q13: 1.2
C14: 要件定義 | D14: 認証基盤 認証AP：Oracle WebLogic ⇒Azure Entra ID | E14: 認証基盤 | F14: =ROUNDUP(K14,1) -> 0 | H14: 作業項目なし | K14: =J14*Q14 -> 0 | Q14: 1.2
C15: 要件定義 | D15: バッチ基盤 System Walker Operation Manager ⇒A-AUTO | E15: バッチ基盤 | F15: =ROUNDUP(K15,1) -> 0 | H15: 作業項目なし | K15: =J15*Q15 -> 0 | Q15: 1.2
C16: 要件定義 | D16: 次工程以降正式見積 | E16: 共通 | F16: =ROUNDUP(K16,1) -> 0 | H16: 作業項目なし | K16: =J16*Q16 -> 0 | Q16: 1.2
B17: 開発フェーズ | C17: 設計 | D17: 移行方式設計 | E17: 共通 | F17: =ROUNDUP(K17,1) -> 0 | G17: =SUM(F17:F19) -> 0 | H17: 作業項目なし | K17: =J17*Q17 -> 0 | Q17: 1.2
C18: 設計 | D18: アプリケーション関連 （FW関連） | E18: AP基盤 | F18: =ROUNDUP(K18,1) -> 0 | H18: 作業項目なし | K18: =J18*Q18 -> 0 | P18: 160 | Q18: 1.2
C19: 設計 | D19: アプリケーション関連 （AP基盤、DB基盤、認証基盤関連） | E19: 共通 | F19: =ROUNDUP(K19,1) -> 0 | H19: 作業項目なし | K19: =J19*Q19 -> 0 | M19: 8 | N19: 1 | O19: 0.5 | P19: 160 | Q19: 1.2
C20: 製造 | D20: アプリケーション構築 | E20: 共通 | F20: =ROUNDUP(K20,1) -> 0 | G20: =SUM(F20:F23) -> 0 | H20: 作業項目なし | K20: =J20*Q20 -> 0 | Q20: 1.2
C21: 製造 | D21: AP基盤 | E21: AP基盤 | F21: =ROUNDUP(K21,1) -> 0 | H21: 作業項目なし | K21: =J21*Q21 -> 0 | Q21: 1.2
C22: 製造 | D22: 認証基盤 | E22: 認証基盤 | F22: =ROUNDUP(K22,1) -> 0 | H22: 作業項目なし | K22: =J22*Q22 -> 0 | Q22: 1.2
C23: 製造 | D23: バッチ基盤 | E23: バッチ基盤 | F23: 0 | H23: 作業項目なし | K23: =J23*Q23 -> 0 | Q23: 1.2
C24: 結合テスト | D24: 結合テスト | E24: AP基盤 | F24: =ROUNDUP(K24,1) -> 0 | G24: =SUM(F24:F24) -> 0 | H24: 作業項目なし | K24: =J24*Q24 -> 0 | M24: 21 | N24: 1 | O24: 6 | P24: 160 | Q24: 1.2 | T24: 17 | U24: 6 | V24: 1 | W24: 3 | X24: 1 | Y24: 3 | Z24: 3 | AA24: 3
C25: 結合テスト | D25: 結合テスト | E25: 認証基盤 | F25: =ROUNDUP(K25,1) -> 0 | G25: =SUM(F25:F25) -> 0 | H25: 作業項目なし | K25: =J25*Q25 -> 0 | P25: 160 | Q25: 1.2
B26: 移行フェーズ | C26: システムテスト | D26: システムテスト | E26: バッチ基盤 | F26: =ROUNDUP(K26,1) -> 0 | G26: =SUM(F26:F26) -> 0 | H26: 作業項目なし | K26: =J26*Q26 -> 0 | P26: 160 | Q26: 1.2
C27: システムテスト | D27: システムテスト 本番切り替えテスト | E27: 共通 | F27: =ROUNDUP(K27,1) -> 0 | G27: =SUM(F27:F27) -> 0 | H27: 作業項目なし | K27: =J27*Q27 -> 0 | L27: 他システムとの連携テスト 0.5人月 縮小共通基盤から変更なし | P27: 160 | Q27: 1
C28: ユーザテスト | D28: ユーザテスト | E28: 共通 | F28: =ROUNDUP(K28,1) -> 0 | G28: =SUM(F28:F28) -> 0 | H28: ユーザテスト支援、問い合わせ対応、不具合指摘修正 ※ユーザテスト仕様書、計画書は含めない | K28: =J28*Q28 -> 0 | L28: ユーザテスト支援、問い合わせ対応、不具合指摘修正：0.5 縮小共通基盤から変更なし | Q28: 1
C29: 本番稼働 | D29: アプリ移行 | E29: 共通 | F29: =ROUNDUP(K29,1) -> 0.1 | G29: =SUM(F29:F30) -> 0.4 | H29: 移行手順書作成＋出光内の移行方式レビュー支援 移行作業 ※ユーザテスト段階で環境構築は完了済み想定 ※オペマネジョブ停止 ※A-AUTOスケジュール実行 ※現行環境の停止作業を実施 | J29: 0.1 | K29: =J29*Q29 -> 0.1 | L29: アプリ移行：0.3人月 縮小共通基盤から変更なし | Q29: 1
C30: 本番稼働 | D30: 初期流動 | E30: 共通 | F30: =ROUNDUP(K30,1) -> 0.3 | H30: 月末月初挟む0.5ヶ月×0.5名 | J30: 0.25 | K30: =J30*Q30 -> 0.25 | L30: 初期流動：0.25人月 縮小共通基盤から変更なし | Q30: 1
B31: 管理 | D31: 全体工数（各フェーズ合計） | F31: =ROUNDUP(SUM(G12:G30)*0.15,1) -> 0.1 | G31: =SUM(F31:F33) -> 0.5 | H31: 全体工数＊15%
C32: 管理 | D32: 定例会関連 | E32: 管理 | F32: =ROUNDUP(K32,1) -> 0.2 | H32: 定例会：(準備+実施＋議事録) | I32: =M32*N32*O32/P32 -> 0.15 | J32: 0.15 | K32: =J32*Q32 -> 0.15 | L32: 定例会：(準備+実施＋議事録)：3H 期間：4回/月・2ヵ月 | M32: 3 | N32: 4 | O32: 2 | P32: 160 | Q32: 1
C33: 管理 | D33: 工程完了レビュー関連 | E33: 管理 | F33: =ROUNDUP(K33,1) -> 0.2 | H33: 各工程完了レビュー：(準備+実施＋議事録)（要件定義～試験、PJ総括） | I33: =M33*N33*O33/P33 -> 0.2 | J33: 0.2 | K33: =J33*Q33 -> 0.2 | L33: 各工程完了レビュー：(準備+実施＋議事録)4H*2回 （リリース手順、PJ総括） | M33: 4 | N33: 2 | O33: 4 | P33: 160 | Q33: 1
C34: 合計 | G34: =SUM(G12:G33) -> 0.9 | L34: 縮小共通基盤：0.9人月 ※移行フェーズ残タスクのみ
D37: 区分別 | E37: 工数 | F37: 管理工数(小数第2で繰り上げ) | G37: 小計 | H37: 調整工数
D38: 共通 | E38: =SUMIF($E$12:E33, D38, $F$12:F33) -> 0.4 | F38: =ROUNDUP(E38*0.15,1) -> 0.1 | G38: =SUM(E38:F38) -> 0.5
D39: AP基盤 | E39: =SUMIF($E$12:E34, D39, $F$12:F34) -> 0 | F39: =ROUNDUP(E39*0.15,1) -> 0 | G39: =SUM(E39:F39) -> 0
D40: 認証基盤 | E40: =SUMIF($E$12:E35, D40, $F$12:F35) -> 0 | F40: =ROUNDUP(E40*0.15,1) -> 0 | G40: =SUM(E40:F40) -> 0
D41: バッチ基盤 | E41: =SUMIF($E$12:E36, D41, $F$12:F36) -> 0 | F41: =ROUNDUP(E41*0.15,1) -> 0 | G41: =SUM(E41:F41) -> 0
D42: 管理 | F42: =SUMIF($E$12:F37, D42, $F$12:F37)+H42 -> 0.4 | G42: =SUM(E42:F42) -> 0.4
F44: 合計 | G44: =SUM(G38:G42) -> 0.9
D47: 工程別 | E47: 工数 | F47: 管理工数(小数第2で繰り上げ) | G47: 小計 | H47: 調整工数
D48: 要件定義 | E48: =SUMIF($C$12:C43, D48, $F$12:F43) -> 0 | F48: =ROUNDUP(E48*0.15,1) -> 0 | G48: =SUM(E48:F48) -> 0
D49: 設計 | E49: =SUMIF($C$12:C34, D49, $F$12:F34) -> 0 | F49: =ROUNDUP(SUM(E49:E51)*0.15,1) -> 0 | G49: =SUM(E49:F49) -> 0
D50: 製造 | E50: =SUMIF($C$12:C34, D50, $F$12:F34) -> 0 | G50: =SUM(E50:F50) -> 0
D51: 結合テスト | E51: =SUMIF($C$12:C34, D51, $F$12:F34) -> 0 | G51: =SUM(E51:F51) -> 0
D52: システムテスト | E52: =SUMIF($C$12:C35, D52, $F$12:F35) -> 0 | F52: =ROUNDUP(SUM(E52:E54)*0.15,1) -> 0.1 | G52: =SUM(E52:F52) -> 0.1
D53: ユーザテスト | E53: =SUMIF($C$12:C36, D53, $F$12:F36) -> 0 | G53: =SUM(E53:F53) -> 0
D54: 本番稼働 | E54: =SUMIF($C$12:C34, D54, $F$12:F34) -> 0.4 | G54: =SUM(E54:F54) -> 0.4
D55: 管理 | F55: =SUMIF($E$12:F50, D55, $F$12:F50)+H55 -> 0.4 | G55: =SUM(E55:F55) -> 0.4
F57: 合計 | G57: =SUM(G48:G55) -> 0.9

Sheet 見積（ヤード操業システム）_明細（社内用）
B2: 前提条件
B3: 1 | C3: クラウドアーキ環境への移行を想定した作業見積をしています
B4: 2 | C4: 事前調査で一部検証をしておりますが、未確認および検討事項があるため、要件定義工程にて調査後に改めて開発フェーズ移行のお見積りをいたします。
B7: 作業パターン： | C7: 作業パターン： | D7: クラウドアーキ基盤への移行 | F7: 端数処理のため、I列値を少数2桁目をROUNDUPしている | G7: 提示する場合は値のみ | L7: 作業用 | M7: 計算用 | Q7: レビュー工数 | T7: テスト用
B8: フェーズ | C8: 工程 | D8: タスク | E8: 区分 | F8: 作業詳細 | G8: 工数 | H8: 備考 | I8: 計算 | J8: 計 | K8: レビュー工数+バッファ （×1.2） | L8: 根拠補足 | M8: 機能数 | N8: 環境数 | O8: 生産性(１人当たりの作業時間) | P8: 人月換算 | Q8: レビュー工数係数 | T8: 画面数 | U8: 生産性 | V8: 帳票数 | W8: 生産性 | X8: バッチ数 | Y8: 生産性 | Z8: I/F数 | AA8: 生産性
C9: 要件定義 | D9: 認証基盤 認証AP：Oracle WebLogic ⇒Azure Entra ID | E9: 認証基盤 | F9: =ROUNDUP(K9,1) -> 0.3 | G9: =SUM(F9:F10) -> 0.5 | H9: 事前調査対応： ローカル環境にて認証用の共通ファイル（com0-lib2_4_0.jar）へ差し替え、ライブラリ内のクラス実行ができることまで確認済み。Azure Entra ID認証について検証をする。 １．ヤード操業システム(千葉・徳山) ・ヤード操業システム（徳山）⇒Poc環境間でのAzure Entra ID認証が正しく動作することを検証する。また、不具合が発生した場合は原因と対応対応方法を調査する ※Https通信に変更に伴う影響調査、申請依頼（サーバ証明書発行、ドメイン申請）、インフラ設定依頼（サーバ側Https対応) | J9: 0.2 | K9: =J9*Q9 -> 0.24 | L9: ヤード操業システム(千葉・徳山) 0.2人月 | Q9: 1.2
C10: 要件定義 | D10: 次工程以降正式見積 | E10: 共通 | F10: =ROUNDUP(K10,1) -> 0.2 | H10: 調査結果資料作成、要件定義一覧作成、承認 開発フェーズ以降の見積書作成 | J10: 0.1 | K10: =J10*Q10 -> 0.12 | L10: 見積書作成（概算見積根拠を精査）：0.1 | Q10: 1.2
B11: 開発フェーズ | C11: 設計 | D11: 移行方式設計 | E11: 共通 | F11: =ROUNDUP(K11,1) -> 0.2 | G11: =SUM(F11:F12) -> 0.4 | H11: アプリ移行方式設計 その他連携基盤移行設計 移行計画書 テスト計画書（全体、結合、システムテスト） ※縮小共通基盤対応で作成したものを更新 | J11: 0.1 | K11: =J11*Q11 -> 0.12 | L11: 設計 0.1人月 ※縮小共通基盤通盛流用 | Q11: 1.2
C12: 設計 | D12: アプリケーション関連 （認証基盤関連） | E12: 共通 | F12: =ROUNDUP(K12,1) -> 0.2 | H12: アプリケーション関連設計書修正 ・認証基盤 ⇒認証機能に関する設計書を新規1本作成（ヤード操業システム） | J12: 0.1 | K12: =J12*Q12 -> 0.12 | M12: 1 | N12: 1 | O12: 1 | P12: 160 | Q12: 1.2
C13: 製造 | D13: アプリケーション構築 | E13: 共通 | F13: =ROUNDUP(K13,1) -> 0 | G13: =SUM(F13:F14) -> 0.7 | H13: ・修正ファイルに配備、疎通確認（検証）※リグレッションテストまでに準備 ・修正ファイルに配備、疎通確認（本番）※システムテストまでに準備 ※デプロイ手順の修正を含む | K13: =J13*Q13 -> 0 | L13: 認証基盤としてはアプリケーション構築作業はなし | Q13: 1.2
C14: 製造 | D14: 認証基盤 | E14: 認証基盤 | F14: =ROUNDUP(K14,1) -> 0.7 | H14: ・プログラム改修、ビルドファイル作成 ５，com0-lib2_4_0.jarファイル対応 ・Https通信による改修 | J14: 0.55 | K14: =J14*Q14 -> 0.66 | L14: ５，com0-lib2_4_0.jarファイル対応 0.05人月 Https通信：0.5人月 | Q14: 1.2
C15: 結合テスト | D15: 結合テスト | E15: 認証基盤 | F15: =ROUNDUP(K15,1) -> 1.4 | G15: =SUM(F15:F15) -> 1.4 | H15: EntraID認証ができることを確認。(検証環境) ・ヤード操業システム(千葉・徳山) Https通信による影響確認（既存通りに使えることをテスト） | J15: 1.1 | K15: =J15*Q15 -> 1.32 | L15: ヤード操業システム(千葉・徳山)：0.1人月 Https通信による影響確認(千葉・徳山)：1.0人月 | P15: 160 | Q15: 1.2
C16: システムテスト | D16: システムテスト 本番切り替えテスト | E16: 共通 | F16: =ROUNDUP(K16,1) -> 0.2 | G16: =SUM(F16:F16) -> 0.2 | H16: EntraID認証ができることを確認。(本番環境) ・ヤード操業システム(千葉・徳山) ※本稼働中のため事前切り替えテストは不可。FWなどの通信設定がされていることを確認する | J16: 0.1 | K16: =J16*Q16 -> 0.12 | L16: ヤード操業システム(千葉・徳山)：0.1人月 | P16: 160 | Q16: 1.2
C17: ユーザテスト | D17: ユーザテスト | E17: 共通 | F17: =ROUNDUP(K17,1) -> 0.1 | G17: =SUM(F17:F17) -> 0.1 | H17: ユーザテスト支援、問い合わせ対応、不具合指摘修正 ※ユーザテスト仕様書、計画書は含めない | J17: 0.1 | K17: =J17*Q17 -> 0.1 | L17: ユーザテスト支援、問い合わせ対応、不具合指摘修正：0.1 | Q17: 1
C18: 本番稼働 | D18: アプリ移行 | E18: 共通 | F18: =ROUNDUP(K18,1) -> 1 | G18: =SUM(F18:F19) -> 1.5 | H18: 移行手順書作成 移行作業 | J18: 1 | K18: =J18*Q18 -> 1 | L18: アプリ移行：1.0人月(千葉・徳山) | Q18: 1
C19: 本番稼働 | D19: 初期流動 | E19: 共通 | F19: =ROUNDUP(K19,1) -> 0.5 | H19: 月末月初挟む0.25ヶ月×2名 | J19: 0.5 | K19: =J19*Q19 -> 0.5 | L19: 初期流動：0.5人月(千葉・徳山) | Q19: 1
B20: 管理 | D20: 全体工数（各フェーズ合計） | F20: =ROUNDUP(SUM(G9:G19)*0.15,1) -> 0.8 | G20: =SUM(F20:F22) -> 0.9 | H20: 全体工数＊15%
C21: 管理 | D21: 定例会関連 | E21: 管理 | F21: =ROUNDUP(K21,1) -> 0 | H21: 定例会：他報告と併せて実施するため対象外 ※AP基盤対応作業に含めるため対象外 ※AP基盤対応を実施しない場合は作業工数として追加が必要 | I21: =M21*N21*O21/P21 -> 0 | J21: =ROUNDUP(I21,1) -> 0 | K21: =J21*Q21 -> 0 | L21: 定例会：(準備+実施＋議事録)：3H 期間：4回/月・5ヵ月 | M21: 0 | N21: 0 | O21: 0 | P21: 160 | Q21: 1
C22: 管理 | D22: 工程完了レビュー関連 | E22: 管理 | F22: =ROUNDUP(K22,1) -> 0.1 | H22: 各工程完了レビュー：(準備+実施＋議事録)（要件定義～試験） | I22: =M22*N22*O22/P22 -> 0.075 | J22: 0.08 | K22: =J22*Q22 -> 0.08 | L22: 各工程完了レビュー：(準備+実施＋議事録)6H*5回 （要件定義～試験） | M22: 3 | N22: 1 | O22: 4 | P22: 160 | Q22: 1
C23: 合計 | G23: =SUM(G9:G22) -> 5.7
D26: 区分別 | E26: 工数 | F26: 管理工数(小数第2で繰り上げ) | G26: 小計 | H26: 調整工数
D27: 共通 | E27: =SUMIF($E$9:E22, D27, $F$9:F22) -> 2.4 | F27: =ROUNDUP(E27*0.15,1) -> 0.4 | G27: =SUM(E27:F27) -> 2.8
D28: AP基盤 | E28: =SUMIF($E$9:E23, D28, $F$9:F23) -> 0 | F28: =ROUNDUP(E28*0.15,1) -> 0 | G28: =SUM(E28:F28) -> 0
D29: 認証基盤 | E29: =SUMIF($E$9:E24, D29, $F$9:F24) -> 2.4 | F29: =ROUNDUP(E29*0.15,1) -> 0.4 | G29: =SUM(E29:F29) -> 2.8
D30: バッチ基盤 | E30: =SUMIF($E$9:E25, D30, $F$9:F25) -> 0 | F30: =ROUNDUP(E30*0.15,1) -> 0 | G30: =SUM(E30:F30) -> 0
D31: 管理 | F31: =SUMIF($E$9:F26, D31, $F$9:G26)+H31 -> 0.1 | G31: =SUM(E31:F31) -> 0.1
F33: 合計 | G33: =SUM(G27:G31) -> 5.7
D36: 工程別 | E36: 工数 | F36: 管理工数(小数第2で繰り上げ) | G36: 小計 | H36: 調整工数
D37: 要件定義 | E37: =SUMIF($C$9:C32, D37, $F$9:F32) -> 0.5 | F37: =ROUNDUP(E37*0.15,1) -> 0.1 | G37: =SUM(E37:F37) -> 0.6
D38: 設計 | E38: =SUMIF($C$9:C23, D38, $F$9:F23) -> 0.4 | F38: =ROUNDUP(SUM(E38:E40)*0.15,1) -> 0.4 | G38: =SUM(E38:F38) -> 0.8
D39: 製造 | E39: =SUMIF($C$9:C23, D39, $F$9:F23) -> 0.7 | G39: =SUM(E39:F39) -> 0.7
D40: 結合テスト | E40: =SUMIF($C$9:C23, D40, $F$9:F23) -> 1.4 | G40: =SUM(E40:F40) -> 1.4
D41: システムテスト | E41: =SUMIF($C$9:C24, D41, $F$9:F24) -> 0.2 | F41: =ROUNDUP(SUM(E41:E43)*0.15,1) -> 0.3 | G41: =SUM(E41:F41) -> 0.5
D42: ユーザテスト | E42: =SUMIF($C$9:C25, D42, $F$9:F25) -> 0.1 | G42: =SUM(E42:F42) -> 0.1
D43: 本番稼働 | E43: =SUMIF($C$9:C23, D43, $F$9:F23) -> 1.5 | G43: =SUM(E43:F43) -> 1.5
D44: 管理 | F44: =SUMIF($E$9:F39, D44, $F$9:G39)+H44 -> 0.1 | G44: =SUM(E44:F44) -> 0.1
F46: 合計 | G46: =SUM(G37:G44) -> 5.7
